,wassertemp_q0.01,wassertemp_q0.05,wassertemp_q0.25,wassertemp_q0.5,wassertemp_q0.75,wassertemp_q0.95,wassertemp_q0.99,airtemp_96_q0.01,airtemp_96_q0.05,airtemp_96_q0.25,airtemp_96_q0.5,airtemp_96_q0.75,airtemp_96_q0.95,airtemp_96_q0.99,pressure_96_q0.01,pressure_96_q0.05,pressure_96_q0.25,pressure_96_q0.5,pressure_96_q0.75,pressure_96_q0.95,pressure_96_q0.99
2026-05-02 14:00:00+00:00,12.617169,12.901873,13.191977,13.361567,13.5311575,13.821261,14.105965,13.215866,14.706376,16.345589,17.343805,18.342022,19.981236,21.471746,1004.28253,1005.5253,1006.8796,1007.70026,1008.521,1009.87524,1011.11804
2026-05-02 15:00:00+00:00,12.588074,12.939785,13.289608,13.491441,13.6932745,14.043097,14.394808,12.249165,14.176954,16.149559,17.305338,18.461117,20.43372,22.361511,1003.4573,1005.04376,1006.7084,1007.6969,1008.6854,1010.35,1011.9365
2026-05-02 16:00:00+00:00,12.475806,12.893366,13.312747,13.556,13.799253,14.218635,14.636194,10.997343,13.274285,15.562494,16.890139,18.217785,20.505993,22.782936,1002.351,1004.42975,1006.571,1007.83,1009.08905,1011.2303,1013.309
2026-05-02 17:00:00+00:00,12.450976,12.874079,13.312744,13.571594,13.830444,14.26911,14.692212,9.793688,12.073239,14.478256,15.910789,17.34332,19.748337,22.027891,1001.5298,1004.0374,1006.62085,1008.1401,1009.6593,1012.24274,1014.75037
2026-05-02 18:00:00+00:00,12.343021,12.797811,13.278378,13.564862,13.851347,14.331913,14.786703,8.482151,10.776793,13.323297,14.881451,16.439606,18.986109,21.280754,1000.67365,1003.6873,1006.7847,1008.60394,1010.4231,1013.52057,1016.53424
2026-05-02 19:00:00+00:00,12.267114,12.729349,13.226234,13.525174,13.824114,14.320999,14.783235,7.2300663,9.501731,12.084602,13.685305,15.286007,17.868877,20.140545,1000.3692,1003.6972,1007.11725,1009.1258,1011.1343,1014.5543,1017.8823
2026-05-02 20:00:00+00:00,12.181534,12.637746,13.138162,13.442473,13.746786,14.247201,14.703414,6.349172,8.561996,11.125688,12.730201,14.334713,16.898405,19.11123,999.99524,1003.66095,1007.45447,1009.69073,1011.927,1015.7205,1019.3863
2026-05-02 21:00:00+00:00,12.01765,12.488958,13.0144615,13.336805,13.659149,14.184652,14.655962,5.8004704,7.937553,10.427323,11.990101,13.552878,16.042648,18.179731,999.6749,1003.6574,1007.76434,1010.1808,1012.5973,1016.7042,1020.6867
2026-05-02 22:00:00+00:00,11.851569,12.333995,12.872702,13.203406,13.534111,14.072819,14.555244,4.7753,7.044429,9.666086,11.304506,12.942925,15.564582,17.833712,999.6638,1003.81635,1008.1,1010.6208,1013.1416,1017.42523,1021.57776
2026-05-02 23:00:00+00:00,11.66062,12.160634,12.723856,13.071195,13.418533,13.981754,14.481769,3.93779,6.2988997,8.978403,10.637344,12.296287,14.975789,17.336903,999.479,1003.8308,1008.3378,1010.99585,1013.6538,1018.1608,1022.51263
2026-05-03 00:00:00+00:00,11.525355,12.010783,12.562567,12.90448,13.246393,13.798177,14.283606,3.0322552,5.5158195,8.282111,9.97803,11.673948,14.440241,16.923805,999.22723,1003.7827,1008.5143,1011.3091,1014.1039,1018.8355,1023.391
2026-05-03 01:00:00+00:00,11.363401,11.844969,12.394016,12.734774,13.075531,13.624578,14.106146,2.0494585,4.6534815,7.518193,9.262981,11.00777,13.872481,16.476505,999.1652,1003.83905,1008.71484,1011.6015,1014.4882,1019.364,1024.0378
2026-05-03 02:00:00+00:00,11.20627,11.688966,12.243839,12.589695,12.935551,13.490424,13.973119,1.5607538,4.252035,7.1753697,8.943908,10.712446,13.63578,16.327065,999.06726,1003.82983,1008.819,1011.7794,1014.7399,1019.72906,1024.4916
2026-05-03 03:00:00+00:00,11.09553,11.578836,12.132035,12.476075,12.820115,13.373314,13.856621,1.0514879,3.8390045,6.851608,8.669258,10.486909,13.499512,16.287031,998.89404,1003.81934,1009.0142,1012.10803,1015.2019,1020.3968,1025.322
2026-05-03 04:00:00+00:00,11.042259,11.53167,12.089364,12.435391,12.781419,13.339114,13.828524,1.2302771,4.002863,7.0091686,8.826186,10.643204,13.649509,16.422096,998.67413,1003.7552,1009.1415,1012.358,1015.57446,1020.9607,1026.0419
2026-05-03 05:00:00+00:00,11.068531,11.550536,12.098715,12.438488,12.778261,13.326441,13.808446,1.440403,4.283064,7.391747,9.279165,11.166585,14.275268,17.117931,998.7025,1003.87823,1009.3706,1012.6522,1015.9339,1021.4263,1026.6019
2026-05-03 06:00:00+00:00,11.101268,11.599242,12.16199,12.509631,12.857272,13.420021,13.917995,2.0599337,4.928955,8.129732,10.093689,12.057646,15.258422,18.127445,998.37885,1003.7123,1009.40533,1012.81757,1016.2298,1021.92285,1027.2563
2026-05-03 07:00:00+00:00,11.225959,11.722529,12.28227,12.627591,12.972913,13.532654,14.029224,2.660016,5.724555,9.203646,11.358053,13.512461,16.99155,20.056091,997.75336,1003.34467,1009.2833,1012.8334,1016.3834,1022.3221,1027.9133
2026-05-03 08:00:00+00:00,11.38698,11.891513,12.454162,12.799321,13.144482,13.7071295,14.211663,3.644741,6.851377,10.55002,12.859495,15.168972,18.867615,22.074253,997.06995,1002.8798,1009.06714,1012.77106,1016.475,1022.66223,1028.4722
2026-05-03 09:00:00+00:00,11.546576,12.068463,12.647593,13.001936,13.35628,13.935409,14.457297,4.525939,7.900662,11.880513,14.394466,16.90842,20.888271,24.262997,996.6342,1002.564,1008.8821,1012.6653,1016.4484,1022.7665,1028.6963
2026-05-03 10:00:00+00:00,11.759107,12.276804,12.851021,13.202275,13.55353,14.127747,14.645444,5.230838,8.762436,12.988574,15.678386,18.368198,22.594334,26.125935,995.6841,1001.83795,1008.4244,1012.3777,1016.331,1022.91736,1029.0713
2026-05-03 11:00:00+00:00,11.954864,12.475547,13.055935,13.411891,13.767847,14.348236,14.868919,5.6406536,9.387471,13.929588,16.839918,19.750248,24.292366,28.039183,994.89716,1001.2319,1008.00836,1012.0747,1016.14105,1022.91754,1029.2523
2026-05-03 12:00:00+00:00,12.080289,12.619883,13.221067,13.589686,13.958305,14.559489,15.099083,5.9498363,9.8588915,14.625932,17.689743,20.753551,25.520592,29.429651,994.3352,1000.7605,1007.6805,1011.8479,1016.01526,1022.93524,1029.3606
2026-05-03 13:00:00+00:00,12.191274,12.757892,13.387164,13.772352,14.15754,14.786813,15.353431,6.0000014,10.049115,15.00982,18.205683,21.401546,26.36225,30.411367,993.7233,1000.23444,1007.26624,1011.5072,1015.74817,1022.77997,1029.291
2026-05-03 14:00:00+00:00,12.306648,12.881168,13.528205,13.927196,14.326187,14.973223,15.547744,6.04731,10.137354,15.149742,18.37941,21.60908,26.621468,30.711517,993.3266,999.94415,1007.08484,1011.3896,1015.69434,1022.835,1029.4525
2026-05-03 15:00:00+00:00,12.438981,13.008534,13.655652,14.056545,14.4574375,15.104555,15.6741085,5.6789794,9.80204,14.866354,18.133295,21.400236,26.464548,30.58761,993.188,999.85785,1007.0802,1011.44226,1015.8043,1023.0267,1029.6965
2026-05-03 16:00:00+00:00,12.479542,13.055563,13.715583,14.126282,14.536982,15.1970005,15.773024,5.3342047,9.396288,14.374111,17.581417,20.788723,25.766544,29.828629,992.92834,999.72284,1007.0609,1011.48676,1015.91254,1023.2506,1030.0452
2026-05-03 17:00:00+00:00,12.502188,13.090091,13.771045,14.19717,14.623295,15.304249,15.892153,4.992552,8.845936,13.546639,16.568327,19.590015,24.290718,28.144104,993.07684,999.88684,1007.29565,1011.78156,1016.2674,1023.6763,1030.4862
2026-05-03 18:00:00+00:00,12.48452,13.077737,13.770549,14.205969,14.641388,15.3342,15.927417,4.378628,8.069834,12.517087,15.35759,18.198093,22.645346,26.336552,993.5011,1000.3374,1007.7419,1012.2145,1016.68713,1024.0916,1030.9279
2026-05-03 19:00:00+00:00,12.454348,13.0588875,13.767575,14.2138405,14.660106,15.3687935,15.973333,3.8306332,7.355407,11.576478,14.264088,16.951696,21.172766,24.697546,993.84644,1000.72876,1008.17896,1012.678,1017.17694,1024.6272,1031.5095
2026-05-03 20:00:00+00:00,12.416909,13.011714,13.710607,14.151236,14.591865,15.290757,15.885563,3.2471905,6.6311765,10.660925,13.219261,15.777597,19.807346,23.191334,994.16125,1001.08594,1008.5611,1013.0684,1017.5758,1025.0509,1031.9757
2026-05-03 21:00:00+00:00,12.294148,12.898537,13.612202,14.063298,14.514395,15.22806,15.832449,2.6677704,6.046243,9.973246,12.435198,14.897151,18.824154,22.20263,994.44275,1001.4783,1009.0186,1013.5479,1018.07715,1025.6176,1032.6531
2026-05-03 22:00:00+00:00,12.226425,12.824635,13.5278635,13.971336,14.414808,15.118037,15.716248,2.2552261,5.5488577,9.360041,11.743774,14.127507,17.93869,21.232327,994.8264,1001.8718,1009.419,1013.95123,1018.4834,1026.0306,1033.076
2026-05-03 23:00:00+00:00,12.166273,12.751467,13.442488,13.879279,14.316071,15.0070915,15.592285,1.5593815,4.853607,8.629269,10.979033,13.328798,17.10446,20.398685,994.7599,1002.0153,1009.6964,1014.28,1018.86365,1026.5448,1033.8003
2026-05-04 00:00:00+00:00,12.023694,12.615801,13.310471,13.748092,14.185713,14.880383,15.472488,1.0107422,4.295458,8.027579,10.339676,12.651773,16.383894,19.668613,994.9508,1002.27313,1009.94946,1014.5063,1019.06305,1026.7394,1034.0618
2026-05-04 01:00:00+00:00,11.903588,12.477645,13.151047,13.575242,13.999436,14.672839,15.246895,0.56568813,3.8109732,7.4761596,9.739618,12.0030775,15.668264,18.913551,995.42426,1002.6709,1010.26715,1014.7762,1019.28516,1026.8815,1034.1282
2026-05-04 02:00:00+00:00,11.82107,12.375871,13.026955,13.437179,13.847403,14.498486,15.0532875,0.32546997,3.526865,7.1454244,9.381046,11.616667,15.235227,18.436623,995.52405,1002.8691,1010.51025,1015.02747,1019.5447,1027.1858,1034.5309
2026-05-04 03:00:00+00:00,11.6982,12.25723,12.909883,13.319987,13.730091,14.382745,14.941774,-0.039090157,3.305459,7.0475216,9.347095,11.6466675,15.388729,18.733282,995.5393,1002.98175,1010.67126,1015.2003,1019.7293,1027.4188,1034.8613
2026-05-04 04:00:00+00:00,11.610387,12.178804,12.840518,13.255695,13.670873,14.332586,14.901004,-0.1491108,3.2853956,7.1386814,9.510035,11.881387,15.7346735,19.169182,995.8701,1003.3237,1010.9817,1015.47845,1019.9753,1027.6332,1035.0868
2026-05-04 05:00:00+00:00,11.557588,12.139738,12.812816,13.233619,13.654421,14.327499,14.909651,-0.060426712,3.4549437,7.4563746,9.937666,12.418958,16.420387,19.93576,995.84296,1003.3857,1011.0848,1015.5898,1020.0948,1027.7938,1035.3365
2026-05-04 06:00:00+00:00,11.608417,12.182316,12.842017,13.253209,13.664402,14.324102,14.898003,0.31967163,3.960805,8.163547,10.788745,13.413942,17.616684,21.257816,995.57367,1003.3081,1011.12024,1015.6654,1020.2106,1028.0227,1035.7571
2026-05-04 07:00:00+00:00,11.676526,12.253064,12.913113,13.3236475,13.734182,14.394231,14.97077,0.9254465,4.727722,9.191973,12.005427,14.818882,19.283134,23.085411,995.7087,1003.346,1011.0852,1015.59595,1020.1066,1027.8458,1035.4832
2026-05-04 08:00:00+00:00,11.792179,12.373002,13.038218,13.452049,13.865882,14.531097,15.111921,1.5969009,5.60033,10.378597,13.415716,16.452835,21.231102,25.234531,995.4937,1003.146,1010.9129,1015.44366,1019.9745,1027.7413,1035.3937
2026-05-04 09:00:00+00:00,11.925748,12.507068,13.176727,13.594592,14.012457,14.682116,15.263436,2.2219896,6.461339,11.597532,14.887514,18.177498,23.31369,27.553045,994.9988,1002.7298,1010.5848,1015.16956,1019.7544,1027.6094,1035.3405
2026-05-04 10:00:00+00:00,12.120646,12.698267,13.36162,13.774883,14.188148,14.8515005,15.429122,2.7017841,7.1561694,12.606373,16.115265,19.624157,25.07436,29.528751,994.54144,1002.3754,1010.2533,1014.82574,1019.3982,1027.2761,1035.1101
2026-05-04 11:00:00+00:00,12.254749,12.838371,13.513407,13.935516,14.357626,15.032661,15.616283,2.9385672,7.644959,13.426236,17.155836,20.885437,26.666712,31.373108,994.0225,1001.85614,1009.7933,1014.419,1019.0448,1026.9819,1034.8156
2026-05-04 12:00:00+00:00,12.37814,12.979046,13.672655,14.105919,14.539182,15.232792,15.833698,3.1633148,8.027777,14.052732,17.95604,21.859348,27.8843,32.748768,993.53754,1001.3373,1009.30225,1013.9639,1018.6256,1026.5906,1034.3904
2026-05-04 13:00:00+00:00,12.501101,13.103942,13.799494,14.233874,14.668255,15.363806,15.966648,3.4935732,8.424806,14.564475,18.552763,22.54105,28.68072,33.611954,992.6834,1000.6805,1008.80145,1013.54004,1018.2787,1026.3995,1034.3967
2026-05-04 14:00:00+00:00,12.518873,13.150152,13.880751,14.337748,14.794745,15.525343,16.156624,3.372796,8.346876,14.577148,18.63673,22.696312,28.92658,33.900665,992.3317,1000.41486,1008.58154,1013.33374,1018.08594,1026.2526,1034.3357
2026-05-04 15:00:00+00:00,12.591202,13.218579,13.94907,14.407444,14.865819,15.59631,16.223686,3.3157005,8.256867,14.43031,18.44767,22.465027,28.63847,33.579643,992.1039,1000.08997,1008.28186,1013.088,1017.89417,1026.086,1034.0723
2026-05-04 16:00:00+00:00,12.634335,13.272198,14.012654,14.476549,14.940445,15.680901,16.318764,2.9691668,7.829765,13.893626,17.836718,21.779812,27.843672,32.704273,992.3478,1000.23035,1008.3661,1013.1553,1017.94446,1026.0802,1033.9628
2026-05-04 17:00:00+00:00,12.634458,13.278134,14.028469,14.49958,14.970691,15.721025,16.364702,2.5891857,7.2499413,13.057314,16.831238,20.605162,26.412533,31.073296,991.9746,1000.0957,1008.4371,1013.3345,1018.2319,1026.5734,1034.6943
2026-05-04 18:00:00+00:00,12.604766,13.254978,14.011526,14.486081,14.960635,15.717184,16.367395,2.5141048,6.867181,12.262301,15.7587385,19.255175,24.650295,29.003376,992.1093,1000.3788,1008.7266,1013.582,1018.4373,1026.7852,1035.0547
2026-05-04 19:00:00+00:00,12.52829,13.189939,13.96332,14.449588,14.935856,15.709237,16.370888,1.9945812,6.1220865,11.205,14.488297,17.771595,22.854507,26.982014,992.2805,1000.52747,1008.96704,1013.91223,1018.85736,1027.297,1035.544
2026-05-04 20:00:00+00:00,12.441631,13.106801,13.885809,14.37611,14.866411,15.645418,16.310589,1.6623821,5.615502,10.422781,13.507992,16.593203,21.400482,25.353605,992.19385,1000.69305,1009.3062,1014.3265,1019.3467,1027.9598,1036.459
2026-05-04 21:00:00+00:00,12.312234,12.9817095,13.763292,14.254408,14.7455225,15.527105,16.19658,1.2916756,5.0916176,9.718739,12.690357,15.661976,20.289097,24.08904,992.3531,1000.9157,1009.5636,1014.5947,1019.62585,1028.2737,1036.8363
2026-05-04 22:00:00+00:00,12.232918,12.894763,13.670818,14.159569,14.648319,15.424375,16.086222,0.9042902,4.612418,9.093122,11.959314,14.825506,19.30621,23.014341,992.64075,1001.23145,1009.90125,1014.9431,1019.985,1028.6548,1037.2455
2026-05-04 23:00:00+00:00,12.147305,12.79696,13.557043,14.035186,14.513328,15.273411,15.923066,0.8125744,4.3590717,8.621297,11.340107,14.058918,18.321142,21.867641,992.87286,1001.4605,1010.11926,1015.1522,1020.1852,1028.844,1037.4316
2026-05-05 00:00:00+00:00,12.010426,12.644345,13.386176,13.85289,14.319604,15.061436,15.695354,0.17742062,3.6949444,7.90911,10.592905,13.276699,17.490864,21.008389,992.9207,1001.6711,1010.4028,1015.4495,1020.4962,1029.2279,1037.9783
2026-05-05 01:00:00+00:00,11.849915,12.485796,13.222871,13.684296,14.1457205,14.882795,15.518678,-0.22734356,3.258112,7.3982506,10.023239,12.648229,16.788368,20.273829,993.0869,1001.7757,1010.5193,1015.5962,1020.67303,1029.4166,1038.1055
2026-05-05 02:00:00+00:00,11.724387,12.349845,13.074201,13.527455,13.98071,14.705065,15.330524,-0.60181713,2.9003954,7.029806,9.637971,12.246135,16.375544,19.877762,992.9129,1001.6968,1010.51105,1015.62103,1020.7311,1029.5453,1038.3292
2026-05-05 03:00:00+00:00,11.54537,12.182335,12.914301,13.37046,13.826618,14.558583,15.195549,-0.9296999,2.6482525,6.8343725,9.467715,12.101057,16.287176,19.865131,993.5809,1002.2158,1010.8546,1015.8546,1020.8547,1029.4934,1038.1284
2026-05-05 04:00:00+00:00,11.457621,12.088223,12.811348,13.261498,13.711649,14.434774,15.065377,-1.1554384,2.5041752,6.8186607,9.543553,12.268446,16.582932,20.242546,993.7007,1002.3039,1010.9651,1015.9953,1021.02545,1029.6866,1038.2898
2026-05-05 05:00:00+00:00,11.395233,12.031831,12.757806,13.208425,13.659044,14.385018,15.021616,-1.2604208,2.5989227,7.147601,10.019978,12.892355,17.441032,21.30038,994.08105,1002.5981,1011.1504,1016.11035,1021.0704,1029.6227,1038.1396
2026-05-05 06:00:00+00:00,11.391717,12.027025,12.748186,13.194733,13.641279,14.36244,14.997748,-1.0396261,3.0458002,7.896606,10.971521,14.046437,18.897242,22.982676,994.171,1002.53796,1011.11475,1016.14484,1021.175,1029.7517,1038.1187
2026-05-05 07:00:00+00:00,11.396407,12.046997,12.78249,13.236934,13.691378,14.42687,15.07746,-0.74293995,3.6220484,8.8596,12.197805,15.536012,20.773563,25.138552,993.9958,1002.35706,1010.9522,1016.00073,1021.0493,1029.6444,1038.0057
2026-05-05 08:00:00+00:00,11.465864,12.121193,12.861127,13.318018,13.774908,14.514843,15.170172,-0.16222095,4.4717445,10.093772,13.697512,17.301252,22.923279,27.557243,993.71094,1002.20355,1010.8029,1015.81287,1020.82275,1029.4221,1037.9148
2026-05-05 09:00:00+00:00,11.556255,12.218211,12.965997,13.4278555,13.889714,14.637499,15.299456,0.4438219,5.366193,11.370909,15.230837,19.090765,25.095482,30.01785,993.1598,1001.6583,1010.3257,1015.39496,1020.46423,1029.1316,1037.6301
2026-05-05 10:00:00+00:00,11.681803,12.35048,13.104271,13.569324,14.034377,14.788168,15.456846,1.0744629,6.1778464,12.465884,16.528751,20.591618,26.879658,31.98304,992.6375,1001.15607,1009.8973,1015.0267,1020.1561,1028.8973,1037.4159
2026-05-05 11:00:00+00:00,11.853127,12.517174,13.26614,13.728344,14.19055,14.939516,15.603562,1.3722544,6.789717,13.472129,17.792253,22.112377,28.794786,34.212257,991.95935,1000.642,1009.4546,1014.59534,1019.7361,1028.5487,1037.2313
2026-05-05 12:00:00+00:00,11.93686,12.613847,13.378937,13.851587,14.324238,15.089327,15.7663145,1.9016666,7.3659925,14.194517,18.638672,23.082825,29.911348,35.37568,991.5304,1000.21954,1009.0438,1014.19305,1019.34235,1028.1666,1036.8557
2026-05-05 13:00:00+00:00,11.974768,12.671711,13.459429,13.946082,14.432735,15.220452,15.917397,2.160285,7.703962,14.615346,19.108002,23.600658,30.51204,36.055717,991.0377,999.74615,1008.6235,1013.8143,1019.005,1027.8823,1036.5908
2026-05-05 14:00:00+00:00,12.105833,12.791057,13.571341,14.055297,14.539253,15.319537,16.00476,2.3463411,7.8600144,14.7571945,19.248348,23.739502,30.63668,36.15036,990.8058,999.45807,1008.3275,1013.52936,1018.73114,1027.6006,1036.2529
2026-05-05 15:00:00+00:00,12.129065,12.821622,13.612342,14.10345,14.594559,15.385279,16.077835,2.3679075,7.8205967,14.632211,19.06456,23.496908,30.308523,35.76122,990.31244,999.1806,1008.18494,1013.4387,1018.6925,1027.6969,1036.5651
2026-05-05 16:00:00+00:00,12.159942,12.855169,13.649004,14.142068,14.635133,15.4289665,16.124195,1.9810343,7.368057,14.068835,18.419502,22.77017,29.470947,34.857975,990.272,999.1996,1008.2265,1013.4815,1018.7365,1027.7634,1036.691
2026-05-05 17:00:00+00:00,12.1717205,12.866941,13.658855,14.150105,14.6413555,15.4332695,16.12849,1.6090517,6.8214493,13.271331,17.44793,21.624527,28.074404,33.286804,990.2314,999.13293,1008.22687,1013.55054,1018.87427,1027.9681,1036.8698
2026-05-05 18:00:00+00:00,12.132187,12.832871,13.636983,14.137753,14.638521,15.442632,16.143318,1.1903839,6.1475,12.264206,16.21931,20.174417,26.291122,31.248243,990.4048,999.42914,1008.5702,1013.8967,1019.22327,1028.3643,1037.3887
2026-05-05 19:00:00+00:00,12.023104,12.737407,13.55382,14.061168,14.568516,15.384929,16.099232,0.7950239,5.51038,11.295943,15.026071,18.756199,24.541761,29.257124,990.7976,999.7226,1008.8687,1014.232,1019.5952,1028.7413,1037.6664
2026-05-05 20:00:00+00:00,11.942394,12.662496,13.486191,13.998278,14.510365,15.334059,16.054161,0.34863663,4.856971,10.366213,13.910821,17.45543,22.96467,27.473003,991.0361,1000.00604,1009.22424,1014.63794,1020.05164,1029.2699,1038.2399
2026-05-05 21:00:00+00:00,11.78118,12.523237,13.368032,13.891933,14.415834,15.26063,16.002686,-0.10193539,4.3297243,9.6846075,13.109955,16.535301,21.890186,26.321846,991.12585,1000.2378,1009.4972,1014.9021,1020.30707,1029.5664,1038.6783
2026-05-05 22:00:00+00:00,11.61899,12.3764105,13.2317095,13.759865,14.28802,15.143318,15.90074,-0.48067188,3.7941837,8.962128,12.26873,15.575333,20.743279,25.018135,991.4928,1000.5073,1009.8094,1015.2844,1020.7595,1030.0615,1039.076
2026-05-05 23:00:00+00:00,11.515023,12.252911,13.086374,13.601118,14.115863,14.949326,15.687214,-0.75873184,3.4224043,8.405614,11.570654,14.735694,19.718903,23.90004,991.3859,1000.6819,1010.0757,1015.5425,1021.0093,1030.4031,1039.699
2026-05-06 00:00:00+00:00,11.381272,12.104349,12.913602,13.41098,13.908358,14.717611,15.440687,-1.1599627,2.95642,7.820951,10.897025,13.973099,18.83763,22.954014,991.70795,1000.7136,1010.078,1015.61255,1021.1471,1030.5115,1039.5171
2026-05-06 01:00:00+00:00,11.232727,11.96265,12.7644005,13.2523155,13.740229,14.541979,15.271904,-1.4435711,2.6103125,7.3647294,10.359325,13.353921,18.108337,22.162228,991.86975,1000.8897,1010.25903,1015.7934,1021.3277,1030.697,1039.7169
2026-05-06 02:00:00+00:00,11.039293,11.772643,12.571735,13.055973,13.54021,14.339302,15.072653,-1.6114464,2.396819,7.0663176,9.997183,12.928048,17.597548,21.605814,991.99396,1000.9797,1010.3566,1015.9092,1021.46173,1030.8387,1039.8245
2026-05-06 03:00:00+00:00,10.84904,11.5957,12.399422,12.883312,13.367203,14.170924,14.917585,-1.8577986,2.1818333,6.8579397,9.783197,12.708455,17.384562,21.424198,992.2115,1001.1713,1010.5783,1016.1668,1021.7554,1031.1624,1040.1222
2026-05-06 04:00:00+00:00,10.700306,11.469308,12.284235,12.770794,13.257354,14.072281,14.841284,-1.9267826,2.1883783,6.978012,9.9828415,12.98767,17.777304,21.892467,992.468,1001.35596,1010.68024,1016.2174,1021.7546,1031.0789,1039.9668
2026-05-06 05:00:00+00:00,10.622013,11.398392,12.213638,12.698005,13.182372,13.997618,14.773997,-1.7355213,2.4401293,7.326872,10.401386,13.4759,18.362642,22.538296,992.75555,1001.58746,1010.84143,1016.3332,1021.8249,1031.0789,1039.9108
2026-05-06 06:00:00+00:00,10.555627,11.353859,12.187378,12.681118,13.174857,14.008376,14.806609,-1.4838371,2.8291464,7.9462233,11.1886425,14.431061,19.548138,23.861128,992.6181,1001.4569,1010.78326,1016.3388,1021.89435,1031.2207,1040.0594
2026-05-06 07:00:00+00:00,10.570821,11.380694,12.232662,12.739342,13.24602,14.097989,14.907864,-1.3213129,3.3090267,8.835013,12.347219,15.859425,21.38541,26.015753,992.60913,1001.3963,1010.7121,1016.2754,1021.8386,1031.1544,1039.9417
2026-05-06 08:00:00+00:00,10.572845,11.416051,12.302591,12.829674,13.356756,14.243297,15.086502,-1.1450386,3.8028164,9.765737,13.574855,17.383972,23.346893,28.294754,992.3622,1001.13947,1010.463,1016.0368,1021.6106,1030.9341,1039.7114
2026-05-06 09:00:00+00:00,10.57657,11.451597,12.375671,12.926374,13.477077,14.401151,15.276179,-0.590292,4.582593,10.889051,14.941662,18.99427,25.300728,30.473616,992.0303,1000.92004,1010.2649,1015.8203,1021.3757,1030.7206,1039.6104
2026-05-06 10:00:00+00:00,10.629636,11.515832,12.464842,13.034635,13.604428,14.553438,15.439635,-0.19843674,5.270974,12.00194,16.348318,20.694696,27.42566,32.895073,991.6189,1000.46204,1009.8399,1015.4411,1021.0423,1030.4202,1039.2633
2026-05-06 11:00:00+00:00,10.683303,11.597898,12.5912075,13.192085,13.792964,14.786274,15.700869,0.041296005,5.7659664,12.835965,17.409536,21.983109,29.053104,34.77778,991.42053,1000.1558,1009.4653,1015.0404,1020.6155,1029.9249,1038.6602
2026-05-06 12:00:00+00:00,10.7667265,11.696621,12.712289,13.328544,13.944799,14.960466,15.890362,0.11208725,6.073633,13.461998,18.25011,23.038223,30.42659,36.388138,990.80286,999.61176,1008.938,1014.5035,1020.06903,1029.3953,1038.2042
2026-05-06 13:00:00+00:00,10.863207,11.808772,12.84677,13.478258,14.109745,15.147743,16.093307,0.24741554,6.301738,13.864898,18.78628,23.707663,31.270823,37.325146,990.5836,999.34296,1008.6508,1014.2163,1019.78174,1029.0896,1037.8489
