reference_time,target_time,airtemp,t_catchment,rain_toelz,rain_lenggries,rain_kochel,rain_garmisch,solar_hohenpeissenberg,source_kind,issued_at
2026-10-01 10:00:00+00:00,2026-10-01 11:00:00+00:00,22.8,23.4,0.0,0.0,0.0,0.0,0.483,forecast,2026-10-01 10:48:24.018986+00:00
2026-10-01 10:00:00+00:00,2026-10-01 12:00:00+00:00,23.3,23.2,0.0,0.0,0.0,0.0,0.481,forecast,2026-10-01 10:48:24.018986+00:00
2026-10-01 10:00:00+00:00,2026-10-01 13:00:00+00:00,23.5,23.2,0.0,0.0,0.0,0.0,0.428,forecast,2026-10-01 10:48:24.018986+00:00
2026-10-01 10:00:00+00:00,2026-10-01 14:00:00+00:00,23.5,23.0,0.0,0.0,0.0,0.0,0.347,forecast,2026-10-01 10:48:24.018986+00:00
2026-10-01 10:00:00+00:00,2026-10-01 15:00:00+00:00,23.0,21.9,0.0,0.0,0.0,0.0,0.236,forecast,2026-10-01 10:48:24.018986+00:00
2026-10-01 10:00:00+00:00,2026-10-01 16:00:00+00:00,21.6,20.4,0.0,0.0,0.0,0.0,0.114,forecast,2026-10-01 10:48:24.018986+00:00
2026-10-01 10:00:00+00:00,2026-10-01 17:00:00+00:00,19.9,18.9,0.0,0.0,0.0,0.0,0.028,forecast,2026-10-01 10:48:24.018986+00:00
2026-10-01 10:00:00+00:00,2026-10-01 18:00:00+00:00,18.6,17.4,0.0,0.0,0.0,0.0,0.0,forecast,2026-10-01 10:48:24.018986+00:00
2026-10-01 10:00:00+00:00,2026-10-01 19:00:00+00:00,17.5,16.4,0.0,0.0,0.0,0.0,0.0,forecast,2026-10-01 10:48:24.018986+00:00
2026-10-01 10:00:00+00:00,2026-10-01 20:00:00+00:00,16.7,15.4,0.0,0.0,0.0,0.0,0.0,forecast,2026-10-01 10:48:24.018986+00:00
2026-10-01 10:00:00+00:00,2026-10-01 21:00:00+00:00,17.0,14.6,0.0,0.0,0.0,0.0,0.0,forecast,2026-10-01 10:48:24.018986+00:00
2026-10-01 10:00:00+00:00,2026-10-01 22:00:00+00:00,16.2,14.1,0.0,0.0,0.0,0.0,0.0,forecast,2026-10-01 10:48:24.018986+00:00
2026-10-01 10:00:00+00:00,2026-10-01 23:00:00+00:00,15.7,13.8,0.0,0.0,0.0,0.0,0.0,forecast,2026-10-01 10:48:24.018986+00:00
2026-10-01 10:00:00+00:00,2026-10-02 00:00:00+00:00,15.7,13.4,0.0,0.0,0.0,0.0,0.0,forecast,2026-10-01 10:48:24.018986+00:00
2026-10-01 10:00:00+00:00,2026-10-02 01:00:00+00:00,15.3,13.2,0.0,0.0,0.0,0.0,0.0,forecast,2026-10-01 10:48:24.018986+00:00
2026-10-01 10:00:00+00:00,2026-10-02 02:00:00+00:00,15.2,13.0,0.0,0.0,0.0,0.0,0.0,forecast,2026-10-01 10:48:24.018986+00:00
2026-10-01 10:00:00+00:00,2026-10-02 03:00:00+00:00,15.1,13.2,0.0,0.0,0.0,0.0,0.0,forecast,2026-10-01 10:48:24.018986+00:00
2026-10-01 10:00:00+00:00,2026-10-02 04:00:00+00:00,15.0,13.6,0.0,0.0,0.6,0.0,0.0,forecast,2026-10-01 10:48:24.018986+00:00
2026-10-01 10:00:00+00:00,2026-10-02 05:00:00+00:00,15.0,13.7,0.0,0.0,0.9,0.9,0.0,forecast,2026-10-01 10:48:24.018986+00:00
2026-10-01 10:00:00+00:00,2026-10-02 06:00:00+00:00,15.0,14.1,0.9,1.5,1.4,0.7,0.003,forecast,2026-10-01 10:48:24.018986+00:00
2026-10-01 10:00:00+00:00,2026-10-02 07:00:00+00:00,15.2,14.5,0.6,1.0,1.3,0.4,0.025,forecast,2026-10-01 10:48:24.018986+00:00
2026-10-01 10:00:00+00:00,2026-10-02 08:00:00+00:00,15.5,15.5,0.5,1.5,1.0,0.4,0.061,forecast,2026-10-01 10:48:24.018986+00:00
2026-10-01 10:00:00+00:00,2026-10-02 09:00:00+00:00,16.0,15.7,0.4,1.2,0.8,0.3,0.103,forecast,2026-10-01 10:48:24.018986+00:00
2026-10-01 10:00:00+00:00,2026-10-02 10:00:00+00:00,16.3,15.9,0.3,0.8,0.5,0.3,0.15,forecast,2026-10-01 10:48:24.018986+00:00
2026-10-01 10:00:00+00:00,2026-10-02 11:00:00+00:00,16.9,16.1,0.3,0.5,0.0,0.0,0.178,forecast,2026-10-01 10:48:24.018986+00:00
2026-10-01 10:00:00+00:00,2026-10-02 12:00:00+00:00,17.4,16.4,0.0,0.0,0.0,0.0,0.217,forecast,2026-10-01 10:48:24.018986+00:00
2026-10-01 10:00:00+00:00,2026-10-02 13:00:00+00:00,17.5,16.5,0.0,0.0,0.0,0.0,0.211,forecast,2026-10-01 10:48:24.018986+00:00
2026-10-01 10:00:00+00:00,2026-10-02 14:00:00+00:00,17.7,16.4,0.0,0.0,0.0,0.0,0.172,forecast,2026-10-01 10:48:24.018986+00:00
2026-10-01 10:00:00+00:00,2026-10-02 15:00:00+00:00,17.5,16.4,0.0,0.0,0.0,0.0,0.128,forecast,2026-10-01 10:48:24.018986+00:00
2026-10-01 10:00:00+00:00,2026-10-02 16:00:00+00:00,16.8,15.9,0.0,0.0,0.0,0.0,0.075,forecast,2026-10-01 10:48:24.018986+00:00
2026-10-01 10:00:00+00:00,2026-10-02 17:00:00+00:00,16.0,15.2,0.0,0.0,0.0,0.0,0.022,forecast,2026-10-01 10:48:24.018986+00:00
2026-10-01 10:00:00+00:00,2026-10-02 18:00:00+00:00,15.1,14.3,0.0,0.0,0.0,0.0,0.0,forecast,2026-10-01 10:48:24.018986+00:00
2026-10-01 10:00:00+00:00,2026-10-02 19:00:00+00:00,14.7,13.7,0.0,0.0,0.0,0.0,0.0,forecast,2026-10-01 10:48:24.018986+00:00
2026-10-01 10:00:00+00:00,2026-10-02 20:00:00+00:00,14.3,13.2,0.0,0.0,0.0,0.0,0.0,forecast,2026-10-01 10:48:24.018986+00:00
2026-10-01 10:00:00+00:00,2026-10-02 21:00:00+00:00,14.0,12.8,0.0,0.0,0.0,0.0,0.0,forecast,2026-10-01 10:48:24.018986+00:00
2026-10-01 10:00:00+00:00,2026-10-02 22:00:00+00:00,13.5,12.6,0.0,0.0,0.0,0.0,0.0,forecast,2026-10-01 10:48:24.018986+00:00
2026-10-01 10:00:00+00:00,2026-10-02 23:00:00+00:00,13.1,12.0,0.0,0.0,0.0,0.0,0.0,forecast,2026-10-01 10:48:24.018986+00:00
2026-10-01 10:00:00+00:00,2026-10-03 00:00:00+00:00,12.8,11.8,0.0,0.0,0.0,0.0,0.0,forecast,2026-10-01 10:48:24.018986+00:00
2026-10-01 10:00:00+00:00,2026-10-03 01:00:00+00:00,12.3,11.6,0.0,0.0,0.0,0.0,0.0,forecast,2026-10-01 10:48:24.018986+00:00
2026-10-01 10:00:00+00:00,2026-10-03 02:00:00+00:00,12.2,11.1,0.0,0.0,0.0,0.0,0.0,forecast,2026-10-01 10:48:24.018986+00:00
2026-10-01 10:00:00+00:00,2026-10-03 03:00:00+00:00,12.0,10.8,0.0,0.0,0.0,0.0,0.0,forecast,2026-10-01 10:48:24.018986+00:00
2026-10-01 10:00:00+00:00,2026-10-03 04:00:00+00:00,11.9,10.8,0.0,0.0,0.0,0.0,0.0,forecast,2026-10-01 10:48:24.018986+00:00
2026-10-01 10:00:00+00:00,2026-10-03 05:00:00+00:00,12.1,10.8,0.0,0.0,0.0,0.0,0.0,forecast,2026-10-01 10:48:24.018986+00:00
2026-10-01 10:00:00+00:00,2026-10-03 06:00:00+00:00,12.5,11.5,0.0,0.0,0.0,0.0,0.008,forecast,2026-10-01 10:48:24.018986+00:00
2026-10-01 10:00:00+00:00,2026-10-03 07:00:00+00:00,13.3,12.7,0.0,0.0,0.0,0.0,0.067,forecast,2026-10-01 10:48:24.018986+00:00
2026-10-01 10:00:00+00:00,2026-10-03 08:00:00+00:00,14.4,15.0,0.0,0.0,0.0,0.0,0.153,forecast,2026-10-01 10:48:24.018986+00:00
2026-10-01 10:00:00+00:00,2026-10-03 09:00:00+00:00,15.6,16.9,0.0,0.0,0.0,0.0,0.25,forecast,2026-10-01 10:48:24.018986+00:00
2026-10-01 10:00:00+00:00,2026-10-03 10:00:00+00:00,16.8,18.3,0.0,0.0,0.0,0.0,0.331,forecast,2026-10-01 10:48:24.018986+00:00
2026-10-01 10:00:00+00:00,2026-10-03 11:00:00+00:00,17.8,19.3,0.0,0.0,0.0,0.0,0.386,forecast,2026-10-01 10:48:24.018986+00:00
2026-10-01 10:00:00+00:00,2026-10-03 12:00:00+00:00,18.7,19.8,0.0,0.0,0.0,0.0,0.392,forecast,2026-10-01 10:48:24.018986+00:00
2026-10-01 10:00:00+00:00,2026-10-03 13:00:00+00:00,19.0,19.8,0.0,0.0,0.0,0.0,0.347,forecast,2026-10-01 10:48:24.018986+00:00
2026-10-01 10:00:00+00:00,2026-10-03 14:00:00+00:00,19.1,19.6,0.0,0.0,0.0,0.0,0.283,forecast,2026-10-01 10:48:24.018986+00:00
2026-10-01 10:00:00+00:00,2026-10-03 15:00:00+00:00,19.0,19.2,0.0,0.0,0.0,0.0,0.206,forecast,2026-10-01 10:48:24.018986+00:00
2026-10-01 10:00:00+00:00,2026-10-03 16:00:00+00:00,18.1,18.3,0.0,0.0,0.0,0.0,0.106,forecast,2026-10-01 10:48:24.018986+00:00
2026-10-01 10:00:00+00:00,2026-10-03 17:00:00+00:00,17.1,16.9,0.0,0.0,0.0,0.0,0.025,forecast,2026-10-01 10:48:24.018986+00:00
2026-10-01 10:00:00+00:00,2026-10-03 18:00:00+00:00,15.6,15.2,0.0,0.0,0.0,0.0,0.0,forecast,2026-10-01 10:48:24.018986+00:00
2026-10-01 10:00:00+00:00,2026-10-03 19:00:00+00:00,14.7,14.4,0.0,0.0,0.0,0.0,0.0,forecast,2026-10-01 10:48:24.018986+00:00
2026-10-01 10:00:00+00:00,2026-10-03 20:00:00+00:00,14.2,13.6,0.0,0.0,0.0,0.0,0.0,forecast,2026-10-01 10:48:24.018986+00:00
2026-10-01 10:00:00+00:00,2026-10-03 21:00:00+00:00,13.6,12.9,0.0,0.0,0.0,0.0,0.0,forecast,2026-10-01 10:48:24.018986+00:00
2026-10-01 10:00:00+00:00,2026-10-03 22:00:00+00:00,13.0,12.5,0.0,0.0,0.0,0.0,0.0,forecast,2026-10-01 10:48:24.018986+00:00
2026-10-01 10:00:00+00:00,2026-10-03 23:00:00+00:00,12.5,12.1,0.0,0.0,0.0,0.0,0.0,forecast,2026-10-01 10:48:24.018986+00:00
2026-10-01 10:00:00+00:00,2026-10-04 00:00:00+00:00,12.2,11.8,0.0,0.0,0.0,0.0,0.0,forecast,2026-10-01 10:48:24.018986+00:00
2026-10-01 10:00:00+00:00,2026-10-04 01:00:00+00:00,12.0,11.5,0.0,0.0,0.0,0.0,0.0,forecast,2026-10-01 10:48:24.018986+00:00
2026-10-01 10:00:00+00:00,2026-10-04 02:00:00+00:00,11.8,11.3,0.0,0.0,0.0,0.0,0.0,forecast,2026-10-01 10:48:24.018986+00:00
2026-10-01 10:00:00+00:00,2026-10-04 03:00:00+00:00,11.7,11.2,0.0,0.0,0.0,0.0,0.0,forecast,2026-10-01 10:48:24.018986+00:00
2026-10-01 10:00:00+00:00,2026-10-04 04:00:00+00:00,11.8,11.0,0.0,0.0,0.0,0.0,0.0,forecast,2026-10-01 10:48:24.018986+00:00
2026-10-01 10:00:00+00:00,2026-10-04 05:00:00+00:00,11.9,11.1,0.0,0.0,0.0,0.0,0.0,forecast,2026-10-01 10:48:24.018986+00:00
2026-10-01 10:00:00+00:00,2026-10-04 06:00:00+00:00,12.6,11.5,0.0,0.0,0.0,0.0,0.008,forecast,2026-10-01 10:48:24.018986+00:00
2026-10-01 10:00:00+00:00,2026-10-04 07:00:00+00:00,13.7,12.6,0.0,0.0,0.0,0.0,0.067,forecast,2026-10-01 10:48:24.018986+00:00
2026-10-01 10:00:00+00:00,2026-10-04 08:00:00+00:00,15.0,14.7,0.0,0.0,0.0,0.0,0.147,forecast,2026-10-01 10:48:24.018986+00:00
2026-10-01 10:00:00+00:00,2026-10-04 09:00:00+00:00,16.1,16.2,0.0,0.0,0.0,0.0,0.236,forecast,2026-10-01 10:48:24.018986+00:00
2026-10-01 10:00:00+00:00,2026-10-04 10:00:00+00:00,17.2,17.4,0.0,0.0,0.0,0.0,0.297,forecast,2026-10-01 10:48:24.018986+00:00
2026-10-01 10:00:00+00:00,2026-10-04 11:00:00+00:00,18.2,17.9,0.0,0.0,0.0,0.0,0.342,forecast,2026-10-01 10:48:24.018986+00:00
2026-10-01 10:00:00+00:00,2026-10-04 12:00:00+00:00,18.3,18.2,0.0,0.0,0.0,0.0,0.358,forecast,2026-10-01 10:48:24.018986+00:00
2026-10-01 10:00:00+00:00,2026-10-04 13:00:00+00:00,18.4,18.5,0.0,0.0,0.0,0.0,0.336,forecast,2026-10-01 10:48:24.018986+00:00
2026-10-01 10:00:00+00:00,2026-10-04 14:00:00+00:00,18.3,18.1,0.0,0.0,0.0,0.0,0.272,forecast,2026-10-01 10:48:24.018986+00:00
2026-10-01 10:00:00+00:00,2026-10-04 15:00:00+00:00,17.8,17.5,0.0,0.0,0.0,0.0,0.197,forecast,2026-10-01 10:48:24.018986+00:00
2026-10-01 10:00:00+00:00,2026-10-04 16:00:00+00:00,17.2,16.2,0.0,0.0,0.0,0.0,0.103,forecast,2026-10-01 10:48:24.018986+00:00
2026-10-01 10:00:00+00:00,2026-10-04 17:00:00+00:00,16.0,14.9,0.0,0.0,0.0,0.0,0.022,forecast,2026-10-01 10:48:24.018986+00:00
2026-10-01 10:00:00+00:00,2026-10-04 18:00:00+00:00,14.9,13.8,0.0,0.0,0.0,0.0,0.0,forecast,2026-10-01 10:48:24.018986+00:00
2026-10-01 10:00:00+00:00,2026-10-04 19:00:00+00:00,14.0,13.2,0.0,0.0,0.0,0.0,0.0,forecast,2026-10-01 10:48:24.018986+00:00
2026-10-01 10:00:00+00:00,2026-10-04 20:00:00+00:00,13.4,12.5,0.0,0.0,0.0,0.0,0.0,forecast,2026-10-01 10:48:24.018986+00:00
2026-10-01 10:00:00+00:00,2026-10-04 21:00:00+00:00,13.0,11.8,0.0,0.0,0.0,0.0,0.0,forecast,2026-10-01 10:48:24.018986+00:00
2026-10-01 10:00:00+00:00,2026-10-04 22:00:00+00:00,12.5,11.4,0.0,0.0,0.0,0.0,0.0,forecast,2026-10-01 10:48:24.018986+00:00
2026-10-01 10:00:00+00:00,2026-10-04 23:00:00+00:00,12.1,10.9,0.0,0.0,0.0,0.0,0.0,forecast,2026-10-01 10:48:24.018986+00:00
2026-10-01 10:00:00+00:00,2026-10-05 00:00:00+00:00,11.7,10.5,0.0,0.0,0.0,0.0,0.0,forecast,2026-10-01 10:48:24.018986+00:00
2026-10-01 10:00:00+00:00,2026-10-05 01:00:00+00:00,11.3,10.0,0.0,0.0,0.0,0.0,0.0,forecast,2026-10-01 10:48:24.018986+00:00
2026-10-01 10:00:00+00:00,2026-10-05 02:00:00+00:00,11.0,9.7,0.0,0.0,0.0,0.0,0.0,forecast,2026-10-01 10:48:24.018986+00:00
2026-10-01 10:00:00+00:00,2026-10-05 03:00:00+00:00,10.9,9.5,0.0,0.0,0.0,0.0,0.0,forecast,2026-10-01 10:48:24.018986+00:00
2026-10-01 10:00:00+00:00,2026-10-05 04:00:00+00:00,10.6,9.2,0.0,0.0,0.0,0.0,0.0,forecast,2026-10-01 10:48:24.018986+00:00
2026-10-01 10:00:00+00:00,2026-10-05 05:00:00+00:00,10.8,9.2,0.0,0.0,0.0,0.0,0.0,forecast,2026-10-01 10:48:24.018986+00:00
2026-10-01 10:00:00+00:00,2026-10-05 06:00:00+00:00,11.3,9.5,0.0,0.0,0.0,0.0,0.008,forecast,2026-10-01 10:48:24.018986+00:00
2026-10-01 10:00:00+00:00,2026-10-05 07:00:00+00:00,12.3,10.8,0.0,0.0,0.0,0.0,0.072,forecast,2026-10-01 10:48:24.018986+00:00
2026-10-01 10:00:00+00:00,2026-10-05 08:00:00+00:00,13.7,13.0,0.0,0.0,0.0,0.0,0.189,forecast,2026-10-01 10:48:24.018986+00:00
2026-10-01 10:00:00+00:00,2026-10-05 09:00:00+00:00,15.2,15.4,0.0,0.0,0.0,0.0,0.308,forecast,2026-10-01 10:48:24.018986+00:00
2026-10-01 10:00:00+00:00,2026-10-05 10:00:00+00:00,16.8,17.6,0.0,0.0,0.0,0.0,0.419,forecast,2026-10-01 10:48:24.018986+00:00
