timestamp,raw_value,raw_min,raw_max,samples,duplicate_count,conflict,station,unit
2021-06-01 00:00:00+00:00,13.325,13.2,13.4,4,0,0,muenchen-himmelreichbruecke-16515005,degC
2021-06-01 01:00:00+00:00,12.95,12.8,13.1,4,0,0,muenchen-himmelreichbruecke-16515005,degC
2021-06-01 02:00:00+00:00,12.55,12.4,12.7,4,0,0,muenchen-himmelreichbruecke-16515005,degC
2021-06-01 03:00:00+00:00,12.15,12.0,12.3,4,0,0,muenchen-himmelreichbruecke-16515005,degC
2021-06-01 04:00:00+00:00,11.775,11.7,11.9,4,0,0,muenchen-himmelreichbruecke-16515005,degC
2021-06-01 05:00:00+00:00,11.55,11.5,11.6,4,0,0,muenchen-himmelreichbruecke-16515005,degC
2021-06-01 06:00:00+00:00,11.45,11.4,11.5,4,0,0,muenchen-himmelreichbruecke-16515005,degC
2021-06-01 07:00:00+00:00,11.425,11.4,11.5,4,0,0,muenchen-himmelreichbruecke-16515005,degC
2021-06-01 08:00:00+00:00,11.775,11.6,11.9,4,0,0,muenchen-himmelreichbruecke-16515005,degC
2021-06-01 09:00:00+00:00,12.1,12.0,12.2,4,0,0,muenchen-himmelreichbruecke-16515005,degC
2021-06-01 10:00:00+00:00,12.275,12.2,12.4,4,0,0,muenchen-himmelreichbruecke-16515005,degC
2021-06-01 11:00:00+00:00,12.95,12.6,13.2,4,0,0,muenchen-himmelreichbruecke-16515005,degC
2021-06-01 12:00:00+00:00,13.45,13.3,13.6,4,0,0,muenchen-himmelreichbruecke-16515005,degC
2021-06-01 13:00:00+00:00,13.8,13.7,13.9,4,0,0,muenchen-himmelreichbruecke-16515005,degC
2021-06-01 14:00:00+00:00,13.850000000000001,13.8,13.9,4,0,0,muenchen-himmelreichbruecke-16515005,degC
2021-06-01 15:00:00+00:00,14.025,14.0,14.1,4,0,0,muenchen-himmelreichbruecke-16515005,degC
2021-06-01 16:00:00+00:00,14.1,14.1,14.1,4,0,0,muenchen-himmelreichbruecke-16515005,degC
2021-06-01 17:00:00+00:00,14.174999999999999,14.1,14.2,4,0,0,muenchen-himmelreichbruecke-16515005,degC
2021-06-01 18:00:00+00:00,14.149999999999999,14.1,14.2,4,0,0,muenchen-himmelreichbruecke-16515005,degC
2021-06-01 19:00:00+00:00,14.0,13.9,14.1,4,0,0,muenchen-himmelreichbruecke-16515005,degC
2021-06-01 20:00:00+00:00,13.850000000000001,13.8,13.9,4,0,0,muenchen-himmelreichbruecke-16515005,degC
2021-06-01 21:00:00+00:00,13.7,13.6,13.8,4,0,0,muenchen-himmelreichbruecke-16515005,degC
2021-06-01 22:00:00+00:00,13.55,13.5,13.6,4,0,0,muenchen-himmelreichbruecke-16515005,degC
2021-06-01 23:00:00+00:00,13.375,13.3,13.4,4,0,0,muenchen-himmelreichbruecke-16515005,degC
2021-06-02 00:00:00+00:00,13.125,13.0,13.2,4,0,0,muenchen-himmelreichbruecke-16515005,degC
2021-06-02 01:00:00+00:00,12.825,12.7,12.9,4,0,0,muenchen-himmelreichbruecke-16515005,degC
2021-06-02 02:00:00+00:00,12.525,12.4,12.6,4,0,0,muenchen-himmelreichbruecke-16515005,degC
2021-06-02 03:00:00+00:00,12.2,12.1,12.3,4,0,0,muenchen-himmelreichbruecke-16515005,degC
2021-06-02 04:00:00+00:00,11.9,11.8,12.0,4,0,0,muenchen-himmelreichbruecke-16515005,degC
2021-06-02 05:00:00+00:00,11.725,11.7,11.8,4,0,0,muenchen-himmelreichbruecke-16515005,degC
2021-06-02 06:00:00+00:00,11.7,11.7,11.7,4,0,0,muenchen-himmelreichbruecke-16515005,degC
2021-06-02 07:00:00+00:00,11.7,11.7,11.7,4,0,0,muenchen-himmelreichbruecke-16515005,degC
2021-06-02 08:00:00+00:00,11.875,11.8,12.0,4,0,0,muenchen-himmelreichbruecke-16515005,degC
2021-06-02 09:00:00+00:00,12.25,12.1,12.4,4,0,0,muenchen-himmelreichbruecke-16515005,degC
2021-06-02 10:00:00+00:00,12.65,12.5,12.8,4,0,0,muenchen-himmelreichbruecke-16515005,degC
2021-06-02 11:00:00+00:00,13.1,12.9,13.3,4,0,0,muenchen-himmelreichbruecke-16515005,degC
2021-06-02 12:00:00+00:00,13.55,13.4,13.7,4,0,0,muenchen-himmelreichbruecke-16515005,degC
2021-06-02 13:00:00+00:00,13.95,13.8,14.1,4,0,0,muenchen-himmelreichbruecke-16515005,degC
2021-06-02 14:00:00+00:00,14.275,14.2,14.4,4,0,0,muenchen-himmelreichbruecke-16515005,degC
2021-06-02 15:00:00+00:00,14.45,14.4,14.5,4,0,0,muenchen-himmelreichbruecke-16515005,degC
2021-06-02 16:00:00+00:00,14.575,14.5,14.6,4,0,0,muenchen-himmelreichbruecke-16515005,degC
2021-06-02 17:00:00+00:00,14.6,14.6,14.6,4,0,0,muenchen-himmelreichbruecke-16515005,degC
2021-06-02 18:00:00+00:00,14.6,14.6,14.6,4,0,0,muenchen-himmelreichbruecke-16515005,degC
2021-06-02 19:00:00+00:00,14.6,14.6,14.6,4,0,0,muenchen-himmelreichbruecke-16515005,degC
2021-06-02 20:00:00+00:00,14.6,14.6,14.6,4,0,0,muenchen-himmelreichbruecke-16515005,degC
2021-06-02 21:00:00+00:00,14.525,14.5,14.6,4,0,0,muenchen-himmelreichbruecke-16515005,degC
2021-06-02 22:00:00+00:00,14.4,14.4,14.4,4,0,0,muenchen-himmelreichbruecke-16515005,degC
2021-06-02 23:00:00+00:00,14.275,14.2,14.3,4,0,0,muenchen-himmelreichbruecke-16515005,degC
2021-06-03 00:00:00+00:00,14.149999999999999,14.1,14.2,4,0,0,muenchen-himmelreichbruecke-16515005,degC
2021-06-03 01:00:00+00:00,13.95,13.9,14.0,4,0,0,muenchen-himmelreichbruecke-16515005,degC
2021-06-03 02:00:00+00:00,13.725,13.6,13.8,4,0,0,muenchen-himmelreichbruecke-16515005,degC
2021-06-03 03:00:00+00:00,13.425,13.3,13.5,4,0,0,muenchen-himmelreichbruecke-16515005,degC
2021-06-03 04:00:00+00:00,13.175,13.1,13.3,4,0,0,muenchen-himmelreichbruecke-16515005,degC
2021-06-03 05:00:00+00:00,12.95,12.9,13.0,4,0,0,muenchen-himmelreichbruecke-16515005,degC
2021-06-03 06:00:00+00:00,12.8,12.8,12.8,4,0,0,muenchen-himmelreichbruecke-16515005,degC
2021-06-03 07:00:00+00:00,12.8,12.8,12.8,4,0,0,muenchen-himmelreichbruecke-16515005,degC
2021-06-03 08:00:00+00:00,12.825000000000001,12.8,12.9,4,0,0,muenchen-himmelreichbruecke-16515005,degC
2021-06-03 09:00:00+00:00,13.0,12.9,13.1,4,0,0,muenchen-himmelreichbruecke-16515005,degC
2021-06-03 10:00:00+00:00,13.275,13.2,13.4,4,0,0,muenchen-himmelreichbruecke-16515005,degC
2021-06-03 11:00:00+00:00,13.675,13.5,13.9,4,0,0,muenchen-himmelreichbruecke-16515005,degC
2021-06-03 12:00:00+00:00,14.0,13.9,14.1,4,0,0,muenchen-himmelreichbruecke-16515005,degC
2021-06-03 13:00:00+00:00,14.325,14.2,14.5,4,0,0,muenchen-himmelreichbruecke-16515005,degC
2021-06-03 14:00:00+00:00,14.649999999999999,14.6,14.7,4,0,0,muenchen-himmelreichbruecke-16515005,degC
2021-06-03 15:00:00+00:00,14.8,14.7,14.9,4,0,0,muenchen-himmelreichbruecke-16515005,degC
2021-06-03 16:00:00+00:00,14.95,14.9,15.0,4,0,0,muenchen-himmelreichbruecke-16515005,degC
2021-06-03 17:00:00+00:00,15.149999999999999,15.1,15.2,4,0,0,muenchen-himmelreichbruecke-16515005,degC
2021-06-03 18:00:00+00:00,15.4,15.3,15.5,4,0,0,muenchen-himmelreichbruecke-16515005,degC
2021-06-03 19:00:00+00:00,15.575,15.5,15.6,4,0,0,muenchen-himmelreichbruecke-16515005,degC
2021-06-03 20:00:00+00:00,15.575,15.5,15.6,4,0,0,muenchen-himmelreichbruecke-16515005,degC
2021-06-03 21:00:00+00:00,15.5,15.5,15.5,4,0,0,muenchen-himmelreichbruecke-16515005,degC
2021-06-03 22:00:00+00:00,15.475,15.4,15.5,4,0,0,muenchen-himmelreichbruecke-16515005,degC
2021-06-03 23:00:00+00:00,15.325000000000001,15.3,15.4,4,0,0,muenchen-himmelreichbruecke-16515005,degC
2021-06-04 00:00:00+00:00,15.125,15.0,15.2,4,0,0,muenchen-himmelreichbruecke-16515005,degC
2021-06-04 01:00:00+00:00,14.925,14.9,15.0,4,0,0,muenchen-himmelreichbruecke-16515005,degC
2021-06-04 02:00:00+00:00,14.7,14.6,14.8,4,0,0,muenchen-himmelreichbruecke-16515005,degC
2021-06-04 03:00:00+00:00,14.425,14.3,14.5,4,0,0,muenchen-himmelreichbruecke-16515005,degC
2021-06-04 04:00:00+00:00,14.15,14.0,14.3,4,0,0,muenchen-himmelreichbruecke-16515005,degC
2021-06-04 05:00:00+00:00,13.875,13.8,14.0,4,0,0,muenchen-himmelreichbruecke-16515005,degC
2021-06-04 06:00:00+00:00,13.7,13.7,13.7,4,0,0,muenchen-himmelreichbruecke-16515005,degC
2021-06-04 07:00:00+00:00,13.6,13.6,13.6,4,0,0,muenchen-himmelreichbruecke-16515005,degC
2021-06-04 08:00:00+00:00,13.775,13.7,13.9,4,0,0,muenchen-himmelreichbruecke-16515005,degC
2021-06-04 09:00:00+00:00,14.025,13.9,14.1,4,0,0,muenchen-himmelreichbruecke-16515005,degC
2021-06-04 10:00:00+00:00,14.3,14.2,14.4,4,0,0,muenchen-himmelreichbruecke-16515005,degC
2021-06-04 11:00:00+00:00,14.6,14.5,14.7,4,0,0,muenchen-himmelreichbruecke-16515005,degC
2021-06-04 12:00:00+00:00,14.975,14.9,15.1,4,0,0,muenchen-himmelreichbruecke-16515005,degC
2021-06-04 13:00:00+00:00,15.125,15.1,15.2,4,0,0,muenchen-himmelreichbruecke-16515005,degC
2021-06-04 14:00:00+00:00,15.375,15.3,15.5,4,0,0,muenchen-himmelreichbruecke-16515005,degC
2021-06-04 15:00:00+00:00,15.575,15.5,15.7,4,0,0,muenchen-himmelreichbruecke-16515005,degC
2021-06-04 16:00:00+00:00,15.725,15.7,15.8,4,0,0,muenchen-himmelreichbruecke-16515005,degC
2021-06-04 17:00:00+00:00,15.875,15.8,15.9,4,0,0,muenchen-himmelreichbruecke-16515005,degC
2021-06-04 18:00:00+00:00,16.0,16.0,16.0,4,0,0,muenchen-himmelreichbruecke-16515005,degC
2021-06-04 19:00:00+00:00,16.0,16.0,16.0,4,0,0,muenchen-himmelreichbruecke-16515005,degC
2021-06-04 20:00:00+00:00,16.0,16.0,16.0,4,0,0,muenchen-himmelreichbruecke-16515005,degC
2021-06-04 21:00:00+00:00,16.0,16.0,16.0,4,0,0,muenchen-himmelreichbruecke-16515005,degC
2021-06-04 22:00:00+00:00,16.05,16.0,16.1,4,0,0,muenchen-himmelreichbruecke-16515005,degC
2021-06-04 23:00:00+00:00,16.1,16.1,16.1,4,0,0,muenchen-himmelreichbruecke-16515005,degC
2021-06-05 00:00:00+00:00,16.05,16.0,16.1,4,0,0,muenchen-himmelreichbruecke-16515005,degC
2021-06-05 01:00:00+00:00,15.9,15.8,16.0,4,0,0,muenchen-himmelreichbruecke-16515005,degC
2021-06-05 02:00:00+00:00,15.575,15.5,15.7,4,0,0,muenchen-himmelreichbruecke-16515005,degC
2021-06-05 03:00:00+00:00,15.25,15.1,15.4,4,0,0,muenchen-himmelreichbruecke-16515005,degC
2021-06-05 04:00:00+00:00,14.925,14.8,15.0,4,0,0,muenchen-himmelreichbruecke-16515005,degC
2021-06-05 05:00:00+00:00,14.649999999999999,14.6,14.7,4,0,0,muenchen-himmelreichbruecke-16515005,degC
2021-06-05 06:00:00+00:00,14.5,14.5,14.5,4,0,0,muenchen-himmelreichbruecke-16515005,degC
2021-06-05 07:00:00+00:00,14.4,14.4,14.4,4,0,0,muenchen-himmelreichbruecke-16515005,degC
2021-06-05 08:00:00+00:00,14.475,14.4,14.5,4,0,0,muenchen-himmelreichbruecke-16515005,degC
2021-06-05 09:00:00+00:00,14.649999999999999,14.6,14.7,4,0,0,muenchen-himmelreichbruecke-16515005,degC
2021-06-05 10:00:00+00:00,14.875,14.8,15.0,4,0,0,muenchen-himmelreichbruecke-16515005,degC
2021-06-05 11:00:00+00:00,15.025,15.0,15.1,4,0,0,muenchen-himmelreichbruecke-16515005,degC
2021-06-05 12:00:00+00:00,15.174999999999999,15.1,15.2,4,0,0,muenchen-himmelreichbruecke-16515005,degC
2021-06-05 13:00:00+00:00,15.3,15.2,15.4,4,0,0,muenchen-himmelreichbruecke-16515005,degC
2021-06-05 14:00:00+00:00,15.475,15.4,15.6,4,0,0,muenchen-himmelreichbruecke-16515005,degC
2021-06-05 15:00:00+00:00,15.6,15.6,15.6,4,0,0,muenchen-himmelreichbruecke-16515005,degC
2021-06-05 16:00:00+00:00,15.6,15.6,15.6,4,0,0,muenchen-himmelreichbruecke-16515005,degC
2021-06-05 17:00:00+00:00,15.674999999999999,15.6,15.7,4,0,0,muenchen-himmelreichbruecke-16515005,degC
2021-06-05 18:00:00+00:00,15.7,15.7,15.7,4,0,0,muenchen-himmelreichbruecke-16515005,degC
2021-06-05 19:00:00+00:00,15.6,15.6,15.6,4,0,0,muenchen-himmelreichbruecke-16515005,degC
2021-06-05 20:00:00+00:00,15.5,15.4,15.6,4,0,0,muenchen-himmelreichbruecke-16515005,degC
2021-06-05 21:00:00+00:00,15.3,15.2,15.4,4,0,0,muenchen-himmelreichbruecke-16515005,degC
2021-06-05 22:00:00+00:00,15.1,15.0,15.2,4,0,0,muenchen-himmelreichbruecke-16515005,degC
2021-06-05 23:00:00+00:00,14.975,14.9,15.0,4,0,0,muenchen-himmelreichbruecke-16515005,degC
2021-06-06 00:00:00+00:00,14.9,14.9,14.9,4,0,0,muenchen-himmelreichbruecke-16515005,degC
2021-06-06 01:00:00+00:00,14.775,14.7,14.8,4,0,0,muenchen-himmelreichbruecke-16515005,degC
2021-06-06 02:00:00+00:00,14.55,14.5,14.6,4,0,0,muenchen-himmelreichbruecke-16515005,degC
2021-06-06 03:00:00+00:00,14.350000000000001,14.3,14.4,4,0,0,muenchen-himmelreichbruecke-16515005,degC
2021-06-06 04:00:00+00:00,14.1,14.0,14.2,4,0,0,muenchen-himmelreichbruecke-16515005,degC
2021-06-06 05:00:00+00:00,13.925,13.9,14.0,4,0,0,muenchen-himmelreichbruecke-16515005,degC
2021-06-06 06:00:00+00:00,13.75,13.7,13.8,4,0,0,muenchen-himmelreichbruecke-16515005,degC
2021-06-06 07:00:00+00:00,13.674999999999999,13.6,13.7,4,0,0,muenchen-himmelreichbruecke-16515005,degC
2021-06-06 08:00:00+00:00,13.7,13.7,13.7,4,0,0,muenchen-himmelreichbruecke-16515005,degC
2021-06-06 09:00:00+00:00,13.7,13.7,13.7,4,0,0,muenchen-himmelreichbruecke-16515005,degC
2021-06-06 10:00:00+00:00,13.75,13.7,13.8,4,0,0,muenchen-himmelreichbruecke-16515005,degC
2021-06-06 11:00:00+00:00,13.8,13.8,13.8,4,0,0,muenchen-himmelreichbruecke-16515005,degC
2021-06-06 12:00:00+00:00,13.775,13.7,13.8,4,0,0,muenchen-himmelreichbruecke-16515005,degC
2021-06-06 13:00:00+00:00,13.8,13.8,13.8,4,0,0,muenchen-himmelreichbruecke-16515005,degC
2021-06-06 14:00:00+00:00,13.8,13.8,13.8,4,0,0,muenchen-himmelreichbruecke-16515005,degC
2021-06-06 15:00:00+00:00,13.725,13.7,13.8,4,0,0,muenchen-himmelreichbruecke-16515005,degC
2021-06-06 16:00:00+00:00,13.649999999999999,13.6,13.7,4,0,0,muenchen-himmelreichbruecke-16515005,degC
2021-06-06 17:00:00+00:00,13.575,13.5,13.6,4,0,0,muenchen-himmelreichbruecke-16515005,degC
2021-06-06 18:00:00+00:00,13.425,13.4,13.5,4,0,0,muenchen-himmelreichbruecke-16515005,degC
2021-06-06 19:00:00+00:00,13.325000000000001,13.3,13.4,4,0,0,muenchen-himmelreichbruecke-16515005,degC
2021-06-06 20:00:00+00:00,13.2,13.2,13.2,4,0,0,muenchen-himmelreichbruecke-16515005,degC
2021-06-06 21:00:00+00:00,13.3,13.3,13.3,4,0,0,muenchen-himmelreichbruecke-16515005,degC
2021-06-06 22:00:00+00:00,13.3,13.3,13.3,4,0,0,muenchen-himmelreichbruecke-16515005,degC
2021-06-06 23:00:00+00:00,13.225,13.2,13.3,4,0,0,muenchen-himmelreichbruecke-16515005,degC
2021-06-07 00:00:00+00:00,13.2,13.2,13.2,4,0,0,muenchen-himmelreichbruecke-16515005,degC
2021-06-07 01:00:00+00:00,13.2,13.2,13.2,4,0,0,muenchen-himmelreichbruecke-16515005,degC
2021-06-07 02:00:00+00:00,13.149999999999999,13.1,13.2,4,0,0,muenchen-himmelreichbruecke-16515005,degC
2021-06-07 03:00:00+00:00,13.05,13.0,13.1,4,0,0,muenchen-himmelreichbruecke-16515005,degC
2021-06-07 04:00:00+00:00,13.0,13.0,13.0,4,0,0,muenchen-himmelreichbruecke-16515005,degC
2021-06-07 05:00:00+00:00,13.0,13.0,13.0,4,0,0,muenchen-himmelreichbruecke-16515005,degC
2021-06-07 06:00:00+00:00,13.0,13.0,13.0,4,0,0,muenchen-himmelreichbruecke-16515005,degC
2021-06-07 07:00:00+00:00,13.0,13.0,13.0,4,0,0,muenchen-himmelreichbruecke-16515005,degC
2021-06-07 08:00:00+00:00,13.05,13.0,13.1,4,0,0,muenchen-himmelreichbruecke-16515005,degC
2021-06-07 09:00:00+00:00,13.174999999999999,13.1,13.2,4,0,0,muenchen-himmelreichbruecke-16515005,degC
2021-06-07 10:00:00+00:00,13.2,13.2,13.2,4,0,0,muenchen-himmelreichbruecke-16515005,degC
2021-06-07 11:00:00+00:00,13.325000000000001,13.3,13.4,4,0,0,muenchen-himmelreichbruecke-16515005,degC
2021-06-07 12:00:00+00:00,13.525,13.4,13.6,4,0,0,muenchen-himmelreichbruecke-16515005,degC
2021-06-07 13:00:00+00:00,13.850000000000001,13.8,13.9,4,0,0,muenchen-himmelreichbruecke-16515005,degC
2021-06-07 14:00:00+00:00,14.1,14.0,14.2,4,0,0,muenchen-himmelreichbruecke-16515005,degC
2021-06-07 15:00:00+00:00,14.35,14.2,14.5,4,0,0,muenchen-himmelreichbruecke-16515005,degC
2021-06-07 16:00:00+00:00,14.575,14.5,14.6,4,0,0,muenchen-himmelreichbruecke-16515005,degC
2021-06-07 17:00:00+00:00,14.75,14.7,14.8,4,0,0,muenchen-himmelreichbruecke-16515005,degC
2021-06-07 18:00:00+00:00,14.8,14.8,14.8,4,0,0,muenchen-himmelreichbruecke-16515005,degC
2021-06-07 19:00:00+00:00,14.725,14.7,14.8,4,0,0,muenchen-himmelreichbruecke-16515005,degC
2021-06-07 20:00:00+00:00,14.6,14.5,14.7,4,0,0,muenchen-himmelreichbruecke-16515005,degC
2021-06-07 21:00:00+00:00,14.425,14.4,14.5,4,0,0,muenchen-himmelreichbruecke-16515005,degC
2021-06-07 22:00:00+00:00,14.25,14.2,14.3,4,0,0,muenchen-himmelreichbruecke-16515005,degC
2021-06-07 23:00:00+00:00,14.0,13.9,14.1,4,0,0,muenchen-himmelreichbruecke-16515005,degC
2021-06-08 00:00:00+00:00,13.725,13.6,13.8,4,0,0,muenchen-himmelreichbruecke-16515005,degC
2021-06-08 01:00:00+00:00,13.525,13.4,13.6,4,0,0,muenchen-himmelreichbruecke-16515005,degC
2021-06-08 02:00:00+00:00,13.350000000000001,13.3,13.4,4,0,0,muenchen-himmelreichbruecke-16515005,degC
2021-06-08 03:00:00+00:00,13.25,13.2,13.3,4,0,0,muenchen-himmelreichbruecke-16515005,degC
2021-06-08 04:00:00+00:00,13.2,13.2,13.2,4,0,0,muenchen-himmelreichbruecke-16515005,degC
2021-06-08 05:00:00+00:00,13.174999999999999,13.1,13.2,4,0,0,muenchen-himmelreichbruecke-16515005,degC
2021-06-08 06:00:00+00:00,13.2,13.2,13.2,4,0,0,muenchen-himmelreichbruecke-16515005,degC
2021-06-08 07:00:00+00:00,13.350000000000001,13.3,13.4,4,0,0,muenchen-himmelreichbruecke-16515005,degC
2021-06-08 08:00:00+00:00,13.575,13.5,13.7,4,0,0,muenchen-himmelreichbruecke-16515005,degC
2021-06-08 09:00:00+00:00,13.8,13.7,13.9,4,0,0,muenchen-himmelreichbruecke-16515005,degC
2021-06-08 10:00:00+00:00,13.925,13.9,14.0,4,0,0,muenchen-himmelreichbruecke-16515005,degC
2021-06-08 11:00:00+00:00,14.05,14.0,14.1,4,0,0,muenchen-himmelreichbruecke-16515005,degC
2021-06-08 12:00:00+00:00,14.149999999999999,14.1,14.2,4,0,0,muenchen-himmelreichbruecke-16515005,degC
2021-06-08 13:00:00+00:00,14.3,14.3,14.3,4,0,0,muenchen-himmelreichbruecke-16515005,degC
2021-06-08 14:00:00+00:00,14.325000000000001,14.3,14.4,4,0,0,muenchen-himmelreichbruecke-16515005,degC
2021-06-08 15:00:00+00:00,14.45,14.4,14.5,4,0,0,muenchen-himmelreichbruecke-16515005,degC
2021-06-08 16:00:00+00:00,14.625,14.6,14.7,4,0,0,muenchen-himmelreichbruecke-16515005,degC
2021-06-08 17:00:00+00:00,14.775,14.7,14.8,4,0,0,muenchen-himmelreichbruecke-16515005,degC
2021-06-08 18:00:00+00:00,14.925,14.9,15.0,4,0,0,muenchen-himmelreichbruecke-16515005,degC
2021-06-08 19:00:00+00:00,14.9,14.9,14.9,4,0,0,muenchen-himmelreichbruecke-16515005,degC
2021-06-08 20:00:00+00:00,14.9,14.9,14.9,4,0,0,muenchen-himmelreichbruecke-16515005,degC
2021-06-08 21:00:00+00:00,14.8,14.7,14.9,4,0,0,muenchen-himmelreichbruecke-16515005,degC
2021-06-08 22:00:00+00:00,14.6,14.5,14.7,4,0,0,muenchen-himmelreichbruecke-16515005,degC
2021-06-08 23:00:00+00:00,14.375,14.3,14.5,4,0,0,muenchen-himmelreichbruecke-16515005,degC
2021-06-09 00:00:00+00:00,14.125,14.0,14.2,4,0,0,muenchen-himmelreichbruecke-16515005,degC
2021-06-09 01:00:00+00:00,13.875,13.8,14.0,4,0,0,muenchen-himmelreichbruecke-16515005,degC
2021-06-09 02:00:00+00:00,13.6,13.5,13.7,4,0,0,muenchen-himmelreichbruecke-16515005,degC
2021-06-09 03:00:00+00:00,13.425,13.4,13.5,4,0,0,muenchen-himmelreichbruecke-16515005,degC
2021-06-09 04:00:00+00:00,13.3,13.3,13.3,4,0,0,muenchen-himmelreichbruecke-16515005,degC
2021-06-09 05:00:00+00:00,13.3,13.3,13.3,4,0,0,muenchen-himmelreichbruecke-16515005,degC
2021-06-09 06:00:00+00:00,13.375,13.3,13.4,4,0,0,muenchen-himmelreichbruecke-16515005,degC
2021-06-09 07:00:00+00:00,13.6,13.5,13.7,4,0,0,muenchen-himmelreichbruecke-16515005,degC
2021-06-09 08:00:00+00:00,13.875,13.8,14.0,4,0,0,muenchen-himmelreichbruecke-16515005,degC
2021-06-09 09:00:00+00:00,14.1,14.0,14.2,4,0,0,muenchen-himmelreichbruecke-16515005,degC
2021-06-09 10:00:00+00:00,14.350000000000001,14.3,14.4,4,0,0,muenchen-himmelreichbruecke-16515005,degC
2021-06-09 11:00:00+00:00,14.525,14.5,14.6,4,0,0,muenchen-himmelreichbruecke-16515005,degC
2021-06-09 12:00:00+00:00,14.8,14.7,14.9,4,0,0,muenchen-himmelreichbruecke-16515005,degC
2021-06-09 13:00:00+00:00,14.925,14.9,15.0,4,0,0,muenchen-himmelreichbruecke-16515005,degC
2021-06-09 14:00:00+00:00,15.05,15.0,15.1,4,0,0,muenchen-himmelreichbruecke-16515005,degC
2021-06-09 15:00:00+00:00,15.05,15.0,15.1,4,0,0,muenchen-himmelreichbruecke-16515005,degC
2021-06-09 16:00:00+00:00,15.075,15.0,15.1,4,0,0,muenchen-himmelreichbruecke-16515005,degC
2021-06-09 17:00:00+00:00,15.174999999999999,15.1,15.2,4,0,0,muenchen-himmelreichbruecke-16515005,degC
2021-06-09 18:00:00+00:00,15.125,15.0,15.2,4,0,0,muenchen-himmelreichbruecke-16515005,degC
2021-06-09 19:00:00+00:00,14.9,14.8,15.0,4,0,0,muenchen-himmelreichbruecke-16515005,degC
2021-06-09 20:00:00+00:00,14.65,14.5,14.8,4,0,0,muenchen-himmelreichbruecke-16515005,degC
2021-06-09 21:00:00+00:00,14.25,14.1,14.4,4,0,0,muenchen-himmelreichbruecke-16515005,degC
2021-06-09 22:00:00+00:00,13.925,13.8,14.0,4,0,0,muenchen-himmelreichbruecke-16515005,degC
2021-06-09 23:00:00+00:00,13.6,13.5,13.7,4,0,0,muenchen-himmelreichbruecke-16515005,degC
2021-06-10 00:00:00+00:00,13.375,13.3,13.5,4,0,0,muenchen-himmelreichbruecke-16515005,degC
2021-06-10 01:00:00+00:00,13.225,13.2,13.3,4,0,0,muenchen-himmelreichbruecke-16515005,degC
2021-06-10 02:00:00+00:00,13.174999999999999,13.1,13.2,4,0,0,muenchen-himmelreichbruecke-16515005,degC
2021-06-10 03:00:00+00:00,13.2,13.2,13.2,4,0,0,muenchen-himmelreichbruecke-16515005,degC
2021-06-10 04:00:00+00:00,13.2,13.2,13.2,4,0,0,muenchen-himmelreichbruecke-16515005,degC
2021-06-10 05:00:00+00:00,13.2,13.2,13.2,4,0,0,muenchen-himmelreichbruecke-16515005,degC
2021-06-10 06:00:00+00:00,13.2,13.2,13.2,4,0,0,muenchen-himmelreichbruecke-16515005,degC
2021-06-10 07:00:00+00:00,13.275,13.2,13.3,4,0,0,muenchen-himmelreichbruecke-16515005,degC
2021-06-10 08:00:00+00:00,13.375,13.3,13.4,4,0,0,muenchen-himmelreichbruecke-16515005,degC
2021-06-10 09:00:00+00:00,13.425,13.4,13.5,4,0,0,muenchen-himmelreichbruecke-16515005,degC
2021-06-10 10:00:00+00:00,13.575,13.5,13.6,4,0,0,muenchen-himmelreichbruecke-16515005,degC
2021-06-10 11:00:00+00:00,13.725,13.7,13.8,4,0,0,muenchen-himmelreichbruecke-16515005,degC
2021-06-10 12:00:00+00:00,13.850000000000001,13.8,13.9,4,0,0,muenchen-himmelreichbruecke-16515005,degC
2021-06-10 13:00:00+00:00,14.025,14.0,14.1,4,0,0,muenchen-himmelreichbruecke-16515005,degC
2021-06-10 14:00:00+00:00,14.174999999999999,14.1,14.2,4,0,0,muenchen-himmelreichbruecke-16515005,degC
2021-06-10 15:00:00+00:00,14.4,14.3,14.5,4,0,0,muenchen-himmelreichbruecke-16515005,degC
2021-06-10 16:00:00+00:00,14.5,14.5,14.5,4,0,0,muenchen-himmelreichbruecke-16515005,degC
2021-06-10 17:00:00+00:00,14.4,14.4,14.4,4,0,0,muenchen-himmelreichbruecke-16515005,degC
2021-06-10 18:00:00+00:00,14.4,14.4,14.4,4,0,0,muenchen-himmelreichbruecke-16515005,degC
2021-06-10 19:00:00+00:00,14.3,14.3,14.3,4,0,0,muenchen-himmelreichbruecke-16515005,degC
2021-06-10 20:00:00+00:00,14.225,14.2,14.3,4,0,0,muenchen-himmelreichbruecke-16515005,degC
2021-06-10 21:00:00+00:00,14.1,14.1,14.1,4,0,0,muenchen-himmelreichbruecke-16515005,degC
2021-06-10 22:00:00+00:00,14.1,14.1,14.1,4,0,0,muenchen-himmelreichbruecke-16515005,degC
2021-06-10 23:00:00+00:00,14.075,14.0,14.1,4,0,0,muenchen-himmelreichbruecke-16515005,degC
2021-06-11 00:00:00+00:00,14.0,14.0,14.0,4,0,0,muenchen-himmelreichbruecke-16515005,degC
2021-06-11 01:00:00+00:00,13.9,13.9,13.9,4,0,0,muenchen-himmelreichbruecke-16515005,degC
2021-06-11 02:00:00+00:00,13.9,13.9,13.9,4,0,0,muenchen-himmelreichbruecke-16515005,degC
2021-06-11 03:00:00+00:00,13.925,13.9,14.0,4,0,0,muenchen-himmelreichbruecke-16515005,degC
2021-06-11 04:00:00+00:00,14.0,14.0,14.0,4,0,0,muenchen-himmelreichbruecke-16515005,degC
2021-06-11 05:00:00+00:00,14.025,14.0,14.1,4,0,0,muenchen-himmelreichbruecke-16515005,degC
2021-06-11 06:00:00+00:00,14.125,14.1,14.2,4,0,0,muenchen-himmelreichbruecke-16515005,degC
2021-06-11 07:00:00+00:00,14.525,14.4,14.6,4,0,0,muenchen-himmelreichbruecke-16515005,degC
2021-06-11 08:00:00+00:00,14.55,14.5,14.7,4,0,0,muenchen-himmelreichbruecke-16515005,degC
2021-06-11 09:00:00+00:00,14.649999999999999,14.6,14.7,4,0,0,muenchen-himmelreichbruecke-16515005,degC
2021-06-11 10:00:00+00:00,14.75,14.7,14.8,4,0,0,muenchen-himmelreichbruecke-16515005,degC
2021-06-11 11:00:00+00:00,14.875,14.8,14.9,4,0,0,muenchen-himmelreichbruecke-16515005,degC
2021-06-11 12:00:00+00:00,14.95,14.9,15.0,4,0,0,muenchen-himmelreichbruecke-16515005,degC
2021-06-11 13:00:00+00:00,15.025,15.0,15.1,4,0,0,muenchen-himmelreichbruecke-16515005,degC
2021-06-11 14:00:00+00:00,15.1,15.1,15.1,4,0,0,muenchen-himmelreichbruecke-16515005,degC
2021-06-11 15:00:00+00:00,15.0,15.0,15.0,4,0,0,muenchen-himmelreichbruecke-16515005,degC
2021-06-11 16:00:00+00:00,15.075,15.0,15.1,4,0,0,muenchen-himmelreichbruecke-16515005,degC
2021-06-11 17:00:00+00:00,15.1,15.1,15.1,4,0,0,muenchen-himmelreichbruecke-16515005,degC
2021-06-11 18:00:00+00:00,15.05,15.0,15.1,4,0,0,muenchen-himmelreichbruecke-16515005,degC
2021-06-11 19:00:00+00:00,15.025,15.0,15.1,4,0,0,muenchen-himmelreichbruecke-16515005,degC
2021-06-11 20:00:00+00:00,15.1,15.1,15.1,4,0,0,muenchen-himmelreichbruecke-16515005,degC
2021-06-11 21:00:00+00:00,15.2,15.2,15.2,4,0,0,muenchen-himmelreichbruecke-16515005,degC
2021-06-11 22:00:00+00:00,15.2,15.2,15.2,4,0,0,muenchen-himmelreichbruecke-16515005,degC
2021-06-11 23:00:00+00:00,15.125,15.1,15.2,4,0,0,muenchen-himmelreichbruecke-16515005,degC
2021-06-12 00:00:00+00:00,14.9,14.8,15.0,4,0,0,muenchen-himmelreichbruecke-16515005,degC
2021-06-12 01:00:00+00:00,14.649999999999999,14.6,14.7,4,0,0,muenchen-himmelreichbruecke-16515005,degC
2021-06-12 02:00:00+00:00,14.5,14.4,14.6,4,0,0,muenchen-himmelreichbruecke-16515005,degC
2021-06-12 03:00:00+00:00,14.350000000000001,14.3,14.4,4,0,0,muenchen-himmelreichbruecke-16515005,degC
2021-06-12 04:00:00+00:00,14.174999999999999,14.1,14.2,4,0,0,muenchen-himmelreichbruecke-16515005,degC
2021-06-12 05:00:00+00:00,14.1,14.1,14.1,4,0,0,muenchen-himmelreichbruecke-16515005,degC
2021-06-12 06:00:00+00:00,14.1,14.1,14.1,4,0,0,muenchen-himmelreichbruecke-16515005,degC
2021-06-12 07:00:00+00:00,14.174999999999999,14.1,14.2,4,0,0,muenchen-himmelreichbruecke-16515005,degC
2021-06-12 08:00:00+00:00,14.350000000000001,14.3,14.4,4,0,0,muenchen-himmelreichbruecke-16515005,degC
2021-06-12 09:00:00+00:00,14.6,14.5,14.7,4,0,0,muenchen-himmelreichbruecke-16515005,degC
2021-06-12 10:00:00+00:00,14.95,14.8,15.1,4,0,0,muenchen-himmelreichbruecke-16515005,degC
2021-06-12 11:00:00+00:00,15.3,15.2,15.4,4,0,0,muenchen-himmelreichbruecke-16515005,degC
2021-06-12 12:00:00+00:00,15.5,15.4,15.6,4,0,0,muenchen-himmelreichbruecke-16515005,degC
2021-06-12 13:00:00+00:00,15.725,15.7,15.8,4,0,0,muenchen-himmelreichbruecke-16515005,degC
2021-06-12 14:00:00+00:00,15.775,15.7,15.8,4,0,0,muenchen-himmelreichbruecke-16515005,degC
2021-06-12 15:00:00+00:00,15.8,15.8,15.8,4,0,0,muenchen-himmelreichbruecke-16515005,degC
2021-06-12 16:00:00+00:00,15.75,15.7,15.8,4,0,0,muenchen-himmelreichbruecke-16515005,degC
2021-06-12 17:00:00+00:00,15.7,15.7,15.7,4,0,0,muenchen-himmelreichbruecke-16515005,degC
2021-06-12 18:00:00+00:00,15.725,15.7,15.8,4,0,0,muenchen-himmelreichbruecke-16515005,degC
2021-06-12 19:00:00+00:00,15.7,15.7,15.7,4,0,0,muenchen-himmelreichbruecke-16515005,degC
2021-06-12 20:00:00+00:00,15.7,15.7,15.7,4,0,0,muenchen-himmelreichbruecke-16515005,degC
2021-06-12 21:00:00+00:00,15.649999999999999,15.6,15.7,4,0,0,muenchen-himmelreichbruecke-16515005,degC
2021-06-12 22:00:00+00:00,15.5,15.4,15.6,4,0,0,muenchen-himmelreichbruecke-16515005,degC
2021-06-12 23:00:00+00:00,15.25,15.2,15.3,4,0,0,muenchen-himmelreichbruecke-16515005,degC
2021-06-13 00:00:00+00:00,15.05,15.0,15.1,4,0,0,muenchen-himmelreichbruecke-16515005,degC
2021-06-13 01:00:00+00:00,14.850000000000001,14.8,14.9,4,0,0,muenchen-himmelreichbruecke-16515005,degC
2021-06-13 02:00:00+00:00,14.725,14.7,14.8,4,0,0,muenchen-himmelreichbruecke-16515005,degC
2021-06-13 03:00:00+00:00,14.7,14.7,14.7,4,0,0,muenchen-himmelreichbruecke-16515005,degC
2021-06-13 04:00:00+00:00,14.6,14.6,14.6,4,0,0,muenchen-himmelreichbruecke-16515005,degC
2021-06-13 05:00:00+00:00,14.55,14.5,14.6,4,0,0,muenchen-himmelreichbruecke-16515005,degC
2021-06-13 06:00:00+00:00,14.6,14.6,14.6,4,0,0,muenchen-himmelreichbruecke-16515005,degC
2021-06-13 07:00:00+00:00,14.649999999999999,14.6,14.7,4,0,0,muenchen-himmelreichbruecke-16515005,degC
2021-06-13 08:00:00+00:00,14.85,14.7,15.0,4,0,0,muenchen-himmelreichbruecke-16515005,degC
2021-06-13 09:00:00+00:00,15.125,15.0,15.2,4,0,0,muenchen-himmelreichbruecke-16515005,degC
2021-06-13 10:00:00+00:00,15.45,15.3,15.6,4,0,0,muenchen-himmelreichbruecke-16515005,degC
2021-06-13 11:00:00+00:00,15.725,15.6,15.8,4,0,0,muenchen-himmelreichbruecke-16515005,degC
2021-06-13 12:00:00+00:00,15.975000000000001,15.9,16.1,4,0,0,muenchen-himmelreichbruecke-16515005,degC
2021-06-13 13:00:00+00:00,16.225,16.2,16.3,4,0,0,muenchen-himmelreichbruecke-16515005,degC
2021-06-13 14:00:00+00:00,16.35,16.3,16.4,4,0,0,muenchen-himmelreichbruecke-16515005,degC
2021-06-13 15:00:00+00:00,16.4,16.4,16.4,4,0,0,muenchen-himmelreichbruecke-16515005,degC
2021-06-13 16:00:00+00:00,16.5,16.5,16.5,4,0,0,muenchen-himmelreichbruecke-16515005,degC
2021-06-13 17:00:00+00:00,16.5,16.5,16.5,4,0,0,muenchen-himmelreichbruecke-16515005,degC
2021-06-13 18:00:00+00:00,16.424999999999997,16.4,16.5,4,0,0,muenchen-himmelreichbruecke-16515005,degC
2021-06-13 19:00:00+00:00,16.375,16.3,16.4,4,0,0,muenchen-himmelreichbruecke-16515005,degC
2021-06-13 20:00:00+00:00,16.275,16.2,16.3,4,0,0,muenchen-himmelreichbruecke-16515005,degC
2021-06-13 21:00:00+00:00,16.15,16.1,16.2,4,0,0,muenchen-himmelreichbruecke-16515005,degC
2021-06-13 22:00:00+00:00,16.0,15.9,16.1,4,0,0,muenchen-himmelreichbruecke-16515005,degC
2021-06-13 23:00:00+00:00,15.8,15.7,15.9,4,0,0,muenchen-himmelreichbruecke-16515005,degC
2021-06-14 00:00:00+00:00,15.6,15.5,15.7,4,0,0,muenchen-himmelreichbruecke-16515005,degC
2021-06-14 01:00:00+00:00,15.325,15.2,15.4,4,0,0,muenchen-himmelreichbruecke-16515005,degC
2021-06-14 02:00:00+00:00,15.025,14.9,15.1,4,0,0,muenchen-himmelreichbruecke-16515005,degC
2021-06-14 03:00:00+00:00,14.8,14.7,14.9,4,0,0,muenchen-himmelreichbruecke-16515005,degC
2021-06-14 04:00:00+00:00,14.575,14.5,14.7,4,0,0,muenchen-himmelreichbruecke-16515005,degC
2021-06-14 05:00:00+00:00,14.375,14.3,14.4,4,0,0,muenchen-himmelreichbruecke-16515005,degC
2021-06-14 06:00:00+00:00,14.3,14.3,14.3,4,0,0,muenchen-himmelreichbruecke-16515005,degC
2021-06-14 07:00:00+00:00,14.2,14.2,14.2,4,0,0,muenchen-himmelreichbruecke-16515005,degC
2021-06-14 08:00:00+00:00,14.275,14.2,14.3,4,0,0,muenchen-himmelreichbruecke-16515005,degC
2021-06-14 09:00:00+00:00,14.5,14.4,14.6,4,0,0,muenchen-himmelreichbruecke-16515005,degC
2021-06-14 10:00:00+00:00,14.775,14.7,14.9,4,0,0,muenchen-himmelreichbruecke-16515005,degC
2021-06-14 11:00:00+00:00,15.15,15.0,15.3,4,0,0,muenchen-himmelreichbruecke-16515005,degC
2021-06-14 12:00:00+00:00,15.55,15.4,15.7,4,0,0,muenchen-himmelreichbruecke-16515005,degC
2021-06-14 13:00:00+00:00,15.875,15.8,16.0,4,0,0,muenchen-himmelreichbruecke-16515005,degC
2021-06-14 14:00:00+00:00,16.175,16.1,16.3,4,0,0,muenchen-himmelreichbruecke-16515005,degC
2021-06-14 15:00:00+00:00,16.4,16.3,16.5,4,0,0,muenchen-himmelreichbruecke-16515005,degC
2021-06-14 16:00:00+00:00,16.6,16.5,16.7,4,0,0,muenchen-himmelreichbruecke-16515005,degC
2021-06-14 17:00:00+00:00,16.775,16.7,16.8,4,0,0,muenchen-himmelreichbruecke-16515005,degC
2021-06-14 18:00:00+00:00,16.875,16.8,16.9,4,0,0,muenchen-himmelreichbruecke-16515005,degC
2021-06-14 19:00:00+00:00,16.875,16.8,16.9,4,0,0,muenchen-himmelreichbruecke-16515005,degC
2021-06-14 20:00:00+00:00,16.75,16.7,16.8,4,0,0,muenchen-himmelreichbruecke-16515005,degC
2021-06-14 21:00:00+00:00,16.55,16.5,16.6,4,0,0,muenchen-himmelreichbruecke-16515005,degC
2021-06-14 22:00:00+00:00,16.325,16.2,16.4,4,0,0,muenchen-himmelreichbruecke-16515005,degC
2021-06-14 23:00:00+00:00,16.05,15.9,16.2,4,0,0,muenchen-himmelreichbruecke-16515005,degC
2021-06-15 00:00:00+00:00,15.725,15.6,15.8,4,0,0,muenchen-himmelreichbruecke-16515005,degC
2021-06-15 01:00:00+00:00,15.425,15.3,15.5,4,0,0,muenchen-himmelreichbruecke-16515005,degC
2021-06-15 02:00:00+00:00,15.15,15.0,15.3,4,0,0,muenchen-himmelreichbruecke-16515005,degC
2021-06-15 03:00:00+00:00,14.875,14.8,15.0,4,0,0,muenchen-himmelreichbruecke-16515005,degC
2021-06-15 04:00:00+00:00,14.649999999999999,14.6,14.7,4,0,0,muenchen-himmelreichbruecke-16515005,degC
2021-06-15 05:00:00+00:00,14.5,14.5,14.5,4,0,0,muenchen-himmelreichbruecke-16515005,degC
2021-06-15 06:00:00+00:00,14.625,14.5,14.7,4,0,0,muenchen-himmelreichbruecke-16515005,degC
2021-06-15 07:00:00+00:00,14.75,14.7,14.8,4,0,0,muenchen-himmelreichbruecke-16515005,degC
2021-06-15 08:00:00+00:00,15.0,14.9,15.2,4,0,0,muenchen-himmelreichbruecke-16515005,degC
2021-06-15 09:00:00+00:00,15.475,15.3,15.7,4,0,0,muenchen-himmelreichbruecke-16515005,degC
2021-06-15 10:00:00+00:00,15.950000000000001,15.8,16.1,4,0,0,muenchen-himmelreichbruecke-16515005,degC
2021-06-15 11:00:00+00:00,16.45,16.3,16.6,4,0,0,muenchen-himmelreichbruecke-16515005,degC
2021-06-15 12:00:00+00:00,16.75,16.6,16.9,4,0,0,muenchen-himmelreichbruecke-16515005,degC
2021-06-15 13:00:00+00:00,17.075,17.0,17.2,4,0,0,muenchen-himmelreichbruecke-16515005,degC
2021-06-15 14:00:00+00:00,17.25,17.2,17.3,4,0,0,muenchen-himmelreichbruecke-16515005,degC
2021-06-15 15:00:00+00:00,17.375,17.3,17.4,4,0,0,muenchen-himmelreichbruecke-16515005,degC
2021-06-15 16:00:00+00:00,17.5,17.5,17.5,4,0,0,muenchen-himmelreichbruecke-16515005,degC
2021-06-15 17:00:00+00:00,17.5,17.5,17.5,4,0,0,muenchen-himmelreichbruecke-16515005,degC
2021-06-15 18:00:00+00:00,17.5,17.5,17.5,4,0,0,muenchen-himmelreichbruecke-16515005,degC
2021-06-15 19:00:00+00:00,17.5,17.5,17.5,4,0,0,muenchen-himmelreichbruecke-16515005,degC
2021-06-15 20:00:00+00:00,17.45,17.4,17.5,4,0,0,muenchen-himmelreichbruecke-16515005,degC
2021-06-15 21:00:00+00:00,17.275,17.1,17.4,4,0,0,muenchen-himmelreichbruecke-16515005,degC
2021-06-15 22:00:00+00:00,16.95,16.9,17.0,4,0,0,muenchen-himmelreichbruecke-16515005,degC
2021-06-15 23:00:00+00:00,16.7,16.6,16.8,4,0,0,muenchen-himmelreichbruecke-16515005,degC
2021-06-16 00:00:00+00:00,16.35,16.2,16.5,4,0,0,muenchen-himmelreichbruecke-16515005,degC
2021-06-16 01:00:00+00:00,15.950000000000001,15.8,16.1,4,0,0,muenchen-himmelreichbruecke-16515005,degC
2021-06-16 02:00:00+00:00,15.55,15.4,15.7,4,0,0,muenchen-himmelreichbruecke-16515005,degC
2021-06-16 03:00:00+00:00,15.15,15.0,15.3,4,0,0,muenchen-himmelreichbruecke-16515005,degC
2021-06-16 04:00:00+00:00,14.850000000000001,14.8,14.9,4,0,0,muenchen-himmelreichbruecke-16515005,degC
2021-06-16 05:00:00+00:00,14.674999999999999,14.6,14.7,4,0,0,muenchen-himmelreichbruecke-16515005,degC
2021-06-16 06:00:00+00:00,14.625,14.6,14.7,4,0,0,muenchen-himmelreichbruecke-16515005,degC
2021-06-16 07:00:00+00:00,14.75,14.7,14.8,4,0,0,muenchen-himmelreichbruecke-16515005,degC
2021-06-16 08:00:00+00:00,15.05,14.9,15.2,4,0,0,muenchen-himmelreichbruecke-16515005,degC
2021-06-16 09:00:00+00:00,15.5,15.3,15.7,4,0,0,muenchen-himmelreichbruecke-16515005,degC
2021-06-16 10:00:00+00:00,15.950000000000001,15.8,16.1,4,0,0,muenchen-himmelreichbruecke-16515005,degC
2021-06-16 11:00:00+00:00,16.325,16.2,16.4,4,0,0,muenchen-himmelreichbruecke-16515005,degC
2021-06-16 12:00:00+00:00,16.65,16.5,16.8,4,0,0,muenchen-himmelreichbruecke-16515005,degC
2021-06-16 13:00:00+00:00,16.975,16.9,17.1,4,0,0,muenchen-himmelreichbruecke-16515005,degC
2021-06-16 14:00:00+00:00,17.2,17.1,17.3,4,0,0,muenchen-himmelreichbruecke-16515005,degC
2021-06-16 15:00:00+00:00,17.35,17.3,17.4,4,0,0,muenchen-himmelreichbruecke-16515005,degC
2021-06-16 16:00:00+00:00,17.4,17.4,17.4,4,0,0,muenchen-himmelreichbruecke-16515005,degC
2021-06-16 17:00:00+00:00,17.3,17.3,17.3,4,0,0,muenchen-himmelreichbruecke-16515005,degC
2021-06-16 18:00:00+00:00,17.275,17.2,17.3,4,0,0,muenchen-himmelreichbruecke-16515005,degC
2021-06-16 19:00:00+00:00,17.175,17.1,17.2,4,0,0,muenchen-himmelreichbruecke-16515005,degC
2021-06-16 20:00:00+00:00,17.075000000000003,17.0,17.1,4,0,0,muenchen-himmelreichbruecke-16515005,degC
2021-06-16 21:00:00+00:00,16.9,16.8,17.0,4,0,0,muenchen-himmelreichbruecke-16515005,degC
2021-06-16 22:00:00+00:00,16.7,16.6,16.8,4,0,0,muenchen-himmelreichbruecke-16515005,degC
2021-06-16 23:00:00+00:00,16.5,16.4,16.6,4,0,0,muenchen-himmelreichbruecke-16515005,degC
2021-06-17 00:00:00+00:00,16.25,16.2,16.3,4,0,0,muenchen-himmelreichbruecke-16515005,degC
2021-06-17 01:00:00+00:00,16.0,15.9,16.1,4,0,0,muenchen-himmelreichbruecke-16515005,degC
2021-06-17 02:00:00+00:00,15.725,15.6,15.8,4,0,0,muenchen-himmelreichbruecke-16515005,degC
2021-06-17 03:00:00+00:00,15.4,15.3,15.5,4,0,0,muenchen-himmelreichbruecke-16515005,degC
2021-06-17 04:00:00+00:00,15.175,15.1,15.3,4,0,0,muenchen-himmelreichbruecke-16515005,degC
2021-06-17 05:00:00+00:00,14.925,14.9,15.0,4,0,0,muenchen-himmelreichbruecke-16515005,degC
2021-06-17 06:00:00+00:00,14.825000000000001,14.8,14.9,4,0,0,muenchen-himmelreichbruecke-16515005,degC
2021-06-17 07:00:00+00:00,14.875,14.8,15.0,4,0,0,muenchen-himmelreichbruecke-16515005,degC
2021-06-17 08:00:00+00:00,15.225,15.0,15.4,4,0,0,muenchen-himmelreichbruecke-16515005,degC
2021-06-17 09:00:00+00:00,15.675,15.5,15.9,4,0,0,muenchen-himmelreichbruecke-16515005,degC
2021-06-17 10:00:00+00:00,16.175,16.0,16.4,4,0,0,muenchen-himmelreichbruecke-16515005,degC
2021-06-17 11:00:00+00:00,16.65,16.5,16.8,4,0,0,muenchen-himmelreichbruecke-16515005,degC
2021-06-17 12:00:00+00:00,17.1,16.9,17.2,4,0,0,muenchen-himmelreichbruecke-16515005,degC
2021-06-17 13:00:00+00:00,17.45,17.3,17.6,4,0,0,muenchen-himmelreichbruecke-16515005,degC
2021-06-17 14:00:00+00:00,17.65,17.6,17.7,4,0,0,muenchen-himmelreichbruecke-16515005,degC
2021-06-17 15:00:00+00:00,17.775,17.7,17.8,4,0,0,muenchen-himmelreichbruecke-16515005,degC
2021-06-17 16:00:00+00:00,17.75,17.7,17.8,4,0,0,muenchen-himmelreichbruecke-16515005,degC
2021-06-17 17:00:00+00:00,17.8,17.8,17.8,4,0,0,muenchen-himmelreichbruecke-16515005,degC
2021-06-17 18:00:00+00:00,17.675,17.5,17.8,4,0,0,muenchen-himmelreichbruecke-16515005,degC
2021-06-17 19:00:00+00:00,17.5,17.5,17.5,4,0,0,muenchen-himmelreichbruecke-16515005,degC
2021-06-17 20:00:00+00:00,17.5,17.5,17.5,4,0,0,muenchen-himmelreichbruecke-16515005,degC
2021-06-17 21:00:00+00:00,17.5,17.5,17.5,4,0,0,muenchen-himmelreichbruecke-16515005,degC
2021-06-17 22:00:00+00:00,17.375,17.3,17.4,4,0,0,muenchen-himmelreichbruecke-16515005,degC
2021-06-17 23:00:00+00:00,17.2,17.1,17.3,4,0,0,muenchen-himmelreichbruecke-16515005,degC
2021-06-18 00:00:00+00:00,16.975,16.9,17.1,4,0,0,muenchen-himmelreichbruecke-16515005,degC
2021-06-18 01:00:00+00:00,16.65,16.5,16.8,4,0,0,muenchen-himmelreichbruecke-16515005,degC
2021-06-18 02:00:00+00:00,16.325,16.2,16.4,4,0,0,muenchen-himmelreichbruecke-16515005,degC
2021-06-18 03:00:00+00:00,15.975000000000001,15.9,16.1,4,0,0,muenchen-himmelreichbruecke-16515005,degC
2021-06-18 04:00:00+00:00,15.675,15.6,15.8,4,0,0,muenchen-himmelreichbruecke-16515005,degC
2021-06-18 05:00:00+00:00,15.475,15.4,15.5,4,0,0,muenchen-himmelreichbruecke-16515005,degC
2021-06-18 06:00:00+00:00,15.4,15.4,15.4,4,0,0,muenchen-himmelreichbruecke-16515005,degC
2021-06-18 07:00:00+00:00,15.6,15.4,15.8,4,0,0,muenchen-himmelreichbruecke-16515005,degC
2021-06-18 08:00:00+00:00,15.875,15.8,16.0,4,0,0,muenchen-himmelreichbruecke-16515005,degC
2021-06-18 09:00:00+00:00,16.1,16.0,16.2,4,0,0,muenchen-himmelreichbruecke-16515005,degC
2021-06-18 10:00:00+00:00,16.45,16.3,16.6,4,0,0,muenchen-himmelreichbruecke-16515005,degC
2021-06-18 11:00:00+00:00,16.775,16.6,16.9,4,0,0,muenchen-himmelreichbruecke-16515005,degC
2021-06-18 12:00:00+00:00,17.25,17.1,17.4,4,0,0,muenchen-himmelreichbruecke-16515005,degC
2021-06-18 13:00:00+00:00,17.675,17.5,17.9,4,0,0,muenchen-himmelreichbruecke-16515005,degC
2021-06-18 14:00:00+00:00,18.1,18.0,18.2,4,0,0,muenchen-himmelreichbruecke-16515005,degC
2021-06-18 15:00:00+00:00,18.325,18.2,18.4,4,0,0,muenchen-himmelreichbruecke-16515005,degC
2021-06-18 16:00:00+00:00,18.55,18.5,18.6,4,0,0,muenchen-himmelreichbruecke-16515005,degC
2021-06-18 17:00:00+00:00,18.525,18.4,18.7,4,0,0,muenchen-himmelreichbruecke-16515005,degC
2021-06-18 18:00:00+00:00,18.525,18.5,18.6,4,0,0,muenchen-himmelreichbruecke-16515005,degC
2021-06-18 19:00:00+00:00,18.6,18.6,18.6,4,0,0,muenchen-himmelreichbruecke-16515005,degC
2021-06-18 20:00:00+00:00,18.6,18.6,18.6,4,0,0,muenchen-himmelreichbruecke-16515005,degC
2021-06-18 21:00:00+00:00,18.6,18.6,18.6,4,0,0,muenchen-himmelreichbruecke-16515005,degC
2021-06-18 22:00:00+00:00,18.525,18.5,18.6,4,0,0,muenchen-himmelreichbruecke-16515005,degC
2021-06-18 23:00:00+00:00,18.424999999999997,18.4,18.5,4,0,0,muenchen-himmelreichbruecke-16515005,degC
2021-06-19 00:00:00+00:00,18.275,18.2,18.3,4,0,0,muenchen-himmelreichbruecke-16515005,degC
2021-06-19 01:00:00+00:00,18.05,18.0,18.1,4,0,0,muenchen-himmelreichbruecke-16515005,degC
2021-06-19 02:00:00+00:00,17.775,17.7,17.9,4,0,0,muenchen-himmelreichbruecke-16515005,degC
2021-06-19 03:00:00+00:00,17.475,17.4,17.6,4,0,0,muenchen-himmelreichbruecke-16515005,degC
2021-06-19 04:00:00+00:00,17.175,17.1,17.3,4,0,0,muenchen-himmelreichbruecke-16515005,degC
2021-06-19 05:00:00+00:00,16.9,16.8,17.0,4,0,0,muenchen-himmelreichbruecke-16515005,degC
2021-06-19 06:00:00+00:00,16.675,16.6,16.8,4,0,0,muenchen-himmelreichbruecke-16515005,degC
2021-06-19 07:00:00+00:00,16.475,16.4,16.5,4,0,0,muenchen-himmelreichbruecke-16515005,degC
2021-06-19 08:00:00+00:00,16.35,16.3,16.4,4,0,0,muenchen-himmelreichbruecke-16515005,degC
2021-06-19 09:00:00+00:00,16.45,16.4,16.5,4,0,0,muenchen-himmelreichbruecke-16515005,degC
2021-06-19 10:00:00+00:00,16.75,16.6,16.9,4,0,0,muenchen-himmelreichbruecke-16515005,degC
2021-06-19 11:00:00+00:00,17.05,16.9,17.2,4,0,0,muenchen-himmelreichbruecke-16515005,degC
2021-06-19 12:00:00+00:00,17.45,17.3,17.6,4,0,0,muenchen-himmelreichbruecke-16515005,degC
2021-06-19 13:00:00+00:00,17.85,17.7,18.0,4,0,0,muenchen-himmelreichbruecke-16515005,degC
2021-06-19 14:00:00+00:00,18.225,18.0,18.4,4,0,0,muenchen-himmelreichbruecke-16515005,degC
2021-06-19 15:00:00+00:00,18.625,18.5,18.7,4,0,0,muenchen-himmelreichbruecke-16515005,degC
2021-06-19 16:00:00+00:00,18.875,18.8,19.0,4,0,0,muenchen-himmelreichbruecke-16515005,degC
2021-06-19 17:00:00+00:00,19.125,19.1,19.2,4,0,0,muenchen-himmelreichbruecke-16515005,degC
2021-06-19 18:00:00+00:00,19.2,19.2,19.2,4,0,0,muenchen-himmelreichbruecke-16515005,degC
2021-06-19 19:00:00+00:00,19.2,19.2,19.2,4,0,0,muenchen-himmelreichbruecke-16515005,degC
2021-06-19 20:00:00+00:00,19.2,19.2,19.2,4,0,0,muenchen-himmelreichbruecke-16515005,degC
2021-06-19 21:00:00+00:00,19.125,19.1,19.2,4,0,0,muenchen-himmelreichbruecke-16515005,degC
2021-06-19 22:00:00+00:00,19.075000000000003,19.0,19.1,4,0,0,muenchen-himmelreichbruecke-16515005,degC
2021-06-19 23:00:00+00:00,18.95,18.9,19.0,4,0,0,muenchen-himmelreichbruecke-16515005,degC
2021-06-20 00:00:00+00:00,18.85,18.8,18.9,4,0,0,muenchen-himmelreichbruecke-16515005,degC
2021-06-20 01:00:00+00:00,18.7,18.6,18.8,4,0,0,muenchen-himmelreichbruecke-16515005,degC
2021-06-20 02:00:00+00:00,18.55,18.5,18.6,4,0,0,muenchen-himmelreichbruecke-16515005,degC
2021-06-20 03:00:00+00:00,18.35,18.3,18.4,4,0,0,muenchen-himmelreichbruecke-16515005,degC
2021-06-20 04:00:00+00:00,18.2,18.1,18.3,4,0,0,muenchen-himmelreichbruecke-16515005,degC
2021-06-20 05:00:00+00:00,18.025,18.0,18.1,4,0,0,muenchen-himmelreichbruecke-16515005,degC
2021-06-20 06:00:00+00:00,17.875,17.8,17.9,4,0,0,muenchen-himmelreichbruecke-16515005,degC
2021-06-20 07:00:00+00:00,17.7,17.6,17.8,4,0,0,muenchen-himmelreichbruecke-16515005,degC
2021-06-20 08:00:00+00:00,17.6,17.6,17.6,4,0,0,muenchen-himmelreichbruecke-16515005,degC
2021-06-20 09:00:00+00:00,17.65,17.6,17.7,4,0,0,muenchen-himmelreichbruecke-16515005,degC
2021-06-20 10:00:00+00:00,17.8,17.8,17.8,4,0,0,muenchen-himmelreichbruecke-16515005,degC
2021-06-20 11:00:00+00:00,17.924999999999997,17.9,18.0,4,0,0,muenchen-himmelreichbruecke-16515005,degC
2021-06-20 12:00:00+00:00,18.125,18.1,18.2,4,0,0,muenchen-himmelreichbruecke-16515005,degC
2021-06-20 13:00:00+00:00,18.275,18.2,18.4,4,0,0,muenchen-himmelreichbruecke-16515005,degC
2021-06-20 14:00:00+00:00,18.424999999999997,18.4,18.5,4,0,0,muenchen-himmelreichbruecke-16515005,degC
2021-06-20 15:00:00+00:00,18.675,18.6,18.8,4,0,0,muenchen-himmelreichbruecke-16515005,degC
2021-06-20 16:00:00+00:00,18.875,18.8,18.9,4,0,0,muenchen-himmelreichbruecke-16515005,degC
2021-06-20 17:00:00+00:00,19.075000000000003,19.0,19.1,4,0,0,muenchen-himmelreichbruecke-16515005,degC
2021-06-20 18:00:00+00:00,19.15,19.1,19.2,4,0,0,muenchen-himmelreichbruecke-16515005,degC
2021-06-20 19:00:00+00:00,19.2,19.2,19.2,4,0,0,muenchen-himmelreichbruecke-16515005,degC
2021-06-20 20:00:00+00:00,19.125,19.1,19.2,4,0,0,muenchen-himmelreichbruecke-16515005,degC
2021-06-20 21:00:00+00:00,19.05,19.0,19.1,4,0,0,muenchen-himmelreichbruecke-16515005,degC
2021-06-20 22:00:00+00:00,18.924999999999997,18.9,19.0,4,0,0,muenchen-himmelreichbruecke-16515005,degC
2021-06-20 23:00:00+00:00,18.75,18.7,18.8,4,0,0,muenchen-himmelreichbruecke-16515005,degC
2021-06-21 00:00:00+00:00,18.525,18.4,18.6,4,0,0,muenchen-himmelreichbruecke-16515005,degC
2021-06-21 01:00:00+00:00,18.35,18.3,18.4,4,0,0,muenchen-himmelreichbruecke-16515005,degC
2021-06-21 02:00:00+00:00,18.15,18.1,18.2,4,0,0,muenchen-himmelreichbruecke-16515005,degC
2021-06-21 03:00:00+00:00,18.0,17.9,18.1,4,0,0,muenchen-himmelreichbruecke-16515005,degC
2021-06-21 04:00:00+00:00,17.8,17.7,17.9,4,0,0,muenchen-himmelreichbruecke-16515005,degC
2021-06-21 05:00:00+00:00,17.6,17.5,17.7,4,0,0,muenchen-himmelreichbruecke-16515005,degC
2021-06-21 06:00:00+00:00,17.6,17.5,17.8,4,0,0,muenchen-himmelreichbruecke-16515005,degC
2021-06-21 07:00:00+00:00,17.675,17.6,17.8,4,0,0,muenchen-himmelreichbruecke-16515005,degC
2021-06-21 08:00:00+00:00,17.65,17.6,17.7,4,0,0,muenchen-himmelreichbruecke-16515005,degC
2021-06-21 09:00:00+00:00,17.675,17.6,17.7,4,0,0,muenchen-himmelreichbruecke-16515005,degC
2021-06-21 10:00:00+00:00,17.8,17.7,17.9,4,0,0,muenchen-himmelreichbruecke-16515005,degC
2021-06-21 11:00:00+00:00,18.075,18.0,18.2,4,0,0,muenchen-himmelreichbruecke-16515005,degC
2021-06-21 12:00:00+00:00,18.425,18.3,18.5,4,0,0,muenchen-himmelreichbruecke-16515005,degC
2021-06-21 13:00:00+00:00,18.725,18.6,18.8,4,0,0,muenchen-himmelreichbruecke-16515005,degC
2021-06-21 14:00:00+00:00,18.975,18.9,19.1,4,0,0,muenchen-himmelreichbruecke-16515005,degC
2021-06-21 15:00:00+00:00,19.25,19.2,19.4,4,0,0,muenchen-himmelreichbruecke-16515005,degC
2021-06-21 16:00:00+00:00,19.424999999999997,19.4,19.5,4,0,0,muenchen-himmelreichbruecke-16515005,degC
2021-06-21 17:00:00+00:00,19.525,19.5,19.6,4,0,0,muenchen-himmelreichbruecke-16515005,degC
2021-06-21 18:00:00+00:00,19.6,19.6,19.6,4,0,0,muenchen-himmelreichbruecke-16515005,degC
2021-06-21 19:00:00+00:00,19.55,19.5,19.6,4,0,0,muenchen-himmelreichbruecke-16515005,degC
2021-06-21 20:00:00+00:00,19.45,19.4,19.5,4,0,0,muenchen-himmelreichbruecke-16515005,degC
2021-06-21 21:00:00+00:00,19.325,19.2,19.4,4,0,0,muenchen-himmelreichbruecke-16515005,degC
2021-06-21 22:00:00+00:00,19.1,19.0,19.2,4,0,0,muenchen-himmelreichbruecke-16515005,degC
2021-06-21 23:00:00+00:00,18.924999999999997,18.9,19.0,4,0,0,muenchen-himmelreichbruecke-16515005,degC
2021-06-22 00:00:00+00:00,18.75,18.7,18.8,4,0,0,muenchen-himmelreichbruecke-16515005,degC
2021-06-22 01:00:00+00:00,18.525,18.4,18.6,4,0,0,muenchen-himmelreichbruecke-16515005,degC
2021-06-22 02:00:00+00:00,18.25,18.2,18.3,4,0,0,muenchen-himmelreichbruecke-16515005,degC
2021-06-22 03:00:00+00:00,18.0,17.9,18.1,4,0,0,muenchen-himmelreichbruecke-16515005,degC
2021-06-22 04:00:00+00:00,17.725,17.6,17.8,4,0,0,muenchen-himmelreichbruecke-16515005,degC
2021-06-22 05:00:00+00:00,17.425,17.3,17.5,4,0,0,muenchen-himmelreichbruecke-16515005,degC
2021-06-22 06:00:00+00:00,17.2,17.2,17.2,4,0,0,muenchen-himmelreichbruecke-16515005,degC
2021-06-22 07:00:00+00:00,17.1,17.1,17.1,4,0,0,muenchen-himmelreichbruecke-16515005,degC
2021-06-22 08:00:00+00:00,17.2,17.2,17.2,4,0,0,muenchen-himmelreichbruecke-16515005,degC
2021-06-22 09:00:00+00:00,17.375,17.3,17.5,4,0,0,muenchen-himmelreichbruecke-16515005,degC
2021-06-22 10:00:00+00:00,17.75,17.6,17.9,4,0,0,muenchen-himmelreichbruecke-16515005,degC
2021-06-22 11:00:00+00:00,18.05,17.9,18.2,4,0,0,muenchen-himmelreichbruecke-16515005,degC
2021-06-22 12:00:00+00:00,18.425,18.3,18.6,4,0,0,muenchen-himmelreichbruecke-16515005,degC
2021-06-22 13:00:00+00:00,18.7,18.7,18.7,4,0,0,muenchen-himmelreichbruecke-16515005,degC
2021-06-22 14:00:00+00:00,18.75,18.7,18.8,4,0,0,muenchen-himmelreichbruecke-16515005,degC
2021-06-22 15:00:00+00:00,18.9,18.9,18.9,4,0,0,muenchen-himmelreichbruecke-16515005,degC
2021-06-22 16:00:00+00:00,18.9,18.9,18.9,4,0,0,muenchen-himmelreichbruecke-16515005,degC
2021-06-22 17:00:00+00:00,18.9,18.9,18.9,4,0,0,muenchen-himmelreichbruecke-16515005,degC
2021-06-22 18:00:00+00:00,19.0,19.0,19.0,4,0,0,muenchen-himmelreichbruecke-16515005,degC
2021-06-22 19:00:00+00:00,18.8,18.7,18.9,4,0,0,muenchen-himmelreichbruecke-16515005,degC
2021-06-22 20:00:00+00:00,18.425,18.2,18.6,4,0,0,muenchen-himmelreichbruecke-16515005,degC
2021-06-22 21:00:00+00:00,18.075000000000003,18.0,18.1,4,0,0,muenchen-himmelreichbruecke-16515005,degC
2021-06-22 22:00:00+00:00,18.1,18.1,18.1,4,0,0,muenchen-himmelreichbruecke-16515005,degC
2021-06-22 23:00:00+00:00,17.924999999999997,17.9,18.0,4,0,0,muenchen-himmelreichbruecke-16515005,degC
2021-06-23 00:00:00+00:00,17.975,17.9,18.0,4,0,0,muenchen-himmelreichbruecke-16515005,degC
2021-06-23 01:00:00+00:00,17.95,17.9,18.0,4,0,0,muenchen-himmelreichbruecke-16515005,degC
2021-06-23 02:00:00+00:00,17.775,17.7,17.9,4,0,0,muenchen-himmelreichbruecke-16515005,degC
2021-06-23 03:00:00+00:00,17.5,17.4,17.6,4,0,0,muenchen-himmelreichbruecke-16515005,degC
2021-06-23 04:00:00+00:00,17.2,17.1,17.3,4,0,0,muenchen-himmelreichbruecke-16515005,degC
2021-06-23 05:00:00+00:00,17.0,16.9,17.1,4,0,0,muenchen-himmelreichbruecke-16515005,degC
2021-06-23 06:00:00+00:00,16.825,16.8,16.9,4,0,0,muenchen-himmelreichbruecke-16515005,degC
2021-06-23 07:00:00+00:00,16.85,16.8,16.9,4,0,0,muenchen-himmelreichbruecke-16515005,degC
2021-06-23 08:00:00+00:00,17.0,16.9,17.1,4,0,0,muenchen-himmelreichbruecke-16515005,degC
2021-06-23 09:00:00+00:00,17.325,17.2,17.4,4,0,0,muenchen-himmelreichbruecke-16515005,degC
2021-06-23 10:00:00+00:00,17.650000000000002,17.6,17.8,4,0,0,muenchen-himmelreichbruecke-16515005,degC
2021-06-23 11:00:00+00:00,17.875,17.8,18.0,4,0,0,muenchen-himmelreichbruecke-16515005,degC
2021-06-23 12:00:00+00:00,18.15,18.0,18.3,4,0,0,muenchen-himmelreichbruecke-16515005,degC
2021-06-23 13:00:00+00:00,18.425,18.3,18.6,4,0,0,muenchen-himmelreichbruecke-16515005,degC
2021-06-23 14:00:00+00:00,18.65,18.6,18.7,4,0,0,muenchen-himmelreichbruecke-16515005,degC
2021-06-23 15:00:00+00:00,18.8,18.7,18.9,4,0,0,muenchen-himmelreichbruecke-16515005,degC
2021-06-23 16:00:00+00:00,18.9,18.9,18.9,4,0,0,muenchen-himmelreichbruecke-16515005,degC
2021-06-23 17:00:00+00:00,18.9,18.9,18.9,4,0,0,muenchen-himmelreichbruecke-16515005,degC
2021-06-23 18:00:00+00:00,18.8,18.8,18.8,4,0,0,muenchen-himmelreichbruecke-16515005,degC
2021-06-23 19:00:00+00:00,18.65,18.6,18.7,4,0,0,muenchen-himmelreichbruecke-16515005,degC
2021-06-23 20:00:00+00:00,18.5,18.4,18.6,4,0,0,muenchen-himmelreichbruecke-16515005,degC
2021-06-23 21:00:00+00:00,18.375,18.3,18.4,4,0,0,muenchen-himmelreichbruecke-16515005,degC
2021-06-23 22:00:00+00:00,18.3,18.3,18.3,4,0,0,muenchen-himmelreichbruecke-16515005,degC
2021-06-23 23:00:00+00:00,18.175,18.1,18.2,4,0,0,muenchen-himmelreichbruecke-16515005,degC
2021-06-24 00:00:00+00:00,18.05,18.0,18.1,4,0,0,muenchen-himmelreichbruecke-16515005,degC
2021-06-24 01:00:00+00:00,17.825,17.7,17.9,4,0,0,muenchen-himmelreichbruecke-16515005,degC
2021-06-24 02:00:00+00:00,17.575,17.5,17.7,4,0,0,muenchen-himmelreichbruecke-16515005,degC
2021-06-24 03:00:00+00:00,17.275,17.2,17.4,4,0,0,muenchen-himmelreichbruecke-16515005,degC
2021-06-24 04:00:00+00:00,16.975,16.9,17.1,4,0,0,muenchen-himmelreichbruecke-16515005,degC
2021-06-24 05:00:00+00:00,16.725,16.7,16.8,4,0,0,muenchen-himmelreichbruecke-16515005,degC
2021-06-24 06:00:00+00:00,16.625,16.6,16.7,4,0,0,muenchen-himmelreichbruecke-16515005,degC
2021-06-24 07:00:00+00:00,16.7,16.7,16.7,4,0,0,muenchen-himmelreichbruecke-16515005,degC
2021-06-24 08:00:00+00:00,16.849999999999998,16.7,16.9,4,0,0,muenchen-himmelreichbruecke-16515005,degC
2021-06-24 09:00:00+00:00,17.225,17.0,17.4,4,0,0,muenchen-himmelreichbruecke-16515005,degC
2021-06-24 10:00:00+00:00,17.575,17.4,17.7,4,0,0,muenchen-himmelreichbruecke-16515005,degC
2021-06-24 11:00:00+00:00,17.725,17.7,17.8,4,0,0,muenchen-himmelreichbruecke-16515005,degC
2021-06-24 12:00:00+00:00,17.9,17.8,18.0,4,0,0,muenchen-himmelreichbruecke-16515005,degC
2021-06-24 13:00:00+00:00,18.175,18.1,18.2,4,0,0,muenchen-himmelreichbruecke-16515005,degC
2021-06-24 14:00:00+00:00,18.3,18.3,18.3,4,0,0,muenchen-himmelreichbruecke-16515005,degC
2021-06-24 15:00:00+00:00,18.25,18.2,18.3,4,0,0,muenchen-himmelreichbruecke-16515005,degC
2021-06-24 16:00:00+00:00,18.375,18.3,18.4,4,0,0,muenchen-himmelreichbruecke-16515005,degC
2021-06-24 17:00:00+00:00,18.25,18.2,18.3,4,0,0,muenchen-himmelreichbruecke-16515005,degC
2021-06-24 18:00:00+00:00,18.125,18.1,18.2,4,0,0,muenchen-himmelreichbruecke-16515005,degC
2021-06-24 19:00:00+00:00,18.05,18.0,18.1,4,0,0,muenchen-himmelreichbruecke-16515005,degC
2021-06-24 20:00:00+00:00,17.924999999999997,17.9,18.0,4,0,0,muenchen-himmelreichbruecke-16515005,degC
2021-06-24 21:00:00+00:00,17.725,17.7,17.8,4,0,0,muenchen-himmelreichbruecke-16515005,degC
2021-06-24 22:00:00+00:00,17.7,17.7,17.7,4,0,0,muenchen-himmelreichbruecke-16515005,degC
2021-06-24 23:00:00+00:00,17.65,17.6,17.7,4,0,0,muenchen-himmelreichbruecke-16515005,degC
2021-06-25 00:00:00+00:00,17.45,17.3,17.6,4,0,0,muenchen-himmelreichbruecke-16515005,degC
2021-06-25 01:00:00+00:00,17.15,17.0,17.3,4,0,0,muenchen-himmelreichbruecke-16515005,degC
2021-06-25 02:00:00+00:00,16.775,16.7,16.9,4,0,0,muenchen-himmelreichbruecke-16515005,degC
2021-06-25 03:00:00+00:00,16.5,16.4,16.6,4,0,0,muenchen-himmelreichbruecke-16515005,degC
2021-06-25 04:00:00+00:00,16.25,16.2,16.3,4,0,0,muenchen-himmelreichbruecke-16515005,degC
2021-06-25 05:00:00+00:00,16.05,16.0,16.1,4,0,0,muenchen-himmelreichbruecke-16515005,degC
2021-06-25 06:00:00+00:00,16.0,16.0,16.0,4,0,0,muenchen-himmelreichbruecke-16515005,degC
2021-06-25 07:00:00+00:00,16.1,16.0,16.2,4,0,0,muenchen-himmelreichbruecke-16515005,degC
2021-06-25 08:00:00+00:00,16.225,16.2,16.3,4,0,0,muenchen-himmelreichbruecke-16515005,degC
2021-06-25 09:00:00+00:00,16.475,16.4,16.6,4,0,0,muenchen-himmelreichbruecke-16515005,degC
2021-06-25 10:00:00+00:00,16.875,16.8,17.0,4,0,0,muenchen-himmelreichbruecke-16515005,degC
2021-06-25 11:00:00+00:00,17.0,17.0,17.0,4,0,0,muenchen-himmelreichbruecke-16515005,degC
2021-06-25 12:00:00+00:00,17.0,17.0,17.0,4,0,0,muenchen-himmelreichbruecke-16515005,degC
2021-06-25 13:00:00+00:00,17.0,17.0,17.0,4,0,0,muenchen-himmelreichbruecke-16515005,degC
2021-06-25 14:00:00+00:00,17.05,17.0,17.1,4,0,0,muenchen-himmelreichbruecke-16515005,degC
2021-06-25 15:00:00+00:00,17.0,17.0,17.0,4,0,0,muenchen-himmelreichbruecke-16515005,degC
2021-06-25 16:00:00+00:00,17.1,17.1,17.1,4,0,0,muenchen-himmelreichbruecke-16515005,degC
2021-06-25 17:00:00+00:00,17.125,17.1,17.2,4,0,0,muenchen-himmelreichbruecke-16515005,degC
2021-06-25 18:00:00+00:00,17.15,17.1,17.2,4,0,0,muenchen-himmelreichbruecke-16515005,degC
2021-06-25 19:00:00+00:00,17.2,17.2,17.2,4,0,0,muenchen-himmelreichbruecke-16515005,degC
2021-06-25 20:00:00+00:00,17.2,17.2,17.2,4,0,0,muenchen-himmelreichbruecke-16515005,degC
2021-06-25 21:00:00+00:00,17.175,17.1,17.2,4,0,0,muenchen-himmelreichbruecke-16515005,degC
2021-06-25 22:00:00+00:00,16.9,16.8,17.1,4,0,0,muenchen-himmelreichbruecke-16515005,degC
2021-06-25 23:00:00+00:00,16.625,16.5,16.7,4,0,0,muenchen-himmelreichbruecke-16515005,degC
2021-06-26 00:00:00+00:00,16.4,16.3,16.5,4,0,0,muenchen-himmelreichbruecke-16515005,degC
2021-06-26 01:00:00+00:00,16.2,16.1,16.3,4,0,0,muenchen-himmelreichbruecke-16515005,degC
2021-06-26 02:00:00+00:00,16.025,16.0,16.1,4,0,0,muenchen-himmelreichbruecke-16515005,degC
2021-06-26 03:00:00+00:00,15.875,15.8,15.9,4,0,0,muenchen-himmelreichbruecke-16515005,degC
2021-06-26 04:00:00+00:00,15.75,15.7,15.8,4,0,0,muenchen-himmelreichbruecke-16515005,degC
2021-06-26 05:00:00+00:00,15.7,15.7,15.7,4,0,0,muenchen-himmelreichbruecke-16515005,degC
2021-06-26 06:00:00+00:00,15.7,15.7,15.7,4,0,0,muenchen-himmelreichbruecke-16515005,degC
2021-06-26 07:00:00+00:00,15.7,15.7,15.7,4,0,0,muenchen-himmelreichbruecke-16515005,degC
2021-06-26 08:00:00+00:00,15.825000000000001,15.8,15.9,4,0,0,muenchen-himmelreichbruecke-16515005,degC
2021-06-26 09:00:00+00:00,15.95,15.9,16.0,4,0,0,muenchen-himmelreichbruecke-16515005,degC
2021-06-26 10:00:00+00:00,16.2,16.1,16.3,4,0,0,muenchen-himmelreichbruecke-16515005,degC
2021-06-26 11:00:00+00:00,16.425,16.3,16.5,4,0,0,muenchen-himmelreichbruecke-16515005,degC
2021-06-26 12:00:00+00:00,16.725,16.6,16.8,4,0,0,muenchen-himmelreichbruecke-16515005,degC
2021-06-26 13:00:00+00:00,16.875,16.8,17.0,4,0,0,muenchen-himmelreichbruecke-16515005,degC
2021-06-26 14:00:00+00:00,17.075000000000003,17.0,17.1,4,0,0,muenchen-himmelreichbruecke-16515005,degC
2021-06-26 15:00:00+00:00,17.15,17.1,17.2,4,0,0,muenchen-himmelreichbruecke-16515005,degC
2021-06-26 16:00:00+00:00,17.275,17.2,17.3,4,0,0,muenchen-himmelreichbruecke-16515005,degC
2021-06-26 17:00:00+00:00,17.325,17.3,17.4,4,0,0,muenchen-himmelreichbruecke-16515005,degC
2021-06-26 18:00:00+00:00,17.4,17.4,17.4,4,0,0,muenchen-himmelreichbruecke-16515005,degC
2021-06-26 19:00:00+00:00,17.5,17.5,17.5,4,0,0,muenchen-himmelreichbruecke-16515005,degC
2021-06-26 20:00:00+00:00,17.5,17.5,17.5,4,0,0,muenchen-himmelreichbruecke-16515005,degC
2021-06-26 21:00:00+00:00,17.5,17.5,17.5,4,0,0,muenchen-himmelreichbruecke-16515005,degC
2021-06-26 22:00:00+00:00,17.424999999999997,17.4,17.5,4,0,0,muenchen-himmelreichbruecke-16515005,degC
2021-06-26 23:00:00+00:00,17.3,17.2,17.4,4,0,0,muenchen-himmelreichbruecke-16515005,degC
2021-06-27 00:00:00+00:00,17.15,17.1,17.2,4,0,0,muenchen-himmelreichbruecke-16515005,degC
2021-06-27 01:00:00+00:00,16.9,16.8,17.0,4,0,0,muenchen-himmelreichbruecke-16515005,degC
2021-06-27 02:00:00+00:00,16.675,16.6,16.8,4,0,0,muenchen-himmelreichbruecke-16515005,degC
2021-06-27 03:00:00+00:00,16.425,16.3,16.5,4,0,0,muenchen-himmelreichbruecke-16515005,degC
2021-06-27 04:00:00+00:00,16.225,16.2,16.3,4,0,0,muenchen-himmelreichbruecke-16515005,degC
2021-06-27 05:00:00+00:00,16.05,16.0,16.1,4,0,0,muenchen-himmelreichbruecke-16515005,degC
2021-06-27 06:00:00+00:00,15.95,15.9,16.0,4,0,0,muenchen-himmelreichbruecke-16515005,degC
2021-06-27 07:00:00+00:00,15.925,15.9,16.0,4,0,0,muenchen-himmelreichbruecke-16515005,degC
2021-06-27 08:00:00+00:00,16.075,16.0,16.2,4,0,0,muenchen-himmelreichbruecke-16515005,degC
2021-06-27 09:00:00+00:00,16.425,16.3,16.5,4,0,0,muenchen-himmelreichbruecke-16515005,degC
2021-06-27 10:00:00+00:00,16.75,16.6,16.9,4,0,0,muenchen-himmelreichbruecke-16515005,degC
2021-06-27 11:00:00+00:00,17.15,17.0,17.3,4,0,0,muenchen-himmelreichbruecke-16515005,degC
2021-06-27 12:00:00+00:00,17.475,17.4,17.6,4,0,0,muenchen-himmelreichbruecke-16515005,degC
2021-06-27 13:00:00+00:00,17.675,17.6,17.7,4,0,0,muenchen-himmelreichbruecke-16515005,degC
2021-06-27 14:00:00+00:00,17.775,17.7,17.8,4,0,0,muenchen-himmelreichbruecke-16515005,degC
2021-06-27 15:00:00+00:00,17.8,17.8,17.8,4,0,0,muenchen-himmelreichbruecke-16515005,degC
2021-06-27 16:00:00+00:00,17.8,17.8,17.8,4,0,0,muenchen-himmelreichbruecke-16515005,degC
2021-06-27 17:00:00+00:00,17.8,17.8,17.8,4,0,0,muenchen-himmelreichbruecke-16515005,degC
2021-06-27 18:00:00+00:00,17.825,17.8,17.9,4,0,0,muenchen-himmelreichbruecke-16515005,degC
2021-06-27 19:00:00+00:00,17.9,17.9,17.9,4,0,0,muenchen-himmelreichbruecke-16515005,degC
2021-06-27 20:00:00+00:00,17.9,17.9,17.9,4,0,0,muenchen-himmelreichbruecke-16515005,degC
2021-06-27 21:00:00+00:00,17.9,17.9,17.9,4,0,0,muenchen-himmelreichbruecke-16515005,degC
2021-06-27 22:00:00+00:00,17.9,17.9,17.9,4,0,0,muenchen-himmelreichbruecke-16515005,degC
2021-06-27 23:00:00+00:00,17.825,17.8,17.9,4,0,0,muenchen-himmelreichbruecke-16515005,degC
2021-06-28 00:00:00+00:00,17.65,17.6,17.7,4,0,0,muenchen-himmelreichbruecke-16515005,degC
2021-06-28 01:00:00+00:00,17.475,17.4,17.5,4,0,0,muenchen-himmelreichbruecke-16515005,degC
2021-06-28 02:00:00+00:00,17.25,17.2,17.3,4,0,0,muenchen-himmelreichbruecke-16515005,degC
2021-06-28 03:00:00+00:00,17.025,16.9,17.1,4,0,0,muenchen-himmelreichbruecke-16515005,degC
2021-06-28 04:00:00+00:00,16.975,16.9,17.1,4,0,0,muenchen-himmelreichbruecke-16515005,degC
2021-06-28 05:00:00+00:00,16.975,16.9,17.0,4,0,0,muenchen-himmelreichbruecke-16515005,degC
2021-06-28 06:00:00+00:00,16.9,16.9,16.9,4,0,0,muenchen-himmelreichbruecke-16515005,degC
2021-06-28 07:00:00+00:00,16.9,16.9,16.9,4,0,0,muenchen-himmelreichbruecke-16515005,degC
2021-06-28 08:00:00+00:00,16.975,16.9,17.0,4,0,0,muenchen-himmelreichbruecke-16515005,degC
2021-06-28 09:00:00+00:00,17.15,17.1,17.2,4,0,0,muenchen-himmelreichbruecke-16515005,degC
2021-06-28 10:00:00+00:00,17.45,17.3,17.6,4,0,0,muenchen-himmelreichbruecke-16515005,degC
2021-06-28 11:00:00+00:00,17.8,17.6,18.0,4,0,0,muenchen-himmelreichbruecke-16515005,degC
2021-06-28 12:00:00+00:00,18.2,18.1,18.4,4,0,0,muenchen-himmelreichbruecke-16515005,degC
2021-06-28 13:00:00+00:00,18.575,18.4,18.7,4,0,0,muenchen-himmelreichbruecke-16515005,degC
2021-06-28 14:00:00+00:00,18.925,18.8,19.0,4,0,0,muenchen-himmelreichbruecke-16515005,degC
2021-06-28 15:00:00+00:00,19.15,19.1,19.2,4,0,0,muenchen-himmelreichbruecke-16515005,degC
2021-06-28 16:00:00+00:00,19.325,19.3,19.4,4,0,0,muenchen-himmelreichbruecke-16515005,degC
2021-06-28 17:00:00+00:00,19.4,19.4,19.4,4,0,0,muenchen-himmelreichbruecke-16515005,degC
2021-06-28 18:00:00+00:00,19.4,19.4,19.4,4,0,0,muenchen-himmelreichbruecke-16515005,degC
2021-06-28 19:00:00+00:00,19.4,19.4,19.4,4,0,0,muenchen-himmelreichbruecke-16515005,degC
2021-06-28 20:00:00+00:00,19.325,19.3,19.4,4,0,0,muenchen-himmelreichbruecke-16515005,degC
2021-06-28 21:00:00+00:00,19.35,19.3,19.4,4,0,0,muenchen-himmelreichbruecke-16515005,degC
2021-06-28 22:00:00+00:00,19.3,19.3,19.3,4,0,0,muenchen-himmelreichbruecke-16515005,degC
2021-06-28 23:00:00+00:00,19.175,19.1,19.3,4,0,0,muenchen-himmelreichbruecke-16515005,degC
2021-06-29 00:00:00+00:00,18.975,18.9,19.1,4,0,0,muenchen-himmelreichbruecke-16515005,degC
2021-06-29 01:00:00+00:00,18.7,18.6,18.8,4,0,0,muenchen-himmelreichbruecke-16515005,degC
2021-06-29 02:00:00+00:00,18.45,18.4,18.5,4,0,0,muenchen-himmelreichbruecke-16515005,degC
2021-06-29 03:00:00+00:00,18.25,18.2,18.3,4,0,0,muenchen-himmelreichbruecke-16515005,degC
2021-06-29 04:00:00+00:00,18.0,17.9,18.1,4,0,0,muenchen-himmelreichbruecke-16515005,degC
2021-06-29 05:00:00+00:00,17.8,17.7,17.9,4,0,0,muenchen-himmelreichbruecke-16515005,degC
2021-06-29 06:00:00+00:00,17.6,17.5,17.7,4,0,0,muenchen-himmelreichbruecke-16515005,degC
2021-06-29 07:00:00+00:00,17.475,17.4,17.5,4,0,0,muenchen-himmelreichbruecke-16515005,degC
2021-06-29 08:00:00+00:00,17.575000000000003,17.5,17.6,4,0,0,muenchen-himmelreichbruecke-16515005,degC
2021-06-29 09:00:00+00:00,17.725,17.7,17.8,4,0,0,muenchen-himmelreichbruecke-16515005,degC
2021-06-29 10:00:00+00:00,17.95,17.8,18.1,4,0,0,muenchen-himmelreichbruecke-16515005,degC
2021-06-29 11:00:00+00:00,18.35,18.2,18.5,4,0,0,muenchen-himmelreichbruecke-16515005,degC
2021-06-29 12:00:00+00:00,18.75,18.6,18.9,4,0,0,muenchen-himmelreichbruecke-16515005,degC
2021-06-29 13:00:00+00:00,19.2,19.0,19.3,4,0,0,muenchen-himmelreichbruecke-16515005,degC
2021-06-29 14:00:00+00:00,19.3,19.3,19.3,4,0,0,muenchen-himmelreichbruecke-16515005,degC
2021-06-29 15:00:00+00:00,19.35,19.3,19.4,4,0,0,muenchen-himmelreichbruecke-16515005,degC
2021-06-29 16:00:00+00:00,19.2,19.2,19.2,4,0,0,muenchen-himmelreichbruecke-16515005,degC
2021-06-29 17:00:00+00:00,19.175,19.1,19.2,4,0,0,muenchen-himmelreichbruecke-16515005,degC
2021-06-29 18:00:00+00:00,19.075000000000003,19.0,19.1,4,0,0,muenchen-himmelreichbruecke-16515005,degC
2021-06-29 19:00:00+00:00,18.875,18.8,19.0,4,0,0,muenchen-himmelreichbruecke-16515005,degC
2021-06-29 20:00:00+00:00,18.6,18.5,18.7,4,0,0,muenchen-himmelreichbruecke-16515005,degC
2021-06-29 21:00:00+00:00,18.375,18.3,18.5,4,0,0,muenchen-himmelreichbruecke-16515005,degC
2021-06-29 22:00:00+00:00,18.125,18.0,18.2,4,0,0,muenchen-himmelreichbruecke-16515005,degC
2021-06-29 23:00:00+00:00,17.875,17.8,18.0,4,0,0,muenchen-himmelreichbruecke-16515005,degC
2021-06-30 00:00:00+00:00,17.65,17.6,17.7,4,0,0,muenchen-himmelreichbruecke-16515005,degC
2021-06-30 01:00:00+00:00,17.425,17.3,17.5,4,0,0,muenchen-himmelreichbruecke-16515005,degC
2021-06-30 02:00:00+00:00,17.125,17.0,17.2,4,0,0,muenchen-himmelreichbruecke-16515005,degC
2021-06-30 03:00:00+00:00,16.875,16.8,17.0,4,0,0,muenchen-himmelreichbruecke-16515005,degC
2021-06-30 04:00:00+00:00,16.65,16.6,16.7,4,0,0,muenchen-himmelreichbruecke-16515005,degC
2021-06-30 05:00:00+00:00,16.5,16.5,16.5,4,0,0,muenchen-himmelreichbruecke-16515005,degC
2021-06-30 06:00:00+00:00,16.5,16.5,16.5,4,0,0,muenchen-himmelreichbruecke-16515005,degC
2021-06-30 07:00:00+00:00,16.55,16.5,16.6,4,0,0,muenchen-himmelreichbruecke-16515005,degC
2021-06-30 08:00:00+00:00,16.75,16.7,16.8,4,0,0,muenchen-himmelreichbruecke-16515005,degC
2021-06-30 09:00:00+00:00,16.95,16.8,17.1,4,0,0,muenchen-himmelreichbruecke-16515005,degC
2021-06-30 10:00:00+00:00,17.225,17.2,17.3,4,0,0,muenchen-himmelreichbruecke-16515005,degC
2021-06-30 11:00:00+00:00,17.4,17.4,17.4,4,0,0,muenchen-himmelreichbruecke-16515005,degC
2021-06-30 12:00:00+00:00,17.4,17.4,17.4,4,0,0,muenchen-himmelreichbruecke-16515005,degC
2021-06-30 13:00:00+00:00,17.4,17.4,17.4,4,0,0,muenchen-himmelreichbruecke-16515005,degC
2021-06-30 14:00:00+00:00,17.4,17.4,17.4,4,0,0,muenchen-himmelreichbruecke-16515005,degC
2021-06-30 15:00:00+00:00,17.4,17.4,17.4,4,0,0,muenchen-himmelreichbruecke-16515005,degC
2021-06-30 16:00:00+00:00,17.35,17.3,17.4,4,0,0,muenchen-himmelreichbruecke-16515005,degC
2021-06-30 17:00:00+00:00,17.2,17.2,17.2,4,0,0,muenchen-himmelreichbruecke-16515005,degC
2021-06-30 18:00:00+00:00,17.05,17.0,17.1,4,0,0,muenchen-himmelreichbruecke-16515005,degC
2021-06-30 19:00:00+00:00,16.875,16.8,16.9,4,0,0,muenchen-himmelreichbruecke-16515005,degC
2021-06-30 20:00:00+00:00,16.8,16.8,16.8,4,0,0,muenchen-himmelreichbruecke-16515005,degC
2021-06-30 21:00:00+00:00,16.6,16.5,16.7,4,0,0,muenchen-himmelreichbruecke-16515005,degC
2021-06-30 22:00:00+00:00,16.424999999999997,16.4,16.5,4,0,0,muenchen-himmelreichbruecke-16515005,degC
2021-06-30 23:00:00+00:00,16.3,16.3,16.3,4,0,0,muenchen-himmelreichbruecke-16515005,degC
