reference_time,target_time,wassertemp_q0.01,wassertemp_q0.05,wassertemp_q0.25,wassertemp_q0.5,wassertemp_q0.75,wassertemp_q0.95,wassertemp_q0.99,airtemp_96_q0.01,airtemp_96_q0.05,airtemp_96_q0.25,airtemp_96_q0.5,airtemp_96_q0.75,airtemp_96_q0.95,airtemp_96_q0.99,pressure_96_q0.01,pressure_96_q0.05,pressure_96_q0.25,pressure_96_q0.5,pressure_96_q0.75,pressure_96_q0.95,pressure_96_q0.99
2026-05-02 13:00:00+00:00,2026-05-02 14:00:00+00:00,12.617169,12.901873,13.191977,13.361567,13.5311575,13.821261,14.105965,13.215866,14.706376,16.345589,17.343805,18.342022,19.981236,21.471746,1004.28253,1005.5253,1006.8796,1007.70026,1008.521,1009.87524,1011.11804
2026-05-02 13:00:00+00:00,2026-05-02 15:00:00+00:00,12.588074,12.939785,13.289608,13.491441,13.6932745,14.043097,14.394808,12.249165,14.176954,16.149559,17.305338,18.461117,20.43372,22.361511,1003.4573,1005.04376,1006.7084,1007.6969,1008.6854,1010.35,1011.9365
2026-05-02 13:00:00+00:00,2026-05-02 16:00:00+00:00,12.475806,12.893366,13.312747,13.556,13.799253,14.218635,14.636194,10.997343,13.274285,15.562494,16.890139,18.217785,20.505993,22.782936,1002.351,1004.42975,1006.571,1007.83,1009.08905,1011.2303,1013.309
2026-05-02 13:00:00+00:00,2026-05-02 17:00:00+00:00,12.450976,12.874079,13.312744,13.571594,13.830444,14.26911,14.692212,9.793688,12.073239,14.478256,15.910789,17.34332,19.748337,22.027891,1001.5298,1004.0374,1006.62085,1008.1401,1009.6593,1012.24274,1014.75037
2026-05-02 13:00:00+00:00,2026-05-02 18:00:00+00:00,12.343021,12.797811,13.278378,13.564862,13.851347,14.331913,14.786703,8.482151,10.776793,13.323297,14.881451,16.439606,18.986109,21.280754,1000.67365,1003.6873,1006.7847,1008.60394,1010.4231,1013.52057,1016.53424
2026-05-02 13:00:00+00:00,2026-05-02 19:00:00+00:00,12.267114,12.729349,13.226234,13.525174,13.824114,14.320999,14.783235,7.2300663,9.501731,12.084602,13.685305,15.286007,17.868877,20.140545,1000.3692,1003.6972,1007.11725,1009.1258,1011.1343,1014.5543,1017.8823
2026-05-02 13:00:00+00:00,2026-05-02 20:00:00+00:00,12.181534,12.637746,13.138162,13.442473,13.746786,14.247201,14.703414,6.349172,8.561996,11.125688,12.730201,14.334713,16.898405,19.11123,999.99524,1003.66095,1007.45447,1009.69073,1011.927,1015.7205,1019.3863
2026-05-02 13:00:00+00:00,2026-05-02 21:00:00+00:00,12.01765,12.488958,13.0144615,13.336805,13.659149,14.184652,14.655962,5.8004704,7.937553,10.427323,11.990101,13.552878,16.042648,18.179731,999.6749,1003.6574,1007.76434,1010.1808,1012.5973,1016.7042,1020.6867
2026-05-02 13:00:00+00:00,2026-05-02 22:00:00+00:00,11.851569,12.333995,12.872702,13.203406,13.534111,14.072819,14.555244,4.7753,7.044429,9.666086,11.304506,12.942925,15.564582,17.833712,999.6638,1003.81635,1008.1,1010.6208,1013.1416,1017.42523,1021.57776
2026-05-02 13:00:00+00:00,2026-05-02 23:00:00+00:00,11.66062,12.160634,12.723856,13.071195,13.418533,13.981754,14.481769,3.93779,6.2988997,8.978403,10.637344,12.296287,14.975789,17.336903,999.479,1003.8308,1008.3378,1010.99585,1013.6538,1018.1608,1022.51263
2026-05-02 13:00:00+00:00,2026-05-03 00:00:00+00:00,11.525355,12.010783,12.562567,12.90448,13.246393,13.798177,14.283606,3.0322552,5.5158195,8.282111,9.97803,11.673948,14.440241,16.923805,999.22723,1003.7827,1008.5143,1011.3091,1014.1039,1018.8355,1023.391
2026-05-02 13:00:00+00:00,2026-05-03 01:00:00+00:00,11.363401,11.844969,12.394016,12.734774,13.075531,13.624578,14.106146,2.0494585,4.6534815,7.518193,9.262981,11.00777,13.872481,16.476505,999.1652,1003.83905,1008.71484,1011.6015,1014.4882,1019.364,1024.0378
2026-05-02 13:00:00+00:00,2026-05-03 02:00:00+00:00,11.20627,11.688966,12.243839,12.589695,12.935551,13.490424,13.973119,1.5607538,4.252035,7.1753697,8.943908,10.712446,13.63578,16.327065,999.06726,1003.82983,1008.819,1011.7794,1014.7399,1019.72906,1024.4916
2026-05-02 13:00:00+00:00,2026-05-03 03:00:00+00:00,11.09553,11.578836,12.132035,12.476075,12.820115,13.373314,13.856621,1.0514879,3.8390045,6.851608,8.669258,10.486909,13.499512,16.287031,998.89404,1003.81934,1009.0142,1012.10803,1015.2019,1020.3968,1025.322
2026-05-02 13:00:00+00:00,2026-05-03 04:00:00+00:00,11.042259,11.53167,12.089364,12.435391,12.781419,13.339114,13.828524,1.2302771,4.002863,7.0091686,8.826186,10.643204,13.649509,16.422096,998.67413,1003.7552,1009.1415,1012.358,1015.57446,1020.9607,1026.0419
2026-05-02 13:00:00+00:00,2026-05-03 05:00:00+00:00,11.068531,11.550536,12.098715,12.438488,12.778261,13.326441,13.808446,1.440403,4.283064,7.391747,9.279165,11.166585,14.275268,17.117931,998.7025,1003.87823,1009.3706,1012.6522,1015.9339,1021.4263,1026.6019
2026-05-02 13:00:00+00:00,2026-05-03 06:00:00+00:00,11.101268,11.599242,12.16199,12.509631,12.857272,13.420021,13.917995,2.0599337,4.928955,8.129732,10.093689,12.057646,15.258422,18.127445,998.37885,1003.7123,1009.40533,1012.81757,1016.2298,1021.92285,1027.2563
2026-05-02 13:00:00+00:00,2026-05-03 07:00:00+00:00,11.225959,11.722529,12.28227,12.627591,12.972913,13.532654,14.029224,2.660016,5.724555,9.203646,11.358053,13.512461,16.99155,20.056091,997.75336,1003.34467,1009.2833,1012.8334,1016.3834,1022.3221,1027.9133
2026-05-02 13:00:00+00:00,2026-05-03 08:00:00+00:00,11.38698,11.891513,12.454162,12.799321,13.144482,13.7071295,14.211663,3.644741,6.851377,10.55002,12.859495,15.168972,18.867615,22.074253,997.06995,1002.8798,1009.06714,1012.77106,1016.475,1022.66223,1028.4722
2026-05-02 13:00:00+00:00,2026-05-03 09:00:00+00:00,11.546576,12.068463,12.647593,13.001936,13.35628,13.935409,14.457297,4.525939,7.900662,11.880513,14.394466,16.90842,20.888271,24.262997,996.6342,1002.564,1008.8821,1012.6653,1016.4484,1022.7665,1028.6963
2026-05-02 13:00:00+00:00,2026-05-03 10:00:00+00:00,11.759107,12.276804,12.851021,13.202275,13.55353,14.127747,14.645444,5.230838,8.762436,12.988574,15.678386,18.368198,22.594334,26.125935,995.6841,1001.83795,1008.4244,1012.3777,1016.331,1022.91736,1029.0713
2026-05-02 13:00:00+00:00,2026-05-03 11:00:00+00:00,11.954864,12.475547,13.055935,13.411891,13.767847,14.348236,14.868919,5.6406536,9.387471,13.929588,16.839918,19.750248,24.292366,28.039183,994.89716,1001.2319,1008.00836,1012.0747,1016.14105,1022.91754,1029.2523
2026-05-02 13:00:00+00:00,2026-05-03 12:00:00+00:00,12.080289,12.619883,13.221067,13.589686,13.958305,14.559489,15.099083,5.9498363,9.8588915,14.625932,17.689743,20.753551,25.520592,29.429651,994.3352,1000.7605,1007.6805,1011.8479,1016.01526,1022.93524,1029.3606
2026-05-02 13:00:00+00:00,2026-05-03 13:00:00+00:00,12.191274,12.757892,13.387164,13.772352,14.15754,14.786813,15.353431,6.0000014,10.049115,15.00982,18.205683,21.401546,26.36225,30.411367,993.7233,1000.23444,1007.26624,1011.5072,1015.74817,1022.77997,1029.291
2026-05-02 13:00:00+00:00,2026-05-03 14:00:00+00:00,12.306648,12.881168,13.528205,13.927196,14.326187,14.973223,15.547744,6.04731,10.137354,15.149742,18.37941,21.60908,26.621468,30.711517,993.3266,999.94415,1007.08484,1011.3896,1015.69434,1022.835,1029.4525
2026-05-02 13:00:00+00:00,2026-05-03 15:00:00+00:00,12.438981,13.008534,13.655652,14.056545,14.4574375,15.104555,15.6741085,5.6789794,9.80204,14.866354,18.133295,21.400236,26.464548,30.58761,993.188,999.85785,1007.0802,1011.44226,1015.8043,1023.0267,1029.6965
2026-05-02 13:00:00+00:00,2026-05-03 16:00:00+00:00,12.479542,13.055563,13.715583,14.126282,14.536982,15.1970005,15.773024,5.3342047,9.396288,14.374111,17.581417,20.788723,25.766544,29.828629,992.92834,999.72284,1007.0609,1011.48676,1015.91254,1023.2506,1030.0452
2026-05-02 13:00:00+00:00,2026-05-03 17:00:00+00:00,12.502188,13.090091,13.771045,14.19717,14.623295,15.304249,15.892153,4.992552,8.845936,13.546639,16.568327,19.590015,24.290718,28.144104,993.07684,999.88684,1007.29565,1011.78156,1016.2674,1023.6763,1030.4862
2026-05-02 13:00:00+00:00,2026-05-03 18:00:00+00:00,12.48452,13.077737,13.770549,14.205969,14.641388,15.3342,15.927417,4.378628,8.069834,12.517087,15.35759,18.198093,22.645346,26.336552,993.5011,1000.3374,1007.7419,1012.2145,1016.68713,1024.0916,1030.9279
2026-05-02 13:00:00+00:00,2026-05-03 19:00:00+00:00,12.454348,13.0588875,13.767575,14.2138405,14.660106,15.3687935,15.973333,3.8306332,7.355407,11.576478,14.264088,16.951696,21.172766,24.697546,993.84644,1000.72876,1008.17896,1012.678,1017.17694,1024.6272,1031.5095
2026-05-02 13:00:00+00:00,2026-05-03 20:00:00+00:00,12.416909,13.011714,13.710607,14.151236,14.591865,15.290757,15.885563,3.2471905,6.6311765,10.660925,13.219261,15.777597,19.807346,23.191334,994.16125,1001.08594,1008.5611,1013.0684,1017.5758,1025.0509,1031.9757
2026-05-02 13:00:00+00:00,2026-05-03 21:00:00+00:00,12.294148,12.898537,13.612202,14.063298,14.514395,15.22806,15.832449,2.6677704,6.046243,9.973246,12.435198,14.897151,18.824154,22.20263,994.44275,1001.4783,1009.0186,1013.5479,1018.07715,1025.6176,1032.6531
2026-05-02 13:00:00+00:00,2026-05-03 22:00:00+00:00,12.226425,12.824635,13.5278635,13.971336,14.414808,15.118037,15.716248,2.2552261,5.5488577,9.360041,11.743774,14.127507,17.93869,21.232327,994.8264,1001.8718,1009.419,1013.95123,1018.4834,1026.0306,1033.076
2026-05-02 13:00:00+00:00,2026-05-03 23:00:00+00:00,12.166273,12.751467,13.442488,13.879279,14.316071,15.0070915,15.592285,1.5593815,4.853607,8.629269,10.979033,13.328798,17.10446,20.398685,994.7599,1002.0153,1009.6964,1014.28,1018.86365,1026.5448,1033.8003
2026-05-02 13:00:00+00:00,2026-05-04 00:00:00+00:00,12.023694,12.615801,13.310471,13.748092,14.185713,14.880383,15.472488,1.0107422,4.295458,8.027579,10.339676,12.651773,16.383894,19.668613,994.9508,1002.27313,1009.94946,1014.5063,1019.06305,1026.7394,1034.0618
2026-05-02 13:00:00+00:00,2026-05-04 01:00:00+00:00,11.903588,12.477645,13.151047,13.575242,13.999436,14.672839,15.246895,0.56568813,3.8109732,7.4761596,9.739618,12.0030775,15.668264,18.913551,995.42426,1002.6709,1010.26715,1014.7762,1019.28516,1026.8815,1034.1282
2026-05-02 13:00:00+00:00,2026-05-04 02:00:00+00:00,11.82107,12.375871,13.026955,13.437179,13.847403,14.498486,15.0532875,0.32546997,3.526865,7.1454244,9.381046,11.616667,15.235227,18.436623,995.52405,1002.8691,1010.51025,1015.02747,1019.5447,1027.1858,1034.5309
2026-05-02 13:00:00+00:00,2026-05-04 03:00:00+00:00,11.6982,12.25723,12.909883,13.319987,13.730091,14.382745,14.941774,-0.039090157,3.305459,7.0475216,9.347095,11.6466675,15.388729,18.733282,995.5393,1002.98175,1010.67126,1015.2003,1019.7293,1027.4188,1034.8613
2026-05-02 13:00:00+00:00,2026-05-04 04:00:00+00:00,11.610387,12.178804,12.840518,13.255695,13.670873,14.332586,14.901004,-0.1491108,3.2853956,7.1386814,9.510035,11.881387,15.7346735,19.169182,995.8701,1003.3237,1010.9817,1015.47845,1019.9753,1027.6332,1035.0868
2026-05-02 13:00:00+00:00,2026-05-04 05:00:00+00:00,11.557588,12.139738,12.812816,13.233619,13.654421,14.327499,14.909651,-0.060426712,3.4549437,7.4563746,9.937666,12.418958,16.420387,19.93576,995.84296,1003.3857,1011.0848,1015.5898,1020.0948,1027.7938,1035.3365
2026-05-02 13:00:00+00:00,2026-05-04 06:00:00+00:00,11.608417,12.182316,12.842017,13.253209,13.664402,14.324102,14.898003,0.31967163,3.960805,8.163547,10.788745,13.413942,17.616684,21.257816,995.57367,1003.3081,1011.12024,1015.6654,1020.2106,1028.0227,1035.7571
2026-05-02 13:00:00+00:00,2026-05-04 07:00:00+00:00,11.676526,12.253064,12.913113,13.3236475,13.734182,14.394231,14.97077,0.9254465,4.727722,9.191973,12.005427,14.818882,19.283134,23.085411,995.7087,1003.346,1011.0852,1015.59595,1020.1066,1027.8458,1035.4832
2026-05-02 13:00:00+00:00,2026-05-04 08:00:00+00:00,11.792179,12.373002,13.038218,13.452049,13.865882,14.531097,15.111921,1.5969009,5.60033,10.378597,13.415716,16.452835,21.231102,25.234531,995.4937,1003.146,1010.9129,1015.44366,1019.9745,1027.7413,1035.3937
2026-05-02 13:00:00+00:00,2026-05-04 09:00:00+00:00,11.925748,12.507068,13.176727,13.594592,14.012457,14.682116,15.263436,2.2219896,6.461339,11.597532,14.887514,18.177498,23.31369,27.553045,994.9988,1002.7298,1010.5848,1015.16956,1019.7544,1027.6094,1035.3405
2026-05-02 13:00:00+00:00,2026-05-04 10:00:00+00:00,12.120646,12.698267,13.36162,13.774883,14.188148,14.8515005,15.429122,2.7017841,7.1561694,12.606373,16.115265,19.624157,25.07436,29.528751,994.54144,1002.3754,1010.2533,1014.82574,1019.3982,1027.2761,1035.1101
2026-05-02 13:00:00+00:00,2026-05-04 11:00:00+00:00,12.254749,12.838371,13.513407,13.935516,14.357626,15.032661,15.616283,2.9385672,7.644959,13.426236,17.155836,20.885437,26.666712,31.373108,994.0225,1001.85614,1009.7933,1014.419,1019.0448,1026.9819,1034.8156
2026-05-02 13:00:00+00:00,2026-05-04 12:00:00+00:00,12.37814,12.979046,13.672655,14.105919,14.539182,15.232792,15.833698,3.1633148,8.027777,14.052732,17.95604,21.859348,27.8843,32.748768,993.53754,1001.3373,1009.30225,1013.9639,1018.6256,1026.5906,1034.3904
2026-05-02 13:00:00+00:00,2026-05-04 13:00:00+00:00,12.501101,13.103942,13.799494,14.233874,14.668255,15.363806,15.966648,3.4935732,8.424806,14.564475,18.552763,22.54105,28.68072,33.611954,992.6834,1000.6805,1008.80145,1013.54004,1018.2787,1026.3995,1034.3967
2026-05-02 13:00:00+00:00,2026-05-04 14:00:00+00:00,12.518873,13.150152,13.880751,14.337748,14.794745,15.525343,16.156624,3.372796,8.346876,14.577148,18.63673,22.696312,28.92658,33.900665,992.3317,1000.41486,1008.58154,1013.33374,1018.08594,1026.2526,1034.3357
2026-05-02 13:00:00+00:00,2026-05-04 15:00:00+00:00,12.591202,13.218579,13.94907,14.407444,14.865819,15.59631,16.223686,3.3157005,8.256867,14.43031,18.44767,22.465027,28.63847,33.579643,992.1039,1000.08997,1008.28186,1013.088,1017.89417,1026.086,1034.0723
2026-05-02 13:00:00+00:00,2026-05-04 16:00:00+00:00,12.634335,13.272198,14.012654,14.476549,14.940445,15.680901,16.318764,2.9691668,7.829765,13.893626,17.836718,21.779812,27.843672,32.704273,992.3478,1000.23035,1008.3661,1013.1553,1017.94446,1026.0802,1033.9628
2026-05-02 13:00:00+00:00,2026-05-04 17:00:00+00:00,12.634458,13.278134,14.028469,14.49958,14.970691,15.721025,16.364702,2.5891857,7.2499413,13.057314,16.831238,20.605162,26.412533,31.073296,991.9746,1000.0957,1008.4371,1013.3345,1018.2319,1026.5734,1034.6943
2026-05-02 13:00:00+00:00,2026-05-04 18:00:00+00:00,12.604766,13.254978,14.011526,14.486081,14.960635,15.717184,16.367395,2.5141048,6.867181,12.262301,15.7587385,19.255175,24.650295,29.003376,992.1093,1000.3788,1008.7266,1013.582,1018.4373,1026.7852,1035.0547
2026-05-02 13:00:00+00:00,2026-05-04 19:00:00+00:00,12.52829,13.189939,13.96332,14.449588,14.935856,15.709237,16.370888,1.9945812,6.1220865,11.205,14.488297,17.771595,22.854507,26.982014,992.2805,1000.52747,1008.96704,1013.91223,1018.85736,1027.297,1035.544
2026-05-02 13:00:00+00:00,2026-05-04 20:00:00+00:00,12.441631,13.106801,13.885809,14.37611,14.866411,15.645418,16.310589,1.6623821,5.615502,10.422781,13.507992,16.593203,21.400482,25.353605,992.19385,1000.69305,1009.3062,1014.3265,1019.3467,1027.9598,1036.459
2026-05-02 13:00:00+00:00,2026-05-04 21:00:00+00:00,12.312234,12.9817095,13.763292,14.254408,14.7455225,15.527105,16.19658,1.2916756,5.0916176,9.718739,12.690357,15.661976,20.289097,24.08904,992.3531,1000.9157,1009.5636,1014.5947,1019.62585,1028.2737,1036.8363
2026-05-02 13:00:00+00:00,2026-05-04 22:00:00+00:00,12.232918,12.894763,13.670818,14.159569,14.648319,15.424375,16.086222,0.9042902,4.612418,9.093122,11.959314,14.825506,19.30621,23.014341,992.64075,1001.23145,1009.90125,1014.9431,1019.985,1028.6548,1037.2455
2026-05-02 13:00:00+00:00,2026-05-04 23:00:00+00:00,12.147305,12.79696,13.557043,14.035186,14.513328,15.273411,15.923066,0.8125744,4.3590717,8.621297,11.340107,14.058918,18.321142,21.867641,992.87286,1001.4605,1010.11926,1015.1522,1020.1852,1028.844,1037.4316
2026-05-02 13:00:00+00:00,2026-05-05 00:00:00+00:00,12.010426,12.644345,13.386176,13.85289,14.319604,15.061436,15.695354,0.17742062,3.6949444,7.90911,10.592905,13.276699,17.490864,21.008389,992.9207,1001.6711,1010.4028,1015.4495,1020.4962,1029.2279,1037.9783
2026-05-02 13:00:00+00:00,2026-05-05 01:00:00+00:00,11.849915,12.485796,13.222871,13.684296,14.1457205,14.882795,15.518678,-0.22734356,3.258112,7.3982506,10.023239,12.648229,16.788368,20.273829,993.0869,1001.7757,1010.5193,1015.5962,1020.67303,1029.4166,1038.1055
2026-05-02 13:00:00+00:00,2026-05-05 02:00:00+00:00,11.724387,12.349845,13.074201,13.527455,13.98071,14.705065,15.330524,-0.60181713,2.9003954,7.029806,9.637971,12.246135,16.375544,19.877762,992.9129,1001.6968,1010.51105,1015.62103,1020.7311,1029.5453,1038.3292
2026-05-02 13:00:00+00:00,2026-05-05 03:00:00+00:00,11.54537,12.182335,12.914301,13.37046,13.826618,14.558583,15.195549,-0.9296999,2.6482525,6.8343725,9.467715,12.101057,16.287176,19.865131,993.5809,1002.2158,1010.8546,1015.8546,1020.8547,1029.4934,1038.1284
2026-05-02 13:00:00+00:00,2026-05-05 04:00:00+00:00,11.457621,12.088223,12.811348,13.261498,13.711649,14.434774,15.065377,-1.1554384,2.5041752,6.8186607,9.543553,12.268446,16.582932,20.242546,993.7007,1002.3039,1010.9651,1015.9953,1021.02545,1029.6866,1038.2898
2026-05-02 13:00:00+00:00,2026-05-05 05:00:00+00:00,11.395233,12.031831,12.757806,13.208425,13.659044,14.385018,15.021616,-1.2604208,2.5989227,7.147601,10.019978,12.892355,17.441032,21.30038,994.08105,1002.5981,1011.1504,1016.11035,1021.0704,1029.6227,1038.1396
2026-05-02 13:00:00+00:00,2026-05-05 06:00:00+00:00,11.391717,12.027025,12.748186,13.194733,13.641279,14.36244,14.997748,-1.0396261,3.0458002,7.896606,10.971521,14.046437,18.897242,22.982676,994.171,1002.53796,1011.11475,1016.14484,1021.175,1029.7517,1038.1187
2026-05-02 13:00:00+00:00,2026-05-05 07:00:00+00:00,11.396407,12.046997,12.78249,13.236934,13.691378,14.42687,15.07746,-0.74293995,3.6220484,8.8596,12.197805,15.536012,20.773563,25.138552,993.9958,1002.35706,1010.9522,1016.00073,1021.0493,1029.6444,1038.0057
2026-05-02 13:00:00+00:00,2026-05-05 08:00:00+00:00,11.465864,12.121193,12.861127,13.318018,13.774908,14.514843,15.170172,-0.16222095,4.4717445,10.093772,13.697512,17.301252,22.923279,27.557243,993.71094,1002.20355,1010.8029,1015.81287,1020.82275,1029.4221,1037.9148
2026-05-02 13:00:00+00:00,2026-05-05 09:00:00+00:00,11.556255,12.218211,12.965997,13.4278555,13.889714,14.637499,15.299456,0.4438219,5.366193,11.370909,15.230837,19.090765,25.095482,30.01785,993.1598,1001.6583,1010.3257,1015.39496,1020.46423,1029.1316,1037.6301
2026-05-02 13:00:00+00:00,2026-05-05 10:00:00+00:00,11.681803,12.35048,13.104271,13.569324,14.034377,14.788168,15.456846,1.0744629,6.1778464,12.465884,16.528751,20.591618,26.879658,31.98304,992.6375,1001.15607,1009.8973,1015.0267,1020.1561,1028.8973,1037.4159
2026-05-02 13:00:00+00:00,2026-05-05 11:00:00+00:00,11.853127,12.517174,13.26614,13.728344,14.19055,14.939516,15.603562,1.3722544,6.789717,13.472129,17.792253,22.112377,28.794786,34.212257,991.95935,1000.642,1009.4546,1014.59534,1019.7361,1028.5487,1037.2313
2026-05-02 13:00:00+00:00,2026-05-05 12:00:00+00:00,11.93686,12.613847,13.378937,13.851587,14.324238,15.089327,15.7663145,1.9016666,7.3659925,14.194517,18.638672,23.082825,29.911348,35.37568,991.5304,1000.21954,1009.0438,1014.19305,1019.34235,1028.1666,1036.8557
2026-05-02 13:00:00+00:00,2026-05-05 13:00:00+00:00,11.974768,12.671711,13.459429,13.946082,14.432735,15.220452,15.917397,2.160285,7.703962,14.615346,19.108002,23.600658,30.51204,36.055717,991.0377,999.74615,1008.6235,1013.8143,1019.005,1027.8823,1036.5908
2026-05-02 13:00:00+00:00,2026-05-05 14:00:00+00:00,12.105833,12.791057,13.571341,14.055297,14.539253,15.319537,16.00476,2.3463411,7.8600144,14.7571945,19.248348,23.739502,30.63668,36.15036,990.8058,999.45807,1008.3275,1013.52936,1018.73114,1027.6006,1036.2529
2026-05-02 13:00:00+00:00,2026-05-05 15:00:00+00:00,12.129065,12.821622,13.612342,14.10345,14.594559,15.385279,16.077835,2.3679075,7.8205967,14.632211,19.06456,23.496908,30.308523,35.76122,990.31244,999.1806,1008.18494,1013.4387,1018.6925,1027.6969,1036.5651
2026-05-02 13:00:00+00:00,2026-05-05 16:00:00+00:00,12.159942,12.855169,13.649004,14.142068,14.635133,15.4289665,16.124195,1.9810343,7.368057,14.068835,18.419502,22.77017,29.470947,34.857975,990.272,999.1996,1008.2265,1013.4815,1018.7365,1027.7634,1036.691
2026-05-02 13:00:00+00:00,2026-05-05 17:00:00+00:00,12.1717205,12.866941,13.658855,14.150105,14.6413555,15.4332695,16.12849,1.6090517,6.8214493,13.271331,17.44793,21.624527,28.074404,33.286804,990.2314,999.13293,1008.22687,1013.55054,1018.87427,1027.9681,1036.8698
2026-05-02 13:00:00+00:00,2026-05-05 18:00:00+00:00,12.132187,12.832871,13.636983,14.137753,14.638521,15.442632,16.143318,1.1903839,6.1475,12.264206,16.21931,20.174417,26.291122,31.248243,990.4048,999.42914,1008.5702,1013.8967,1019.22327,1028.3643,1037.3887
2026-05-02 13:00:00+00:00,2026-05-05 19:00:00+00:00,12.023104,12.737407,13.55382,14.061168,14.568516,15.384929,16.099232,0.7950239,5.51038,11.295943,15.026071,18.756199,24.541761,29.257124,990.7976,999.7226,1008.8687,1014.232,1019.5952,1028.7413,1037.6664
2026-05-02 13:00:00+00:00,2026-05-05 20:00:00+00:00,11.942394,12.662496,13.486191,13.998278,14.510365,15.334059,16.054161,0.34863663,4.856971,10.366213,13.910821,17.45543,22.96467,27.473003,991.0361,1000.00604,1009.22424,1014.63794,1020.05164,1029.2699,1038.2399
2026-05-02 13:00:00+00:00,2026-05-05 21:00:00+00:00,11.78118,12.523237,13.368032,13.891933,14.415834,15.26063,16.002686,-0.10193539,4.3297243,9.6846075,13.109955,16.535301,21.890186,26.321846,991.12585,1000.2378,1009.4972,1014.9021,1020.30707,1029.5664,1038.6783
2026-05-02 13:00:00+00:00,2026-05-05 22:00:00+00:00,11.61899,12.3764105,13.2317095,13.759865,14.28802,15.143318,15.90074,-0.48067188,3.7941837,8.962128,12.26873,15.575333,20.743279,25.018135,991.4928,1000.5073,1009.8094,1015.2844,1020.7595,1030.0615,1039.076
2026-05-02 13:00:00+00:00,2026-05-05 23:00:00+00:00,11.515023,12.252911,13.086374,13.601118,14.115863,14.949326,15.687214,-0.75873184,3.4224043,8.405614,11.570654,14.735694,19.718903,23.90004,991.3859,1000.6819,1010.0757,1015.5425,1021.0093,1030.4031,1039.699
2026-05-02 13:00:00+00:00,2026-05-06 00:00:00+00:00,11.381272,12.104349,12.913602,13.41098,13.908358,14.717611,15.440687,-1.1599627,2.95642,7.820951,10.897025,13.973099,18.83763,22.954014,991.70795,1000.7136,1010.078,1015.61255,1021.1471,1030.5115,1039.5171
2026-05-02 13:00:00+00:00,2026-05-06 01:00:00+00:00,11.232727,11.96265,12.7644005,13.2523155,13.740229,14.541979,15.271904,-1.4435711,2.6103125,7.3647294,10.359325,13.353921,18.108337,22.162228,991.86975,1000.8897,1010.25903,1015.7934,1021.3277,1030.697,1039.7169
2026-05-02 13:00:00+00:00,2026-05-06 02:00:00+00:00,11.039293,11.772643,12.571735,13.055973,13.54021,14.339302,15.072653,-1.6114464,2.396819,7.0663176,9.997183,12.928048,17.597548,21.605814,991.99396,1000.9797,1010.3566,1015.9092,1021.46173,1030.8387,1039.8245
2026-05-02 13:00:00+00:00,2026-05-06 03:00:00+00:00,10.84904,11.5957,12.399422,12.883312,13.367203,14.170924,14.917585,-1.8577986,2.1818333,6.8579397,9.783197,12.708455,17.384562,21.424198,992.2115,1001.1713,1010.5783,1016.1668,1021.7554,1031.1624,1040.1222
2026-05-02 13:00:00+00:00,2026-05-06 04:00:00+00:00,10.700306,11.469308,12.284235,12.770794,13.257354,14.072281,14.841284,-1.9267826,2.1883783,6.978012,9.9828415,12.98767,17.777304,21.892467,992.468,1001.35596,1010.68024,1016.2174,1021.7546,1031.0789,1039.9668
2026-05-02 13:00:00+00:00,2026-05-06 05:00:00+00:00,10.622013,11.398392,12.213638,12.698005,13.182372,13.997618,14.773997,-1.7355213,2.4401293,7.326872,10.401386,13.4759,18.362642,22.538296,992.75555,1001.58746,1010.84143,1016.3332,1021.8249,1031.0789,1039.9108
2026-05-02 13:00:00+00:00,2026-05-06 06:00:00+00:00,10.555627,11.353859,12.187378,12.681118,13.174857,14.008376,14.806609,-1.4838371,2.8291464,7.9462233,11.1886425,14.431061,19.548138,23.861128,992.6181,1001.4569,1010.78326,1016.3388,1021.89435,1031.2207,1040.0594
2026-05-02 13:00:00+00:00,2026-05-06 07:00:00+00:00,10.570821,11.380694,12.232662,12.739342,13.24602,14.097989,14.907864,-1.3213129,3.3090267,8.835013,12.347219,15.859425,21.38541,26.015753,992.60913,1001.3963,1010.7121,1016.2754,1021.8386,1031.1544,1039.9417
2026-05-02 13:00:00+00:00,2026-05-06 08:00:00+00:00,10.572845,11.416051,12.302591,12.829674,13.356756,14.243297,15.086502,-1.1450386,3.8028164,9.765737,13.574855,17.383972,23.346893,28.294754,992.3622,1001.13947,1010.463,1016.0368,1021.6106,1030.9341,1039.7114
2026-05-02 13:00:00+00:00,2026-05-06 09:00:00+00:00,10.57657,11.451597,12.375671,12.926374,13.477077,14.401151,15.276179,-0.590292,4.582593,10.889051,14.941662,18.99427,25.300728,30.473616,992.0303,1000.92004,1010.2649,1015.8203,1021.3757,1030.7206,1039.6104
2026-05-02 13:00:00+00:00,2026-05-06 10:00:00+00:00,10.629636,11.515832,12.464842,13.034635,13.604428,14.553438,15.439635,-0.19843674,5.270974,12.00194,16.348318,20.694696,27.42566,32.895073,991.6189,1000.46204,1009.8399,1015.4411,1021.0423,1030.4202,1039.2633
2026-05-02 13:00:00+00:00,2026-05-06 11:00:00+00:00,10.683303,11.597898,12.5912075,13.192085,13.792964,14.786274,15.700869,0.041296005,5.7659664,12.835965,17.409536,21.983109,29.053104,34.77778,991.42053,1000.1558,1009.4653,1015.0404,1020.6155,1029.9249,1038.6602
2026-05-02 13:00:00+00:00,2026-05-06 12:00:00+00:00,10.7667265,11.696621,12.712289,13.328544,13.944799,14.960466,15.890362,0.11208725,6.073633,13.461998,18.25011,23.038223,30.42659,36.388138,990.80286,999.61176,1008.938,1014.5035,1020.06903,1029.3953,1038.2042
2026-05-02 13:00:00+00:00,2026-05-06 13:00:00+00:00,10.863207,11.808772,12.84677,13.478258,14.109745,15.147743,16.093307,0.24741554,6.301738,13.864898,18.78628,23.707663,31.270823,37.325146,990.5836,999.34296,1008.6508,1014.2163,1019.78174,1029.0896,1037.8489
2026-05-02 14:00:00+00:00,2026-05-02 15:00:00+00:00,12.886918,13.203759,13.520792,13.704304,13.887815,14.204847,14.521689,13.061058,14.52809,16.132923,17.107452,18.081984,19.686817,21.15385,1004.3096,1005.5526,1006.9069,1007.7276,1008.5482,1009.9026,1011.14557
2026-05-02 14:00:00+00:00,2026-05-02 16:00:00+00:00,12.817217,13.205183,13.584844,13.801954,14.019064,14.398725,14.786692,11.9036255,13.785746,15.707134,16.831488,17.955841,19.877232,21.759352,1003.64105,1005.2355,1006.9057,1007.89685,1008.88794,1010.5582,1012.15265
2026-05-02 14:00:00+00:00,2026-05-02 17:00:00+00:00,12.665197,13.117586,13.56815,13.828296,14.088443,14.539005,14.991394,10.572978,12.731661,14.92503,16.20527,17.485514,19.67888,21.837566,1002.6963,1004.78503,1006.9315,1008.192,1009.4526,1011.599,1013.6878
2026-05-02 14:00:00+00:00,2026-05-02 18:00:00+00:00,12.613764,13.06287,13.5265875,13.799615,14.072643,14.536361,14.985466,9.236154,11.392759,13.698426,15.0815525,16.46468,18.770348,20.926954,1002.0503,1004.552,1007.1225,1008.632,1010.14154,1012.7121,1015.2138
2026-05-02 14:00:00+00:00,2026-05-02 19:00:00+00:00,12.463483,12.9412985,13.4458,13.746428,14.047055,14.551558,15.029372,7.8237567,10.011747,12.459481,13.963562,15.467643,17.915377,20.103369,1001.28485,1004.2944,1007.3736,1009.1777,1010.98175,1014.061,1017.07056
2026-05-02 14:00:00+00:00,2026-05-02 20:00:00+00:00,12.344738,12.826458,13.3461895,13.659485,13.972781,14.492514,14.974234,6.4924088,8.67551,11.17021,12.72035,14.27049,16.76519,18.948294,1001.0431,1004.35345,1007.744,1009.73157,1011.7192,1015.10974,1018.4201
2026-05-02 14:00:00+00:00,2026-05-02 21:00:00+00:00,12.212282,12.687547,13.211007,13.5300255,13.849045,14.372505,14.84777,5.549783,7.7085485,10.210083,11.775844,13.341604,15.843138,18.001904,1000.66315,1004.3183,1008.0882,1010.3065,1012.52484,1016.29474,1019.94995
2026-05-02 14:00:00+00:00,2026-05-02 22:00:00+00:00,12.01378,12.504785,13.053429,13.390348,13.727268,14.275912,14.766918,4.9918585,7.111749,9.571719,11.112603,12.653487,15.113457,17.233349,1000.3068,1004.28107,1008.3659,1010.7651,1013.1643,1017.24915,1021.2234
2026-05-02 14:00:00+00:00,2026-05-02 23:00:00+00:00,11.8162775,12.31758,12.878231,13.222687,13.5671425,14.127793,14.629095,4.0167646,6.301268,8.924438,10.558518,12.192599,14.815768,17.100273,1000.2426,1004.38434,1008.6479,1011.1541,1013.6604,1017.92395,1022.0657
2026-05-02 14:00:00+00:00,2026-05-03 00:00:00+00:00,11.608672,12.126285,12.710314,13.070804,13.431294,14.015323,14.532936,3.2928848,5.683834,8.379684,10.043082,11.70648,14.402331,16.793282,1000.02563,1004.35785,1008.8422,1011.486,1014.1299,1018.6142,1022.9465
2026-05-02 14:00:00+00:00,2026-05-03 01:00:00+00:00,11.470467,11.971247,12.540946,12.894113,13.247279,13.816978,14.317759,2.4873705,5.037985,7.862561,9.588929,11.315296,14.139873,16.690489,999.69666,1004.2351,1008.95374,1011.74243,1014.53107,1019.24976,1023.78815
2026-05-02 14:00:00+00:00,2026-05-03 02:00:00+00:00,11.312727,11.80846,12.37348,12.724092,13.074702,13.639723,14.135456,1.694643,4.373275,7.3104377,9.096254,10.882072,13.819235,16.49787,999.54016,1004.21106,1009.08765,1011.9761,1014.8645,1019.7411,1024.412
2026-05-02 14:00:00+00:00,2026-05-03 03:00:00+00:00,11.165819,11.664862,12.237179,12.593468,12.949757,13.522074,14.021116,1.4007664,4.1781406,7.2035027,9.036503,10.869503,13.894864,16.672241,999.3491,1004.1223,1009.12823,1012.1005,1015.07275,1020.07874,1024.8519
2026-05-02 14:00:00+00:00,2026-05-03 04:00:00+00:00,11.073577,11.5757885,12.148409,12.503807,12.859204,13.431825,13.934036,1.0899839,3.9777193,7.1270156,9.036303,10.94559,14.094885,16.982622,999.0717,1004.01355,1009.24414,1012.36505,1015.486,1020.7166,1025.6584
2026-05-02 14:00:00+00:00,2026-05-03 05:00:00+00:00,11.053351,11.565075,12.144988,12.503761,12.862535,13.442449,13.954172,1.513175,4.399413,7.5759597,9.511114,11.446269,14.622815,17.509054,998.7227,1003.8383,1009.2771,1012.53,1015.78296,1021.2217,1026.3373
2026-05-02 14:00:00+00:00,2026-05-03 06:00:00+00:00,11.122581,11.626572,12.19662,12.548933,12.901245,13.471293,13.975285,1.9368649,4.912266,8.232759,10.270511,12.308261,15.628755,18.604156,998.63214,1003.8512,1009.4126,1012.7429,1016.07324,1021.63464,1026.8538
2026-05-02 14:00:00+00:00,2026-05-03 07:00:00+00:00,11.194338,11.720929,12.312676,12.677151,13.041625,13.633371,14.159964,2.7397547,5.7635846,9.2138,11.355985,13.498168,16.948383,19.972216,998.1628,1003.5608,1009.3418,1012.81287,1016.28394,1022.06494,1027.4629
2026-05-02 14:00:00+00:00,2026-05-03 08:00:00+00:00,11.363808,11.891709,12.483017,12.8466015,13.210186,13.801494,14.329395,3.3499622,6.629479,10.430443,12.809779,15.189116,18.99008,22.269596,997.4409,1003.09753,1009.1299,1012.74365,1016.3575,1022.38983,1028.0464
2026-05-02 14:00:00+00:00,2026-05-03 09:00:00+00:00,11.563926,12.10498,12.7038145,13.069711,13.435607,14.034441,14.575497,4.300126,7.7551208,11.815319,14.375337,16.935354,20.995552,24.450546,996.6576,1002.536,1008.82605,1012.601,1016.376,1022.666,1028.5444
2026-05-02 14:00:00+00:00,2026-05-03 10:00:00+00:00,11.744396,12.311054,12.9345875,13.314405,13.694223,14.317758,14.884417,5.1048326,8.732634,13.073138,15.835493,18.597847,22.93835,26.566154,996.1662,1002.16595,1008.58594,1012.4389,1016.29193,1022.7119,1028.7117
2026-05-02 14:00:00+00:00,2026-05-03 11:00:00+00:00,11.989404,12.551237,13.170183,13.54744,13.924696,14.543642,15.105475,5.642306,9.421049,13.996024,16.925472,19.85492,24.429893,28.20864,995.16925,1001.4007,1008.09845,1012.1277,1016.157,1022.8547,1029.0862
2026-05-02 14:00:00+00:00,2026-05-03 12:00:00+00:00,12.198841,12.767321,13.397158,13.7822075,14.167257,14.797094,15.365574,5.8708324,9.837829,14.686039,17.805504,20.924969,25.77318,29.740177,994.42706,1000.8246,1007.6969,1011.82996,1015.963,1022.8353,1029.2329
2026-05-02 14:00:00+00:00,2026-05-03 13:00:00+00:00,12.314981,12.904565,13.558165,13.957863,14.357563,15.011162,15.600746,6.0275126,10.099478,15.091923,18.30948,21.527039,26.519482,30.591454,993.9485,1000.43195,1007.44055,1011.66974,1015.89886,1022.9075,1029.391
2026-05-02 14:00:00+00:00,2026-05-03 14:00:00+00:00,12.417461,13.0340185,13.716153,14.132861,14.549569,15.231703,15.848261,5.9646435,10.102545,15.184267,18.462162,21.740057,26.821781,30.959684,993.4373,1000.0084,1007.12305,1011.4198,1015.71655,1022.8312,1029.4023
2026-05-02 14:00:00+00:00,2026-05-03 15:00:00+00:00,12.510652,13.132073,13.831388,14.262444,14.693498,15.392813,16.014236,5.875566,9.989953,15.031702,18.28014,21.528576,26.570328,30.684713,993.2065,999.87103,1007.0837,1011.4386,1015.7936,1023.0062,1029.6708
2026-05-02 14:00:00+00:00,2026-05-03 16:00:00+00:00,12.610426,13.225219,13.924256,14.357483,14.7907095,15.489746,16.10454,5.384121,9.480612,14.499716,17.733326,20.966934,25.986038,30.082531,993.22925,999.94556,1007.23254,1011.6383,1016.044,1023.331,1030.0472
2026-05-02 14:00:00+00:00,2026-05-03 17:00:00+00:00,12.619906,13.237171,13.945077,14.385779,14.826483,15.534388,16.151653,4.990677,8.971563,13.825948,16.94581,20.065674,24.920055,28.900948,993.1046,999.9399,1007.3444,1011.8175,1016.2905,1023.69507,1030.5304
2026-05-02 14:00:00+00:00,2026-05-03 18:00:00+00:00,12.595205,13.223233,13.951835,14.40816,14.864486,15.593086,16.221115,4.630437,8.363207,12.8821,15.775503,18.668905,23.187798,26.92057,993.3936,1000.2393,1007.7046,1012.2303,1016.756,1024.2213,1031.067
2026-05-02 14:00:00+00:00,2026-05-03 19:00:00+00:00,12.539874,13.168482,13.904282,14.36726,14.830238,15.566038,16.194647,3.9378786,7.4966216,11.741373,14.438472,17.13557,21.380322,24.939066,993.8902,1000.7678,1008.23334,1012.7481,1017.2629,1024.7284,1031.606
2026-05-02 14:00:00+00:00,2026-05-03 20:00:00+00:00,12.466288,13.106431,13.857243,14.330161,14.803081,15.553892,16.194036,3.385827,6.775466,10.783878,13.319476,15.855074,19.863485,23.253128,994.2652,1001.1834,1008.69165,1013.2318,1017.772,1025.2802,1032.1984
2026-05-02 14:00:00+00:00,2026-05-03 21:00:00+00:00,12.40278,13.026766,13.760214,14.222713,14.685215,15.418661,16.042648,2.777649,6.03801,9.864565,12.275651,14.686737,18.51329,21.773655,994.5518,1001.5266,1009.0724,1013.6276,1018.1828,1025.7286,1032.7034
2026-05-02 14:00:00+00:00,2026-05-03 22:00:00+00:00,12.2543545,12.883427,13.627067,14.097383,14.5676985,15.311338,15.940411,2.1887598,5.461267,9.210525,11.543364,13.876203,17.62546,20.897968,994.78625,1001.8775,1009.4976,1014.0812,1018.66473,1026.2848,1033.3761
2026-05-02 14:00:00+00:00,2026-05-03 23:00:00+00:00,12.166733,12.787016,13.5155,13.974672,14.433844,15.162329,15.782612,1.8023386,5.024843,8.703077,10.987263,13.271447,16.949682,20.172188,995.10144,1002.211,1009.8453,1014.4356,1019.02594,1026.6603,1033.7698
2026-05-02 14:00:00+00:00,2026-05-04 00:00:00+00:00,12.104547,12.707211,13.418018,13.86704,14.316061,15.026869,15.629533,1.1277008,4.4015503,8.099398,10.3831625,12.666927,16.364777,19.638626,994.9908,1002.3011,1010.05884,1014.6942,1019.3295,1027.0873,1034.3976
2026-05-02 14:00:00+00:00,2026-05-04 01:00:00+00:00,11.946303,12.559281,13.276272,13.727246,14.178221,14.895211,15.50819,0.6111498,3.9201813,7.6416874,9.934857,12.228027,15.949533,19.258566,995.0533,1002.45337,1010.23663,1014.865,1019.4934,1027.2766,1034.6768
2026-05-02 14:00:00+00:00,2026-05-04 02:00:00+00:00,11.831825,12.426006,13.12014,13.556454,13.992768,14.686902,15.281084,0.31452084,3.6023178,7.295332,9.569452,11.843573,15.536586,18.824387,995.4455,1002.7856,1010.49615,1015.0782,1019.6603,1027.3708,1034.7109
2026-05-02 14:00:00+00:00,2026-05-04 03:00:00+00:00,11.760745,12.336943,13.009471,13.432009,13.854546,14.527074,15.103272,0.21773338,3.4845352,7.1831946,9.470306,11.757418,15.456078,18.722881,995.4744,1002.9063,1010.6648,1015.25995,1019.8551,1027.6135,1035.0454
2026-05-02 14:00:00+00:00,2026-05-04 04:00:00+00:00,11.656887,12.2402935,12.916876,13.34054,13.764204,14.440786,15.024193,0.042661667,3.481392,7.3565955,9.747013,12.137431,16.012634,19.451366,995.3509,1002.91003,1010.7449,1015.36743,1019.9899,1027.8248,1035.3839
2026-05-02 14:00:00+00:00,2026-05-04 05:00:00+00:00,11.586498,12.184679,12.87588,13.3078785,13.739878,14.431079,15.029261,0.085347176,3.6532402,7.703989,10.212463,12.720937,16.771685,20.339584,995.58203,1003.1567,1010.972,1015.57166,1020.17126,1027.9866,1035.5613
2026-05-02 14:00:00+00:00,2026-05-04 06:00:00+00:00,11.558403,12.177919,12.887931,13.329788,13.771646,14.481657,15.101173,0.34844685,4.0328617,8.285966,10.942755,13.599544,17.852648,21.537064,995.4344,1003.1071,1010.97986,1015.5995,1020.2191,1028.0919,1035.7646
2026-05-02 14:00:00+00:00,2026-05-04 07:00:00+00:00,11.645977,12.260806,12.962085,13.397416,13.832747,14.534026,15.148855,0.7987156,4.6701508,9.205685,12.060806,14.915929,19.451462,23.3229,995.0515,1002.9292,1010.9291,1015.5971,1020.26514,1028.265,1036.1427
2026-05-02 14:00:00+00:00,2026-05-04 08:00:00+00:00,11.750803,12.3726635,13.078966,13.516443,13.953922,14.660224,15.282085,1.4547434,5.532703,10.385447,13.465152,16.544857,21.3976,25.47556,995.1069,1002.8769,1010.80176,1015.43695,1020.0721,1027.997,1035.767
2026-05-02 14:00:00+00:00,2026-05-04 09:00:00+00:00,11.901415,12.52968,13.244402,13.687467,14.130531,14.845253,15.473519,2.1014338,6.4123297,11.61942,14.949613,18.279804,23.486897,27.797794,994.83466,1002.61475,1010.5664,1015.2225,1019.8786,1027.8302,1035.6104
2026-05-02 14:00:00+00:00,2026-05-04 10:00:00+00:00,12.063716,12.694038,13.416115,13.865377,14.314641,15.036717,15.66704,2.7084599,7.2362924,12.77904,16.348404,19.917767,25.460516,29.98835,994.2485,1002.1223,1010.172,1014.88617,1019.60034,1027.65,1035.5238
2026-05-02 14:00:00+00:00,2026-05-04 11:00:00+00:00,12.272669,12.902139,13.621784,14.069061,14.516338,15.235985,15.865455,3.086669,7.8068576,13.626184,17.387339,21.148493,26.967817,31.68801,993.8023,1001.76886,1009.8327,1014.5298,1019.22687,1027.2908,1035.2573
2026-05-02 14:00:00+00:00,2026-05-04 12:00:00+00:00,12.420255,13.056185,13.789001,14.246357,14.703712,15.436529,16.07246,3.1894073,8.103043,14.18002,18.11407,22.048122,28.125101,33.038742,993.2742,1001.2487,1009.3777,1014.13086,1018.884,1027.0131,1034.9875
2026-05-02 14:00:00+00:00,2026-05-04 13:00:00+00:00,12.54729,13.197507,13.945854,14.412598,14.879342,15.627689,16.277906,3.3435907,8.336525,14.54889,18.583038,22.617188,28.829554,33.822487,992.8995,1000.82227,1008.96576,1013.74866,1018.5316,1026.675,1034.5979
2026-05-02 14:00:00+00:00,2026-05-04 14:00:00+00:00,12.649414,13.3034525,14.055241,14.52382,14.992398,15.744187,16.398226,3.55834,8.543342,14.763467,18.80852,22.85357,29.073696,34.0587,992.13477,1000.255,1008.54956,1013.40485,1018.26013,1026.5547,1034.6749
2026-05-02 14:00:00+00:00,2026-05-04 15:00:00+00:00,12.645143,13.325453,14.111468,14.602696,15.093925,15.87994,16.560251,3.3729105,8.31082,14.500824,18.535847,22.57087,28.760872,33.698784,991.9949,1000.18256,1008.4949,1013.3444,1018.19403,1026.5063,1034.694
2026-05-02 14:00:00+00:00,2026-05-04 16:00:00+00:00,12.691508,13.362996,14.143852,14.633507,15.12316,15.904017,16.575506,3.234828,8.072689,14.111575,18.039553,21.96753,28.006416,32.844276,991.8645,999.97205,1008.3131,1013.21454,1018.116,1026.457,1034.5646
2026-05-02 14:00:00+00:00,2026-05-04 17:00:00+00:00,12.697726,13.377497,14.165253,14.658341,15.15143,15.939186,16.618958,2.8278484,7.523592,13.370153,17.168074,20.965994,26.81255,31.508299,992.2921,1000.2829,1008.5571,1013.4362,1018.31537,1026.5895,1034.5803
2026-05-02 14:00:00+00:00,2026-05-04 18:00:00+00:00,12.64593,13.33175,14.129917,14.630636,15.131357,15.929523,16.615343,2.3953485,6.8513966,12.385954,15.976692,19.56743,25.10199,29.558037,991.9909,1000.2423,1008.7358,1013.72815,1018.7206,1027.214,1035.4655
2026-05-02 14:00:00+00:00,2026-05-04 19:00:00+00:00,12.589624,13.276153,14.073886,14.573923,15.073961,15.871695,16.558224,2.267191,6.3973436,11.49461,14.7908745,18.08714,23.184404,27.314556,992.264,1000.64325,1009.1247,1014.06494,1019.0052,1027.4867,1035.866
2026-05-02 14:00:00+00:00,2026-05-04 20:00:00+00:00,12.4689045,13.164697,13.976767,14.48696,14.997154,15.809224,16.505016,1.6607809,5.57293,10.36651,13.454937,16.543364,21.336945,25.249092,992.43506,1000.812,1009.398,1014.4332,1019.4684,1028.0543,1036.4314
2026-05-02 14:00:00+00:00,2026-05-04 21:00:00+00:00,12.357841,13.051714,13.8634815,14.374119,14.884757,15.696524,16.390398,1.2969952,5.0547047,9.592508,12.494293,15.396079,19.933884,23.691593,992.3331,1000.9702,1009.7348,1014.84705,1019.9593,1028.7239,1037.361
2026-05-02 14:00:00+00:00,2026-05-04 22:00:00+00:00,12.197793,12.893752,13.704523,14.213412,14.722302,15.533072,16.229033,0.886179,4.5204163,8.915773,11.728669,14.541565,18.93692,22.57116,992.4982,1001.17926,1009.9686,1015.089,1020.20935,1028.9987,1037.6797
2026-05-02 14:00:00+00:00,2026-05-04 23:00:00+00:00,12.098838,12.784549,13.586423,14.090725,14.595028,15.396902,16.082613,0.47975445,4.06866,8.3771305,11.123883,13.870637,18.179108,21.768013,992.7326,1001.45074,1010.2648,1015.3955,1020.5262,1029.3402,1038.0583
2026-05-02 14:00:00+00:00,2026-05-05 00:00:00+00:00,12.0055275,12.677494,13.460456,13.951938,14.4434185,15.226381,15.898348,0.39139652,3.867158,8.017536,10.656191,13.294847,17.445223,20.92099,992.8879,1001.61176,1010.42365,1015.55066,1020.6777,1029.4896,1038.2135
2026-05-02 14:00:00+00:00,2026-05-05 01:00:00+00:00,11.863089,12.519451,13.2835045,13.762879,14.242254,15.006309,15.66267,-0.22000122,3.281536,7.4560843,10.107927,12.759769,16.934319,20.43586,992.9085,1001.77765,1010.6538,1015.7923,1020.9307,1029.8069,1038.676
2026-05-02 14:00:00+00:00,2026-05-05 02:00:00+00:00,11.713752,12.37177,13.128892,13.601043,14.073193,14.830315,15.488334,-0.52550507,2.986086,7.1423974,9.772768,12.403138,16.55945,20.071043,992.9965,1001.81476,1010.7093,1015.8803,1021.0514,1029.9459,1038.7642
2026-05-02 14:00:00+00:00,2026-05-05 03:00:00+00:00,11.600072,12.247283,12.991785,13.456005,13.920226,14.664728,15.311939,-0.8028679,2.7803612,7.0006695,9.66473,12.328791,16.549097,20.132332,992.72705,1001.6509,1010.63336,1015.8496,1021.06586,1030.0483,1038.9722
2026-05-02 14:00:00+00:00,2026-05-05 04:00:00+00:00,11.438969,12.1014,12.856115,13.324339,13.7925625,14.547277,15.209709,-0.9734564,2.731804,7.0769176,9.813574,12.55023,16.895344,20.600605,993.327,1002.09875,1010.9085,1016.0183,1021.1281,1029.9379,1038.7095
2026-05-02 14:00:00+00:00,2026-05-05 05:00:00+00:00,11.376881,12.034403,12.781996,13.245303,13.708611,14.456203,15.113726,-1.0910254,2.7604694,7.3230863,10.211896,13.100706,17.663322,21.51482,993.3862,1002.12054,1010.955,1016.09894,1021.24286,1030.0774,1038.8116
2026-05-02 14:00:00+00:00,2026-05-05 06:00:00+00:00,11.348668,12.015655,12.770366,13.236906,13.703445,14.458157,15.125144,-1.0786829,3.0349274,7.9188924,11.014725,14.110557,18.994522,23.108135,993.6573,1002.3199,1011.0539,1016.13043,1021.20703,1029.941,1038.6036
2026-05-02 14:00:00+00:00,2026-05-05 07:00:00+00:00,11.377833,12.048143,12.802448,13.267388,13.732328,14.486632,15.156943,-0.80887127,3.6039238,8.887367,12.251048,15.614729,20.89817,25.31097,993.60004,1002.1349,1010.9175,1016.07904,1021.2406,1030.0232,1038.558
2026-05-02 14:00:00+00:00,2026-05-05 08:00:00+00:00,11.41204,12.103622,12.878903,13.355816,13.832728,14.608009,15.299593,-0.4426298,4.2816124,9.998674,13.658554,17.318434,23.035496,27.75974,993.3542,1001.8808,1010.67633,1015.85236,1021.0283,1029.8239,1038.3505
2026-05-02 14:00:00+00:00,2026-05-05 09:00:00+00:00,11.511884,12.211292,12.9962225,13.479355,13.962487,14.747418,15.446827,0.12403393,5.144552,11.2851095,15.237687,19.190266,25.330822,30.351343,992.9503,1001.6207,1010.4421,1015.59467,1020.74725,1029.5686,1038.239
2026-05-02 14:00:00+00:00,2026-05-05 10:00:00+00:00,11.637984,12.343503,13.136074,13.624163,14.11225,14.904821,15.610341,0.709239,6.0018253,12.509382,16.709576,20.909767,27.417324,32.70992,992.3194,1001.00793,1009.9091,1015.1279,1020.34674,1029.2479,1037.9365
2026-05-02 14:00:00+00:00,2026-05-05 11:00:00+00:00,11.7831135,12.495468,13.295671,13.7884445,14.281219,15.081421,15.7937765,1.2397051,6.692607,13.451355,17.831688,22.212023,28.97077,34.423676,991.7981,1000.5032,1009.4692,1014.74115,1020.01306,1028.9791,1037.6842
2026-05-02 14:00:00+00:00,2026-05-05 12:00:00+00:00,11.9636545,12.670517,13.465673,13.955704,14.445734,15.2408905,15.947754,1.4343224,7.1428757,14.219283,18.805763,23.392242,30.468649,36.177208,991.10046,999.9842,1009.0326,1014.3209,1019.60925,1028.6576,1037.5414
2026-05-02 14:00:00+00:00,2026-05-05 13:00:00+00:00,12.03328,12.757236,13.573418,14.076988,14.580559,15.39674,16.120697,1.8648119,7.538351,14.650405,19.286438,23.92247,31.034523,36.70806,990.80585,999.6617,1008.6965,1013.98157,1019.26666,1028.3014,1037.1573
2026-05-02 14:00:00+00:00,2026-05-05 14:00:00+00:00,12.054577,12.798603,13.637886,14.155863,14.6738405,15.5131235,16.25715,2.0388832,7.7001014,14.774233,19.378078,23.981922,31.05605,36.717274,990.4348,999.31635,1008.39465,1013.7107,1019.0268,1028.1051,1036.9866
2026-05-02 14:00:00+00:00,2026-05-05 15:00:00+00:00,12.168996,12.89617,13.722424,14.234309,14.746194,15.572449,16.299623,2.165164,7.703538,14.634588,19.148794,23.663,30.594051,36.13243,990.3126,999.1396,1008.21204,1013.54047,1018.8689,1027.9413,1036.7683
2026-05-02 14:00:00+00:00,2026-05-05 16:00:00+00:00,12.17054,12.898987,13.730329,14.2465515,14.7627735,15.594114,16.322563,2.1561422,7.5434227,14.26738,18.640713,23.014046,29.738003,35.125282,990.0122,999.02026,1008.2066,1013.57916,1018.9517,1028.1381,1037.1461
2026-05-02 14:00:00+00:00,2026-05-05 17:00:00+00:00,12.175442,12.899998,13.727404,14.241347,14.755291,15.582698,16.307255,1.7022133,6.964824,13.495223,17.73008,21.964933,28.49533,33.757942,990.0922,999.1746,1008.3878,1013.7607,1019.1336,1028.3468,1037.4292
2026-05-02 14:00:00+00:00,2026-05-05 18:00:00+00:00,12.148501,12.87147,13.69406,14.204038,14.714015,15.536605,16.259575,1.2412443,6.298681,12.536384,16.568811,20.60124,26.83894,31.896381,990.1987,999.25085,1008.525,1013.9626,1019.4001,1028.6742,1037.7264
2026-05-02 14:00:00+00:00,2026-05-05 19:00:00+00:00,12.073685,12.799225,13.630526,14.147791,14.665057,15.496357,16.221897,0.79498863,5.573378,11.442235,15.228045,19.013855,24.882713,29.661106,990.3759,999.57605,1008.918,1014.3689,1019.8198,1029.1617,1038.3619
2026-05-02 14:00:00+00:00,2026-05-05 20:00:00+00:00,11.931678,12.667657,13.507086,14.028165,14.549244,15.388672,16.124653,0.37225628,4.9092665,10.443468,14.000798,17.558128,23.092327,27.629345,990.81085,999.90857,1009.2519,1014.7371,1020.22235,1029.5657,1038.6635
2026-05-02 14:00:00+00:00,2026-05-05 21:00:00+00:00,11.825692,12.565339,13.408075,13.930923,14.453773,15.296509,16.036156,-0.10485172,4.238615,9.513862,12.897185,16.28051,21.555756,25.899225,991.05457,1000.21216,1009.6325,1015.16785,1020.7032,1030.1235,1039.2811
2026-05-02 14:00:00+00:00,2026-05-05 22:00:00+00:00,11.632544,12.3954,13.259527,13.794008,14.32849,15.192616,15.955473,-0.55403614,3.7402449,8.888351,12.1680355,15.44772,20.595825,24.89011,991.09314,1000.39276,1009.8547,1015.3815,1020.9083,1030.3702,1039.6698
2026-05-02 14:00:00+00:00,2026-05-05 23:00:00+00:00,11.457473,12.2322235,13.101462,13.636407,14.171352,15.040591,15.815342,-0.9832878,3.201374,8.2215805,11.420939,14.620298,19.640503,23.825169,991.43585,1000.6289,1010.1319,1015.7306,1021.3292,1030.8323,1040.0253
2026-05-02 14:00:00+00:00,2026-05-06 00:00:00+00:00,11.339911,12.095332,12.942108,13.462976,13.983844,14.83062,15.586041,-1.2710409,2.8753605,7.7800603,10.883071,13.986082,18.890781,23.037186,991.3361,1000.7721,1010.349,1015.9355,1021.522,1031.0989,1040.5349
2026-05-02 14:00:00+00:00,2026-05-06 01:00:00+00:00,11.209154,11.947529,12.766614,13.267689,13.768764,14.587849,15.326225,-1.6024351,2.520154,7.357331,10.40477,13.4522085,18.289385,22.411978,991.5798,1000.7412,1010.2982,1015.95636,1021.6145,1031.1715,1040.333
2026-05-02 14:00:00+00:00,2026-05-06 02:00:00+00:00,11.063123,11.811193,12.623128,13.114121,13.605115,14.417049,15.165121,-1.8339291,2.2845173,7.0932374,10.115041,13.136845,17.945564,22.064014,991.64606,1000.83575,1010.4078,1016.0701,1021.73254,1031.3046,1040.4943
2026-05-02 14:00:00+00:00,2026-05-06 03:00:00+00:00,10.880174,11.63329,12.443308,12.93078,13.418253,14.22827,14.981387,-1.8996639,2.2234154,7.025333,10.03887,13.052406,17.854324,21.97741,991.6982,1000.86816,1010.45355,1016.1347,1021.81586,1031.4012,1040.5713
2026-05-02 14:00:00+00:00,2026-05-06 04:00:00+00:00,10.691675,11.46707,12.290253,12.782215,13.274178,14.097361,14.872756,-2.014821,2.198534,7.088931,10.152564,13.216196,18.106592,22.31995,991.86365,1000.9868,1010.5964,1016.31525,1022.0342,1031.6438,1040.7668
2026-05-02 14:00:00+00:00,2026-05-06 05:00:00+00:00,10.575972,11.373404,12.208692,12.7043085,13.199926,14.035213,14.832645,-1.9214077,2.422947,7.507998,10.707566,13.907134,18.992186,23.336544,992.0105,1001.0799,1010.6271,1016.3069,1021.98676,1031.5339,1040.6034
2026-05-02 14:00:00+00:00,2026-05-06 06:00:00+00:00,10.52957,11.335301,12.173729,12.669448,13.165167,14.003594,14.809326,-1.5596647,2.8898811,8.144379,11.465817,14.787256,20.041752,24.491302,992.202,1001.22107,1010.7039,1016.342,1021.98,1031.4629,1040.4819
2026-05-02 14:00:00+00:00,2026-05-06 07:00:00+00:00,10.499737,11.328058,12.18822,12.696225,13.20423,14.064391,14.892714,-1.1604033,3.4688444,9.015154,12.547414,16.079672,21.62598,26.25523,991.9852,1001.0115,1010.567,1016.2691,1021.97125,1031.5267,1040.553
2026-05-02 14:00:00+00:00,2026-05-06 08:00:00+00:00,10.537181,11.385471,12.275225,12.803539,13.331853,14.221607,15.069898,-0.97697544,4.017186,10.041414,13.891508,17.741602,23.765831,28.759996,991.9054,1000.8803,1010.4214,1016.12756,1021.8338,1031.3749,1040.3497
2026-05-02 14:00:00+00:00,2026-05-06 09:00:00+00:00,10.571184,11.454596,12.382481,12.93385,13.48522,14.413105,15.296517,-0.8537502,4.4958773,11.002867,15.179404,19.355942,25.862928,31.212563,991.58685,1000.5493,1010.0973,1015.814,1021.5308,1031.0787,1040.0413
2026-05-02 14:00:00+00:00,2026-05-06 10:00:00+00:00,10.592568,11.508966,12.48016,13.0600395,13.639919,14.611113,15.527511,-0.33705044,5.2269707,12.068165,16.483667,20.89917,27.74036,33.30439,991.2151,1000.2786,1009.84143,1015.5376,1021.2338,1030.7966,1039.8602
2026-05-02 14:00:00+00:00,2026-05-06 11:00:00+00:00,10.6521225,11.5853815,12.5868025,13.188709,13.790615,14.792037,15.725296,0.004099846,5.8239145,13.033786,17.705284,22.37678,29.586653,35.40647,990.7536,999.7938,1009.40466,1015.1527,1020.90076,1030.5116,1039.5518
2026-05-02 14:00:00+00:00,2026-05-06 12:00:00+00:00,10.702717,11.669374,12.722715,13.361032,13.999348,15.052689,16.019346,0.10442829,6.126702,13.602277,18.450897,23.299519,30.775093,36.797367,990.5819,999.5084,1009.0435,1014.76074,1020.47797,1030.0131,1038.9396
2026-05-02 14:00:00+00:00,2026-05-06 13:00:00+00:00,10.778852,11.7617855,12.840462,13.496587,14.152712,15.231388,16.214321,0.057950974,6.240319,13.928709,18.920034,23.911362,31.599749,37.782127,990.07196,999.05206,1008.5823,1014.2768,1019.97125,1029.5015,1038.4816
2026-05-02 14:00:00+00:00,2026-05-06 14:00:00+00:00,10.857463,11.858573,12.962176,13.635073,14.307969,15.4115715,16.412683,0.09461689,6.2872295,14.0323,19.075094,24.11789,31.862955,38.055576,989.9719,998.89197,1008.3928,1014.0808,1019.76874,1029.2697,1038.1897
