timestamp,source_id,precipitation,pressure_msl,sunshine,temperature,wind_direction,wind_speed,cloud_cover,dew_point,relative_humidity,visibility,wind_gust_direction,wind_gust_speed,condition,precipitation_probability,precipitation_probability_6h,solar,icon,archive_timestamp
2026-06-01 11:00:00+00:00,202203,0.0,1016.6,17.0,19.3,283,11.1,83,11.4,,57800,,25.9,dry,15,,0.567,cloudy,2026-06-01T10:03:02+00:00
2026-06-01 12:00:00+00:00,202203,0.0,1016.4,24.0,20.1,286,11.1,74,11.3,,60500,,25.9,dry,12,35.0,0.639,partly-cloudy-day,2026-06-01T10:03:02+00:00
2026-06-01 13:00:00+00:00,202203,0.0,1015.8,29.0,20.8,294,11.1,71,10.9,,63900,,27.8,dry,6,,0.644,partly-cloudy-day,2026-06-01T10:03:02+00:00
2026-06-01 14:00:00+00:00,202203,0.0,1015.4,33.0,21.4,300,11.1,68,10.6,,67300,,25.9,dry,3,,0.614,partly-cloudy-day,2026-06-01T10:03:02+00:00
2026-06-01 15:00:00+00:00,202203,0.0,1014.9,37.0,21.8,306,11.1,66,10.2,,70500,,24.1,dry,2,,0.556,partly-cloudy-day,2026-06-01T10:03:02+00:00
2026-06-01 16:00:00+00:00,202203,0.0,1014.5,38.0,21.8,309,9.3,67,9.9,,72700,,22.2,dry,1,,0.428,partly-cloudy-day,2026-06-01T10:03:02+00:00
2026-06-01 17:00:00+00:00,202203,0.0,1014.4,37.0,21.2,303,9.3,66,9.6,,76000,,20.4,dry,1,,0.286,partly-cloudy-day,2026-06-01T10:03:02+00:00
2026-06-01 18:00:00+00:00,202203,0.0,1014.3,31.0,20.4,322,7.4,62,9.8,,70800,,16.7,dry,1,15.0,0.153,partly-cloudy-day,2026-06-01T10:03:02+00:00
2026-06-01 19:00:00+00:00,202203,0.0,1014.4,21.0,19.3,106,5.5,60,10.1,,67400,,14.8,dry,1,,0.044,partly-cloudy-day,2026-06-01T10:03:02+00:00
2026-06-01 20:00:00+00:00,202203,0.0,1014.7,8.0,18.0,132,5.5,62,10.6,,65100,,13.0,dry,0,,0.003,partly-cloudy-night,2026-06-01T10:03:02+00:00
2026-06-01 21:00:00+00:00,202203,0.0,1014.8,0.0,16.8,137,5.5,58,11.0,,62500,,11.1,dry,1,,0.0,partly-cloudy-night,2026-06-01T10:03:02+00:00
2026-06-01 22:00:00+00:00,202203,0.0,1014.6,0.0,16.0,140,5.5,57,11.4,,59200,,11.1,dry,1,,0.0,partly-cloudy-night,2026-06-01T10:03:02+00:00
2026-06-01 23:00:00+00:00,202203,0.0,1014.4,0.0,15.3,140,5.5,58,11.4,,57900,,11.1,dry,1,,0.0,partly-cloudy-night,2026-06-01T10:03:02+00:00
2026-06-02 00:00:00+00:00,202203,0.0,1014.1,0.0,14.5,138,5.5,64,11.2,,54100,,11.1,dry,1,0.0,0.0,partly-cloudy-night,2026-06-01T10:03:02+00:00
2026-06-02 01:00:00+00:00,202203,0.0,1013.6,0.0,13.8,139,5.5,63,10.9,,55100,,11.1,dry,1,,0.0,partly-cloudy-night,2026-06-01T10:03:02+00:00
2026-06-02 02:00:00+00:00,202203,0.0,1013.2,0.0,13.4,139,5.5,66,10.8,,51500,,11.1,dry,1,,0.0,partly-cloudy-night,2026-06-01T10:03:02+00:00
2026-06-02 03:00:00+00:00,202203,0.0,1012.9,0.0,13.2,145,5.5,68,10.7,,50600,,9.3,dry,1,,0.0,partly-cloudy-night,2026-06-01T10:03:02+00:00
2026-06-02 04:00:00+00:00,202203,0.0,1012.5,12.0,13.6,143,5.5,70,10.6,,46600,,11.1,dry,1,,0.008,partly-cloudy-day,2026-06-01T10:03:02+00:00
2026-06-02 05:00:00+00:00,202203,0.0,1012.0,22.0,14.6,140,5.5,73,10.7,,47100,,11.1,dry,1,,0.067,partly-cloudy-day,2026-06-01T10:03:02+00:00
2026-06-02 06:00:00+00:00,202203,0.0,1011.6,27.0,16.2,138,5.5,77,10.8,,48600,,11.1,dry,2,1.0,0.169,partly-cloudy-day,2026-06-01T10:03:02+00:00
2026-06-02 07:00:00+00:00,202203,0.0,1011.0,33.0,18.1,129,5.5,80,10.7,,50300,,13.0,dry,2,,0.3,cloudy,2026-06-01T10:03:02+00:00
2026-06-02 08:00:00+00:00,202203,0.0,1010.4,34.0,19.5,128,5.5,82,10.5,,46200,,14.8,dry,1,,0.425,cloudy,2026-06-01T10:03:02+00:00
2026-06-02 09:00:00+00:00,202203,0.0,1009.8,35.0,20.6,253,7.4,87,10.5,,51000,,14.8,dry,1,,0.522,cloudy,2026-06-01T10:03:02+00:00
2026-06-02 10:00:00+00:00,202203,0.0,1009.3,33.0,21.4,281,7.4,87,10.5,,57700,,18.5,dry,1,,0.608,cloudy,2026-06-01T10:03:02+00:00
2026-06-02 11:00:00+00:00,202203,0.0,1008.9,31.0,21.9,267,9.3,92,10.6,,61500,,22.2,dry,4,,0.628,cloudy,2026-06-01T10:03:02+00:00
2026-06-02 12:00:00+00:00,202203,0.0,1008.3,27.0,22.0,238,11.1,94,10.8,,66800,,24.1,dry,9,8.0,0.622,cloudy,2026-06-01T10:03:02+00:00
2026-06-02 13:00:00+00:00,202203,0.0,1007.8,23.0,22.0,183,11.1,94,11.0,,61000,,24.1,dry,13,,0.561,cloudy,2026-06-01T10:03:02+00:00
2026-06-02 14:00:00+00:00,202203,0.3,1007.3,22.0,21.8,148,11.1,95,11.3,,64300,,25.9,rain,19,,0.481,cloudy,2026-06-01T10:03:02+00:00
2026-06-02 15:00:00+00:00,202203,0.4,1007.0,18.0,21.2,150,11.1,96,11.5,,62300,,24.1,rain,22,,0.394,cloudy,2026-06-01T10:03:02+00:00
2026-06-02 16:00:00+00:00,202203,0.5,1006.7,14.0,20.4,156,11.1,98,11.5,,60000,,25.9,rain,30,,0.264,cloudy,2026-06-01T10:03:02+00:00
2026-06-02 17:00:00+00:00,202203,0.6,1006.5,9.0,19.6,169,11.1,99,11.9,,56600,,24.1,rain,40,,0.147,rain,2026-06-01T10:03:02+00:00
2026-06-02 18:00:00+00:00,202203,0.8,1006.8,4.0,18.6,195,11.1,100,12.0,,54300,,25.9,rain,44,63.0,0.072,rain,2026-06-01T10:03:02+00:00
2026-06-02 19:00:00+00:00,202203,0.9,1007.2,0.0,17.6,199,11.1,100,12.2,,47000,,25.9,rain,45,,0.017,rain,2026-06-01T10:03:02+00:00
2026-06-02 20:00:00+00:00,202203,0.9,1008.1,0.0,16.4,218,13.0,100,12.2,,46100,,27.8,rain,48,,0.003,rain,2026-06-01T10:03:02+00:00
2026-06-02 21:00:00+00:00,202203,1.1,1009.0,0.0,15.5,231,13.0,100,11.9,,45200,,29.6,rain,56,,0.0,rain,2026-06-01T10:03:02+00:00
2026-06-02 22:00:00+00:00,202203,0.9,1009.7,0.0,14.8,236,13.0,100,11.7,,44800,,29.6,rain,58,,0.0,rain,2026-06-01T10:03:02+00:00
2026-06-02 23:00:00+00:00,202203,1.0,1009.9,0.0,14.2,238,13.0,100,11.5,,46800,,29.6,rain,59,,0.0,rain,2026-06-01T10:03:02+00:00
2026-06-03 00:00:00+00:00,202203,0.7,1010.0,0.0,13.8,241,13.0,100,11.3,,44600,,29.6,rain,62,79.0,0.0,rain,2026-06-01T10:03:02+00:00
2026-06-03 01:00:00+00:00,202203,0.4,1010.2,0.0,13.3,243,13.0,100,11.2,,45400,,27.8,rain,60,,0.0,cloudy,2026-06-01T10:03:02+00:00
2026-06-03 02:00:00+00:00,202203,0.4,1010.5,0.0,13.0,246,14.8,100,10.8,,50900,,29.6,rain,51,,0.0,cloudy,2026-06-01T10:03:02+00:00
2026-06-03 03:00:00+00:00,202203,0.3,1010.8,0.0,12.8,248,14.8,100,10.5,,50900,,29.6,rain,48,,0.0,cloudy,2026-06-01T10:03:02+00:00
2026-06-03 04:00:00+00:00,202203,0.3,1011.1,0.0,12.6,250,14.8,100,10.3,,50800,,29.6,rain,39,,0.006,cloudy,2026-06-01T10:03:02+00:00
2026-06-03 05:00:00+00:00,202203,0.3,1011.3,0.0,12.6,251,14.8,100,10.3,,51100,,29.6,rain,35,,0.033,cloudy,2026-06-01T10:03:02+00:00
2026-06-03 06:00:00+00:00,202203,0.2,1011.6,0.0,12.8,254,14.8,100,10.0,,51300,,31.5,rain,32,71.0,0.092,cloudy,2026-06-01T10:03:02+00:00
2026-06-03 07:00:00+00:00,202203,0.2,1011.7,2.0,13.4,258,16.7,100,10.0,,56400,,33.3,rain,31,,0.169,cloudy,2026-06-01T10:03:02+00:00
2026-06-03 08:00:00+00:00,202203,0.2,1012.0,3.0,14.2,262,16.7,100,9.8,,58000,,33.3,rain,27,,0.258,cloudy,2026-06-01T10:03:02+00:00
2026-06-03 09:00:00+00:00,202203,0.3,1012.0,5.0,14.9,263,16.7,100,9.6,,61800,,33.3,rain,30,,0.35,cloudy,2026-06-01T10:03:02+00:00
2026-06-03 10:00:00+00:00,202203,0.3,1012.0,8.0,15.3,264,16.7,100,9.4,,66400,,33.3,rain,30,,0.419,cloudy,2026-06-01T10:03:02+00:00
2026-06-03 11:00:00+00:00,202203,0.2,1012.0,10.0,15.6,264,16.7,99,9.2,,67400,,35.2,rain,29,,0.486,cloudy,2026-06-01T10:03:02+00:00
2026-06-03 12:00:00+00:00,202203,0.2,1012.1,11.0,16.2,265,18.5,97,9.0,,67500,,37.0,rain,29,68.0,0.519,cloudy,2026-06-01T10:03:02+00:00
2026-06-03 13:00:00+00:00,202203,0.5,1012.0,15.0,16.8,265,16.7,95,9.0,,66800,,37.0,rain,30,,0.525,cloudy,2026-06-01T10:03:02+00:00
2026-06-03 14:00:00+00:00,202203,0.5,1011.8,16.0,17.0,263,16.7,93,8.8,,66400,,37.0,rain,25,,0.494,cloudy,2026-06-01T10:03:02+00:00
2026-06-03 15:00:00+00:00,202203,0.0,1011.6,18.0,17.0,262,16.7,88,8.8,,65500,,35.2,dry,21,,0.431,cloudy,2026-06-01T10:03:02+00:00
2026-06-03 16:00:00+00:00,202203,0.0,1011.8,21.0,16.9,260,16.7,82,8.7,,67700,,35.2,dry,18,,0.358,cloudy,2026-06-01T10:03:02+00:00
2026-06-03 17:00:00+00:00,202203,0.0,1012.0,23.0,16.6,256,14.8,76,8.6,,63100,,33.3,dry,19,,0.244,partly-cloudy-day,2026-06-01T10:03:02+00:00
2026-06-03 18:00:00+00:00,202203,0.0,1012.4,21.0,16.1,251,13.0,70,8.9,,60300,,29.6,dry,13,48.0,0.136,partly-cloudy-day,2026-06-01T10:03:02+00:00
2026-06-03 19:00:00+00:00,202203,0.0,1012.6,16.0,15.5,241,11.1,68,9.2,,60800,,24.1,dry,13,,0.036,partly-cloudy-day,2026-06-01T10:03:02+00:00
2026-06-03 20:00:00+00:00,202203,0.0,1013.1,8.0,15.1,232,11.1,65,9.3,,59900,,22.2,dry,13,,0.003,partly-cloudy-night,2026-06-01T10:03:02+00:00
2026-06-03 21:00:00+00:00,202203,0.0,1013.3,0.0,14.5,225,9.3,63,9.3,,62900,,20.4,dry,6,,0.0,partly-cloudy-night,2026-06-01T10:03:02+00:00
2026-06-03 22:00:00+00:00,202203,0.0,1013.4,0.0,14.1,222,9.3,63,9.4,,68000,,18.5,dry,4,,0.0,partly-cloudy-night,2026-06-01T10:03:02+00:00
2026-06-03 23:00:00+00:00,202203,0.0,1013.2,0.0,13.8,218,9.3,62,9.1,,70800,,18.5,dry,2,,0.0,partly-cloudy-night,2026-06-01T10:03:02+00:00
2026-06-04 00:00:00+00:00,202203,0.0,1012.9,0.0,13.5,212,9.3,62,9.1,,71500,,18.5,dry,1,15.0,0.0,partly-cloudy-night,2026-06-01T10:03:02+00:00
2026-06-04 01:00:00+00:00,202203,0.0,1012.6,0.0,13.3,214,9.3,62,8.9,,77000,,16.7,dry,1,,0.0,partly-cloudy-night,2026-06-01T10:03:02+00:00
2026-06-04 02:00:00+00:00,202203,0.0,1012.4,0.0,13.1,211,9.3,60,8.8,,80300,,16.7,dry,0,,0.0,partly-cloudy-night,2026-06-01T10:03:02+00:00
2026-06-04 03:00:00+00:00,202203,0.0,1012.2,0.0,13.0,208,7.4,53,8.7,,85100,,16.7,dry,0,,0.0,partly-cloudy-night,2026-06-01T10:03:02+00:00
2026-06-04 04:00:00+00:00,202203,0.0,1011.9,16.0,13.3,206,7.4,52,8.6,,87100,,14.8,dry,1,,0.008,partly-cloudy-day,2026-06-01T10:03:02+00:00
2026-06-04 05:00:00+00:00,202203,0.0,1011.6,30.0,14.3,207,9.3,51,8.7,,80500,,16.7,dry,2,,0.072,partly-cloudy-day,2026-06-01T10:03:02+00:00
2026-06-04 06:00:00+00:00,202203,0.0,1011.0,38.0,15.8,211,9.3,54,8.7,,69900,,16.7,dry,3,3.0,0.192,partly-cloudy-day,2026-06-01T10:03:02+00:00
2026-06-04 07:00:00+00:00,202203,0.0,1010.4,46.0,17.7,216,9.3,55,8.6,,70400,,18.5,dry,1,,0.35,partly-cloudy-day,2026-06-01T10:03:02+00:00
2026-06-04 08:00:00+00:00,202203,0.0,1009.8,47.0,19.5,225,9.3,54,8.2,,64500,,20.4,dry,3,,0.494,partly-cloudy-day,2026-06-01T10:03:02+00:00
2026-06-04 09:00:00+00:00,202203,0.0,1009.3,45.0,20.7,241,11.1,58,8.0,,66400,,22.2,dry,3,,0.6,partly-cloudy-day,2026-06-01T10:03:02+00:00
2026-06-04 10:00:00+00:00,202203,0.0,1008.6,44.0,21.5,256,11.1,59,7.8,,68800,,24.1,dry,2,,0.667,partly-cloudy-day,2026-06-01T10:03:02+00:00
2026-06-04 11:00:00+00:00,202203,0.0,1007.9,42.0,22.1,261,11.1,63,7.7,,71200,,25.9,dry,4,,0.697,partly-cloudy-day,2026-06-01T10:03:02+00:00
2026-06-04 12:00:00+00:00,202203,0.0,1007.6,38.0,22.1,264,13.0,78,7.8,,68600,,27.8,dry,5,12.0,0.681,partly-cloudy-day,2026-06-01T10:03:02+00:00
2026-06-04 13:00:00+00:00,202203,0.0,1007.2,36.0,21.9,272,13.0,85,7.9,,69600,,29.6,dry,5,,0.65,cloudy,2026-06-01T10:03:02+00:00
2026-06-04 14:00:00+00:00,202203,0.3,1007.1,33.0,21.8,274,13.0,88,8.1,,70600,,29.6,rain,10,,0.556,cloudy,2026-06-01T10:03:02+00:00
2026-06-04 15:00:00+00:00,202203,0.4,1007.1,28.0,21.3,272,13.0,94,8.5,,69800,,29.6,rain,13,,0.433,cloudy,2026-06-01T10:03:02+00:00
2026-06-04 16:00:00+00:00,202203,0.4,1007.2,23.0,20.6,270,13.0,96,9.0,,74200,,29.6,rain,19,,0.311,cloudy,2026-06-01T10:03:02+00:00
2026-06-04 17:00:00+00:00,202203,0.5,1007.4,18.0,19.8,266,13.0,99,9.3,,74100,,27.8,rain,27,,0.194,cloudy,2026-06-01T10:03:02+00:00
2026-06-04 18:00:00+00:00,202203,0.6,1007.7,10.0,18.6,257,11.1,100,9.9,,74000,,25.9,rain,34,57.0,0.103,rain,2026-06-01T10:03:02+00:00
2026-06-04 19:00:00+00:00,202203,0.6,1008.2,5.0,17.6,246,11.1,100,10.2,,76000,,25.9,rain,38,,0.022,rain,2026-06-01T10:03:02+00:00
2026-06-04 20:00:00+00:00,202203,0.7,1008.7,2.0,16.6,234,11.1,99,10.4,,75600,,24.1,rain,39,,0.003,rain,2026-06-01T10:03:02+00:00
2026-06-04 21:00:00+00:00,202203,0.8,1009.2,0.0,15.7,232,11.1,99,10.6,,74300,,24.1,rain,37,,0.0,rain,2026-06-01T10:03:02+00:00
2026-06-04 22:00:00+00:00,202203,0.5,1009.6,0.0,15.2,231,11.1,100,10.7,,74200,,24.1,rain,39,,0.0,cloudy,2026-06-01T10:03:02+00:00
2026-06-04 23:00:00+00:00,202203,0.6,1009.9,0.0,14.8,233,11.1,100,10.8,,71900,,24.1,rain,39,,0.0,rain,2026-06-01T10:03:02+00:00
2026-06-05 00:00:00+00:00,202203,0.6,1010.3,0.0,14.3,236,11.1,100,10.6,,73500,,24.1,rain,39,71.0,0.0,rain,2026-06-01T10:03:02+00:00
2026-06-05 01:00:00+00:00,202203,0.6,1010.6,0.0,13.9,237,11.1,100,10.5,,74500,,22.2,rain,41,,0.0,rain,2026-06-01T10:03:02+00:00
2026-06-05 02:00:00+00:00,202203,0.6,1011.2,0.0,13.5,236,11.1,100,10.4,,74100,,22.2,rain,44,,0.0,rain,2026-06-01T10:03:02+00:00
2026-06-05 03:00:00+00:00,202203,0.4,1011.8,0.0,13.1,238,11.1,100,10.2,,75900,,22.2,rain,36,,0.0,cloudy,2026-06-01T10:03:02+00:00
2026-06-05 04:00:00+00:00,202203,0.4,1012.4,2.0,13.1,240,11.1,100,10.0,,72700,,22.2,rain,39,,0.006,cloudy,2026-06-01T10:03:02+00:00
2026-06-05 05:00:00+00:00,202203,0.4,1012.6,4.0,13.1,241,11.1,100,9.9,,68200,,22.2,rain,32,,0.044,cloudy,2026-06-01T10:03:02+00:00
2026-06-05 06:00:00+00:00,202203,0.3,1013.2,4.0,13.8,242,11.1,94,10.0,,71900,,22.2,rain,34,67.0,0.119,cloudy,2026-06-01T10:03:02+00:00
2026-06-05 07:00:00+00:00,202203,0.8,1013.3,10.0,14.3,248,11.1,94,9.8,,71200,,24.1,rain,26,,0.222,rain,2026-06-01T10:03:02+00:00
2026-06-05 08:00:00+00:00,202203,0.9,1013.4,13.0,15.2,254,13.0,93,9.7,,67300,,25.9,rain,26,,0.331,rain,2026-06-01T10:03:02+00:00
2026-06-05 09:00:00+00:00,202203,0.0,1013.3,16.0,16.1,260,13.0,89,9.4,,62700,,25.9,dry,22,,0.419,cloudy,2026-06-01T10:03:02+00:00
2026-06-05 10:00:00+00:00,202203,0.0,1013.3,15.0,16.6,266,13.0,88,9.2,,63800,,27.8,dry,21,,0.497,cloudy,2026-06-01T10:03:02+00:00
2026-06-05 11:00:00+00:00,202203,0.0,1013.1,16.0,17.0,271,13.0,88,9.1,,64400,,27.8,dry,20,,0.539,cloudy,2026-06-01T10:03:02+00:00
2026-06-05 12:00:00+00:00,202203,0.0,1013.1,19.0,17.4,273,11.1,87,8.9,,67900,,27.8,dry,21,47.0,0.572,cloudy,2026-06-01T10:03:02+00:00
2026-06-05 13:00:00+00:00,202203,2.1,1012.8,20.0,17.7,273,11.1,84,8.8,,69700,,27.8,rain,22,,0.558,rain,2026-06-01T10:03:02+00:00
2026-06-05 14:00:00+00:00,202203,0.0,1012.8,21.0,18.1,282,11.1,82,8.8,,71100,,25.9,dry,15,,0.514,cloudy,2026-06-01T10:03:02+00:00
2026-06-05 15:00:00+00:00,202203,0.0,1013.0,22.0,18.1,287,11.1,80,8.9,,72900,,25.9,dry,16,,0.442,cloudy,2026-06-01T10:03:02+00:00
2026-06-05 16:00:00+00:00,202203,0.0,1013.3,22.0,18.0,284,11.1,77,8.8,,70500,,25.9,dry,20,,0.336,partly-cloudy-day,2026-06-01T10:03:02+00:00
2026-06-05 17:00:00+00:00,202203,0.0,1013.8,22.0,17.4,288,9.3,75,8.8,,69900,,22.2,dry,16,,0.222,partly-cloudy-day,2026-06-01T10:03:02+00:00
2026-06-05 18:00:00+00:00,202203,0.0,1014.4,20.0,16.6,278,9.3,74,8.9,,65200,,20.4,dry,23,39.0,0.119,partly-cloudy-day,2026-06-01T10:03:02+00:00
2026-06-05 19:00:00+00:00,202203,0.0,1014.9,14.0,15.7,267,9.3,73,9.3,,65300,,18.5,dry,22,,0.036,partly-cloudy-day,2026-06-01T10:03:02+00:00
2026-06-05 20:00:00+00:00,202203,0.0,1015.6,7.0,14.7,250,7.4,70,9.6,,60900,,16.7,dry,17,,0.003,partly-cloudy-night,2026-06-01T10:03:02+00:00
2026-06-05 21:00:00+00:00,202203,0.0,1016.1,0.0,13.6,236,7.4,69,9.7,,57300,,14.8,dry,17,,0.0,partly-cloudy-night,2026-06-01T10:03:02+00:00
2026-06-05 22:00:00+00:00,202203,0.0,1016.3,0.0,12.9,223,7.4,67,9.7,,55100,,14.8,dry,14,,0.0,partly-cloudy-night,2026-06-01T10:03:02+00:00
2026-06-05 23:00:00+00:00,202203,0.0,1016.4,0.0,12.4,228,7.4,66,9.7,,54600,,13.0,dry,20,,0.0,partly-cloudy-night,2026-06-01T10:03:02+00:00
2026-06-06 00:00:00+00:00,202203,0.0,1016.5,0.0,12.0,211,7.4,65,9.7,,53300,,13.0,dry,17,35.0,0.0,partly-cloudy-night,2026-06-01T10:03:02+00:00
2026-06-06 01:00:00+00:00,202203,0.0,1016.4,0.0,11.5,204,7.4,65,9.6,,53200,,13.0,dry,14,,0.0,partly-cloudy-night,2026-06-01T10:03:02+00:00
2026-06-06 02:00:00+00:00,202203,0.0,1016.6,0.0,11.2,206,7.4,66,9.4,,51600,,13.0,dry,11,,0.0,partly-cloudy-night,2026-06-01T10:03:02+00:00
2026-06-06 03:00:00+00:00,202203,0.0,1016.5,0.0,10.8,192,7.4,66,9.3,,46600,,11.1,dry,9,,0.0,partly-cloudy-night,2026-06-01T10:03:02+00:00
2026-06-06 04:00:00+00:00,202203,0.0,1016.5,12.0,11.1,197,7.4,69,9.3,,42800,,13.0,dry,11,,0.008,partly-cloudy-day,2026-06-01T10:03:02+00:00
2026-06-06 05:00:00+00:00,202203,0.0,1016.4,23.0,11.9,182,7.4,69,9.3,,39100,,14.8,dry,11,,0.064,partly-cloudy-day,2026-06-01T10:03:02+00:00
2026-06-06 06:00:00+00:00,202203,0.0,1016.4,32.0,13.5,160,7.4,73,9.3,,41200,,16.7,dry,9,16.0,0.172,partly-cloudy-day,2026-06-01T10:03:02+00:00
2026-06-06 07:00:00+00:00,202203,0.0,1016.0,34.0,15.0,55,9.3,71,9.2,,47200,,20.4,dry,8,,0.311,partly-cloudy-day,2026-06-01T10:03:02+00:00
2026-06-06 08:00:00+00:00,202203,0.0,1015.6,33.0,16.4,59,9.3,68,9.2,,50200,,22.2,dry,7,,0.442,partly-cloudy-day,2026-06-01T10:03:02+00:00
2026-06-06 09:00:00+00:00,202203,0.0,1015.8,33.0,17.3,41,9.3,75,9.2,,50000,,22.2,dry,8,,0.553,partly-cloudy-day,2026-06-01T10:03:02+00:00
2026-06-06 10:00:00+00:00,202203,0.0,1015.6,33.0,18.1,7,11.1,79,9.1,,55200,,22.2,dry,8,,0.628,partly-cloudy-day,2026-06-01T10:03:02+00:00
,202203,0.0,1014.4,32.0,19.7,36,9.3,87,9.9,,54700,,20.4,dry,1,,0.614,cloudy,2026-06-06T10:02:52+00:00
,202203,0.0,1014.5,28.0,20.0,15,7.4,97,10.2,,52300,,20.4,dry,3,5.0,0.6,cloudy,2026-06-06T10:02:52+00:00
,202203,0.0,1014.6,26.0,20.3,317,9.3,92,10.4,,54800,,20.4,dry,3,,0.542,cloudy,2026-06-06T10:02:52+00:00
,202203,0.0,1014.9,24.0,20.4,283,9.3,87,10.5,,57400,,22.2,dry,3,,0.492,cloudy,2026-06-06T10:02:52+00:00
,202203,0.0,1015.2,25.0,20.4,245,9.3,77,10.5,,64800,,22.2,dry,5,,0.444,partly-cloudy-day,2026-06-06T10:02:52+00:00
,202203,0.0,1015.5,26.0,20.3,242,9.3,70,10.6,,67900,,20.4,dry,5,,0.35,partly-cloudy-day,2026-06-06T10:02:52+00:00
,202203,0.0,1015.9,28.0,20.2,237,9.3,62,10.6,,72900,,20.4,dry,3,,0.242,partly-cloudy-day,2026-06-06T10:02:52+00:00
,202203,0.0,1016.5,27.0,19.5,224,9.3,59,10.6,,74400,,20.4,dry,3,21.0,0.142,partly-cloudy-day,2026-06-06T10:02:52+00:00
,202203,0.0,1017.3,20.0,18.5,216,7.4,57,10.9,,74200,,18.5,dry,4,,0.042,partly-cloudy-day,2026-06-06T10:02:52+00:00
,202203,0.0,1018.0,9.0,17.5,211,7.4,57,11.2,,68100,,16.7,dry,4,,0.003,partly-cloudy-night,2026-06-06T10:02:52+00:00
,202203,0.0,1018.7,0.0,16.9,211,7.4,57,11.1,,67700,,16.7,dry,7,,0.0,partly-cloudy-night,2026-06-06T10:02:52+00:00
,202203,0.0,1019.6,0.0,16.1,214,9.3,58,10.9,,66200,,16.7,dry,7,,0.0,partly-cloudy-night,2026-06-06T10:02:52+00:00
,202203,0.0,1020.2,0.0,15.7,218,9.3,57,10.8,,63300,,18.5,dry,9,,0.0,partly-cloudy-night,2026-06-06T10:02:52+00:00
,202203,0.0,1020.6,0.0,15.3,220,9.3,61,10.7,,62800,,16.7,dry,8,19.0,0.0,partly-cloudy-night,2026-06-06T10:02:52+00:00
,202203,0.0,1021.1,0.0,14.9,221,9.3,61,10.7,,64600,,16.7,dry,9,,0.0,partly-cloudy-night,2026-06-06T10:02:52+00:00
,202203,0.0,1021.3,0.0,14.7,222,9.3,65,10.6,,65400,,16.7,dry,7,,0.0,partly-cloudy-night,2026-06-06T10:02:52+00:00
,202203,0.0,1021.7,0.0,14.6,225,7.4,64,10.6,,66000,,16.7,dry,6,,0.0,partly-cloudy-night,2026-06-06T10:02:52+00:00
,202203,0.0,1022.2,9.0,14.7,226,7.4,69,10.6,,70000,,16.7,dry,5,,0.008,partly-cloudy-day,2026-06-06T10:02:52+00:00
,202203,0.0,1022.4,16.0,15.3,231,9.3,71,10.7,,66100,,16.7,dry,3,,0.061,partly-cloudy-day,2026-06-06T10:02:52+00:00
,202203,0.0,1022.7,19.0,16.2,241,9.3,74,10.8,,64300,,18.5,dry,3,18.0,0.164,partly-cloudy-day,2026-06-06T10:02:52+00:00
,202203,0.0,1022.9,26.0,17.5,254,9.3,75,10.7,,62300,,18.5,dry,3,,0.292,partly-cloudy-day,2026-06-06T10:02:52+00:00
,202203,0.0,1023.0,28.0,18.4,264,11.1,77,10.5,,59600,,20.4,dry,3,,0.428,partly-cloudy-day,2026-06-06T10:02:52+00:00
,202203,0.0,1022.9,32.0,19.2,275,11.1,79,10.3,,62700,,22.2,dry,1,,0.536,partly-cloudy-day,2026-06-06T10:02:52+00:00
,202203,0.0,1022.8,33.0,20.2,277,13.0,81,10.1,,66200,,25.9,dry,1,,0.633,cloudy,2026-06-06T10:02:52+00:00
,202203,0.0,1022.6,34.0,20.8,280,13.0,86,10.0,,70900,,27.8,dry,1,,0.683,cloudy,2026-06-06T10:02:52+00:00
,202203,0.0,1022.3,35.0,21.3,282,13.0,88,9.8,,72600,,29.6,dry,1,5.0,0.708,cloudy,2026-06-06T10:02:52+00:00
,202203,0.0,1022.0,36.0,21.7,285,14.8,80,9.7,,72600,,31.5,dry,1,,0.675,cloudy,2026-06-06T10:02:52+00:00
,202203,0.0,1021.7,37.0,22.0,288,13.0,71,9.5,,74100,,31.5,dry,1,,0.628,partly-cloudy-day,2026-06-06T10:02:52+00:00
,202203,0.0,1021.3,40.0,22.2,293,13.0,61,9.4,,76700,,29.6,dry,1,,0.544,partly-cloudy-day,2026-06-06T10:02:52+00:00
,202203,0.0,1021.1,41.0,21.9,295,13.0,56,9.3,,76800,,27.8,dry,1,,0.433,partly-cloudy-day,2026-06-06T10:02:52+00:00
,202203,0.0,1021.1,43.0,21.4,300,11.1,50,9.3,,77900,,25.9,dry,2,,0.3,partly-cloudy-day,2026-06-06T10:02:52+00:00
,202203,0.0,1021.4,40.0,20.7,313,9.3,40,9.4,,80000,,20.4,dry,1,3.0,0.169,partly-cloudy-day,2026-06-06T10:02:52+00:00
,202203,0.0,1021.9,30.0,19.4,324,7.4,38,9.7,,74100,,16.7,dry,0,,0.056,partly-cloudy-day,2026-06-06T10:02:52+00:00
,202203,0.0,1022.4,12.0,17.9,329,7.4,36,9.9,,68800,,13.0,dry,0,,0.003,partly-cloudy-night,2026-06-06T10:02:52+00:00
,202203,0.0,1022.8,0.0,16.2,355,5.5,36,10.1,,70200,,11.1,dry,0,,0.0,partly-cloudy-night,2026-06-06T10:02:52+00:00
,202203,0.0,1023.1,0.0,15.0,66,5.5,35,10.3,,61900,,9.3,dry,0,,0.0,partly-cloudy-night,2026-06-06T10:02:52+00:00
,202203,0.0,1023.1,0.0,14.0,73,3.7,34,10.0,,59100,,7.4,dry,1,,0.0,partly-cloudy-night,2026-06-06T10:02:52+00:00
,202203,0.0,1023.1,0.0,13.1,97,3.7,39,10.0,,54100,,9.3,dry,1,0.0,0.0,partly-cloudy-night,2026-06-06T10:02:52+00:00
,202203,0.0,1022.8,0.0,12.4,106,3.7,37,9.8,,53400,,7.4,dry,1,,0.0,partly-cloudy-night,2026-06-06T10:02:52+00:00
,202203,0.0,1022.6,0.0,11.7,128,3.7,38,9.6,,50200,,7.4,dry,1,,0.0,partly-cloudy-night,2026-06-06T10:02:52+00:00
,202203,0.0,1022.4,0.0,11.6,138,3.7,43,9.6,,44500,,9.3,dry,1,,0.0,partly-cloudy-night,2026-06-06T10:02:52+00:00
,202203,0.0,1021.8,18.0,11.8,135,5.5,44,9.7,,44400,,9.3,dry,1,,0.011,partly-cloudy-day,2026-06-06T10:02:52+00:00
,202203,0.0,1021.5,34.0,13.2,127,5.5,46,9.8,,42500,,9.3,dry,1,,0.086,partly-cloudy-day,2026-06-06T10:02:52+00:00
,202203,0.0,1020.9,44.0,15.5,123,5.5,54,10.2,,42100,,11.1,dry,1,0.0,0.222,partly-cloudy-day,2026-06-06T10:02:52+00:00
,202203,0.0,1020.1,51.0,17.7,108,5.5,54,10.4,,44900,,13.0,dry,0,,0.392,partly-cloudy-day,2026-06-06T10:02:52+00:00
,202203,0.0,1019.4,53.0,19.7,90,7.4,52,10.6,,44900,,14.8,dry,1,,0.558,partly-cloudy-day,2026-06-06T10:02:52+00:00
,202203,0.0,1018.4,54.0,21.7,65,7.4,53,10.8,,48500,,16.7,dry,1,,0.678,partly-cloudy-day,2026-06-06T10:02:52+00:00
,202203,0.0,1017.6,55.0,23.1,34,7.4,51,10.8,,52400,,18.5,dry,1,,0.783,partly-cloudy-day,2026-06-06T10:02:52+00:00
,202203,0.0,1016.7,53.0,24.3,15,7.4,54,10.7,,57100,,20.4,dry,1,,0.844,partly-cloudy-day,2026-06-06T10:02:52+00:00
,202203,0.0,1016.0,52.0,25.5,333,9.3,62,10.5,,62800,,22.2,dry,1,1.0,0.833,partly-cloudy-day,2026-06-06T10:02:52+00:00
,202203,0.0,1015.3,51.0,26.0,328,9.3,63,10.5,,66300,,24.1,dry,1,,0.775,partly-cloudy-day,2026-06-06T10:02:52+00:00
,202203,0.0,1014.7,48.0,26.1,327,11.1,64,10.2,,67200,,25.9,dry,1,,0.661,partly-cloudy-day,2026-06-06T10:02:52+00:00
,202203,0.0,1014.1,43.0,26.0,315,11.1,71,10.3,,67300,,25.9,dry,4,,0.531,partly-cloudy-day,2026-06-06T10:02:52+00:00
,202203,0.0,1014.0,37.0,25.4,312,11.1,78,10.5,,67300,,25.9,dry,5,,0.383,partly-cloudy-day,2026-06-06T10:02:52+00:00
,202203,0.0,1014.0,31.0,24.3,308,11.1,86,10.5,,68000,,24.1,dry,6,,0.242,cloudy,2026-06-06T10:02:52+00:00
,202203,0.0,1014.1,20.0,23.0,287,9.3,96,11.0,,67700,,24.1,dry,6,16.0,0.119,cloudy,2026-06-06T10:02:52+00:00
,202203,0.0,1014.5,11.0,21.4,268,9.3,97,11.5,,64300,,22.2,dry,11,,0.033,cloudy,2026-06-06T10:02:52+00:00
,202203,0.0,1015.1,5.0,20.2,242,9.3,99,12.1,,59700,,20.4,dry,15,,0.003,cloudy,2026-06-06T10:02:52+00:00
,202203,0.7,1015.4,0.0,19.1,228,9.3,100,12.5,,58700,,20.4,rain,29,,0.0,rain,2026-06-06T10:02:52+00:00
,202203,0.3,1015.7,0.0,18.5,226,9.3,100,12.7,,58600,,18.5,rain,29,,0.0,cloudy,2026-06-06T10:02:52+00:00
,202203,0.5,1015.8,0.0,17.9,221,9.3,100,12.9,,56500,,18.5,rain,36,,0.0,cloudy,2026-06-06T10:02:52+00:00
,202203,0.4,1015.5,0.0,17.4,224,9.3,100,13.0,,58000,,20.4,rain,36,69.0,0.0,cloudy,2026-06-06T10:02:52+00:00
,202203,0.5,1015.4,0.0,16.9,227,9.3,100,13.0,,57500,,20.4,rain,39,,0.0,cloudy,2026-06-06T10:02:52+00:00
,202203,0.5,1015.5,0.0,16.6,227,9.3,100,13.1,,57400,,18.5,rain,38,,0.0,cloudy,2026-06-06T10:02:52+00:00
,202203,0.5,1015.7,0.0,16.0,231,9.3,100,13.0,,51900,,20.4,rain,38,,0.0,cloudy,2026-06-06T10:02:52+00:00
,202203,0.5,1015.9,1.0,15.9,235,9.3,100,12.9,,52300,,20.4,rain,39,,0.006,cloudy,2026-06-06T10:02:52+00:00
,202203,0.5,1016.1,1.0,15.9,242,9.3,100,12.8,,53200,,20.4,rain,42,,0.039,cloudy,2026-06-06T10:02:52+00:00
,202203,0.5,1016.5,3.0,16.0,253,9.3,100,12.6,,54500,,20.4,rain,45,71.0,0.094,cloudy,2026-06-06T10:02:52+00:00
,202203,0.5,1016.6,3.0,16.3,264,11.1,100,12.7,,55700,,22.2,rain,50,,0.169,cloudy,2026-06-06T10:02:52+00:00
,202203,0.4,1016.8,2.0,16.5,265,11.1,100,12.5,,54000,,25.9,rain,46,,0.244,cloudy,2026-06-06T10:02:52+00:00
,202203,0.4,1017.0,3.0,16.7,268,13.0,100,12.3,,50400,,27.8,rain,47,,0.314,cloudy,2026-06-06T10:02:52+00:00
,202203,0.6,1016.8,4.0,17.0,271,13.0,100,12.2,,48500,,29.6,rain,49,,0.369,rain,2026-06-06T10:02:52+00:00
,202203,0.6,1016.8,4.0,17.0,273,13.0,100,12.0,,47700,,29.6,rain,47,,0.397,rain,2026-06-06T10:02:52+00:00
,202203,0.6,1016.6,4.0,17.0,279,13.0,100,11.9,,42100,,29.6,rain,50,75.0,0.394,rain,2026-06-06T10:02:52+00:00
,202203,0.6,1016.7,2.0,16.7,282,13.0,100,11.9,,41000,,29.6,rain,50,,0.369,rain,2026-06-06T10:02:52+00:00
,202203,0.8,1016.7,3.0,16.6,285,13.0,100,11.9,,39300,,27.8,rain,54,,0.322,rain,2026-06-06T10:02:52+00:00
,202203,0.8,1017.0,2.0,16.3,284,13.0,100,11.8,,40200,,27.8,rain,54,,0.267,rain,2026-06-06T10:02:52+00:00
,202203,0.8,1017.2,0.0,15.9,279,11.1,100,11.6,,40200,,25.9,rain,54,,0.2,rain,2026-06-06T10:02:52+00:00
,202203,0.7,1017.4,3.0,15.5,277,11.1,100,11.6,,41000,,24.1,rain,51,,0.136,rain,2026-06-06T10:02:52+00:00
,202203,0.7,1018.0,3.0,14.9,269,9.3,100,11.4,,40100,,22.2,rain,50,76.0,0.078,rain,2026-06-06T10:02:52+00:00
,202203,0.6,1018.5,3.0,14.2,259,9.3,100,10.9,,40100,,22.2,rain,51,,0.022,rain,2026-06-06T10:02:52+00:00
,202203,0.6,1019.1,1.0,13.7,256,9.3,100,10.5,,40800,,18.5,rain,50,,0.003,rain,2026-06-06T10:02:52+00:00
,202203,0.7,1019.5,0.0,13.3,250,7.4,100,10.5,,38700,,16.7,rain,47,,0.0,rain,2026-06-06T10:02:52+00:00
,202203,0.5,1019.5,0.0,12.7,242,7.4,100,10.5,,36700,,16.7,rain,45,,0.0,cloudy,2026-06-06T10:02:52+00:00
,202203,0.5,1019.6,0.0,12.5,235,7.4,100,10.4,,36000,,16.7,rain,46,,0.0,cloudy,2026-06-06T10:02:52+00:00
,202203,0.6,1019.5,0.0,12.1,238,7.4,100,10.0,,32900,,14.8,rain,42,72.0,0.0,rain,2026-06-06T10:02:52+00:00
,202203,0.6,1019.4,0.0,11.7,232,7.4,100,9.8,,33100,,14.8,rain,45,,0.0,rain,2026-06-06T10:02:52+00:00
,202203,0.6,1019.3,0.0,11.4,236,7.4,100,9.7,,31700,,14.8,rain,48,,0.0,rain,2026-06-06T10:02:52+00:00
,202203,0.5,1019.5,0.0,11.2,239,7.4,100,9.5,,36400,,14.8,rain,43,,0.0,cloudy,2026-06-06T10:02:52+00:00
,202203,0.5,1019.8,1.0,11.2,236,7.4,100,9.4,,35500,,14.8,rain,44,,0.006,cloudy,2026-06-06T10:02:52+00:00
,202203,0.6,1019.8,1.0,11.4,234,7.4,100,9.3,,33300,,14.8,rain,36,,0.039,rain,2026-06-06T10:02:52+00:00
,202203,0.5,1019.9,3.0,11.8,246,7.4,98,9.1,,41000,,16.7,rain,39,64.0,0.106,cloudy,2026-06-06T10:02:52+00:00
,202203,0.4,1020.0,6.0,12.3,262,7.4,100,8.7,,43800,,16.7,rain,33,,0.181,cloudy,2026-06-06T10:02:52+00:00
,202203,0.5,1020.0,10.0,13.1,275,9.3,98,8.3,,46100,,18.5,rain,30,,0.275,cloudy,2026-06-06T10:02:52+00:00
,202203,0.4,1020.0,12.0,13.5,283,9.3,98,8.2,,47500,,18.5,rain,29,,0.358,cloudy,2026-06-06T10:02:52+00:00
,202203,0.3,1019.9,12.0,14.2,306,7.4,94,7.7,,47500,,20.4,rain,29,,0.417,cloudy,2026-06-06T10:02:52+00:00
,202203,0.3,1019.6,13.0,14.5,297,9.3,95,7.5,,48000,,20.4,rain,34,,0.453,cloudy,2026-06-06T10:02:52+00:00
,202203,0.2,1019.8,13.0,14.5,288,9.3,94,7.4,,52400,,20.4,rain,30,58.0,0.489,cloudy,2026-06-06T10:02:52+00:00
,202203,0.3,1019.8,12.0,14.4,299,9.3,92,7.3,,55800,,22.2,rain,26,,0.472,cloudy,2026-06-06T10:02:52+00:00
,202203,0.3,1019.6,11.0,14.6,306,9.3,90,7.5,,54000,,22.2,rain,29,,0.414,cloudy,2026-06-06T10:02:52+00:00
,202203,0.4,1019.6,11.0,14.4,308,9.3,91,7.8,,54300,,22.2,rain,31,,0.353,cloudy,2026-06-06T10:02:52+00:00
,202203,0.2,1019.8,10.0,14.2,288,9.3,96,7.6,,55300,,22.2,rain,28,,0.267,cloudy,2026-06-06T10:02:52+00:00
,202203,0.2,1020.0,9.0,13.8,261,9.3,97,7.7,,52300,,22.2,rain,29,,0.178,cloudy,2026-06-06T10:02:52+00:00
,202203,0.3,1020.6,11.0,13.4,256,9.3,100,7.7,,52000,,20.4,rain,35,55.0,0.094,cloudy,2026-06-06T10:02:52+00:00
,202203,0.6,1021.1,8.0,12.8,242,7.4,97,8.0,,51600,,20.4,rain,35,,0.028,rain,2026-06-06T10:02:52+00:00
,202203,0.5,1021.7,5.0,12.0,232,7.4,91,8.3,,48500,,16.7,rain,35,,0.003,cloudy,2026-06-06T10:02:52+00:00
,202203,0.5,1022.3,0.0,11.5,226,7.4,86,8.5,,50300,,14.8,rain,37,,0.0,cloudy,2026-06-06T10:02:52+00:00
,202203,0.0,1022.6,0.0,11.1,218,7.4,84,8.4,,44500,,14.8,dry,36,,0.0,cloudy,2026-06-06T10:02:52+00:00
,202203,0.0,1023.0,0.0,10.7,224,7.4,85,8.0,,44100,,14.8,dry,32,,0.0,cloudy,2026-06-06T10:02:52+00:00
,202203,0.0,1023.1,0.0,10.5,229,7.4,80,7.8,,41900,,14.8,dry,30,58.0,0.0,cloudy,2026-06-06T10:02:52+00:00
,202203,0.0,1023.3,0.0,10.1,227,7.4,77,7.9,,40900,,14.8,dry,30,,0.0,partly-cloudy-night,2026-06-06T10:02:52+00:00
,202203,0.0,1023.7,0.0,9.9,229,7.4,73,7.7,,43500,,14.8,dry,30,,0.0,partly-cloudy-night,2026-06-06T10:02:52+00:00
,202203,0.0,1023.9,0.0,9.6,232,7.4,74,7.7,,39800,,14.8,dry,23,,0.0,partly-cloudy-night,2026-06-06T10:02:52+00:00
,202203,0.0,1024.2,11.0,9.7,232,7.4,75,7.7,,36900,,14.8,dry,23,,0.008,partly-cloudy-day,2026-06-06T10:02:52+00:00
,202203,0.0,1024.0,21.0,10.3,235,7.4,70,7.7,,36100,,13.0,dry,22,,0.056,partly-cloudy-day,2026-06-06T10:02:52+00:00
,202203,0.0,1023.9,27.0,11.5,241,7.4,70,7.7,,40900,,14.8,dry,17,23.0,0.156,partly-cloudy-day,2026-06-06T10:02:52+00:00
,202203,0.0,1024.0,26.0,12.8,254,9.3,70,7.3,,47500,,16.7,dry,8,,0.283,partly-cloudy-day,2026-06-06T10:02:52+00:00
,202203,0.0,1023.8,25.0,14.1,267,9.3,70,7.1,,49600,,20.4,dry,8,,0.411,partly-cloudy-day,2026-06-06T10:02:52+00:00
,202203,0.0,1023.5,25.0,15.1,281,11.1,72,6.7,,52600,,24.1,dry,13,,0.511,partly-cloudy-day,2026-06-06T10:02:52+00:00
,202203,0.0,1023.4,24.0,15.7,293,11.1,74,6.4,,53700,,25.9,dry,17,,0.581,partly-cloudy-day,2026-06-06T10:02:52+00:00
,202203,0.0,1018.1,0.0,21.2,129,7.4,7,15.9,,47500,,13.0,dry,1,,0.0,clear-night,2026-06-18T22:03:10+00:00
,202203,0.0,1018.1,0.0,20.4,135,5.5,8,15.8,,47000,,11.1,dry,1,1.0,0.0,clear-night,2026-06-18T22:03:10+00:00
,202203,0.0,1018.1,0.0,19.5,141,5.5,5,15.6,,47200,,11.1,dry,1,,0.0,clear-night,2026-06-18T22:03:10+00:00
,202203,0.0,1018.2,0.0,18.8,148,5.5,2,15.4,,46100,,9.3,dry,1,,0.0,clear-night,2026-06-18T22:03:10+00:00
,202203,0.0,1018.4,0.0,18.5,155,5.5,2,15.3,,47100,,9.3,dry,1,,0.0,clear-night,2026-06-18T22:03:10+00:00
,202203,0.0,1018.5,26.0,18.8,160,5.5,3,15.2,,45300,,9.3,dry,1,,0.014,clear-day,2026-06-18T22:03:10+00:00
,202203,0.0,1018.6,45.0,20.2,164,5.5,7,15.2,,47200,,9.3,dry,1,,0.097,clear-day,2026-06-18T22:03:10+00:00
,202203,0.0,1018.3,60.0,22.5,165,5.5,1,15.2,,47600,,9.3,dry,1,0.0,0.244,clear-day,2026-06-18T22:03:10+00:00
,202203,0.0,1018.0,60.0,25.1,136,5.5,1,15.0,,45600,,11.1,dry,1,,0.422,clear-day,2026-06-18T22:03:10+00:00
,202203,0.0,1017.5,60.0,27.6,84,5.5,0,14.6,,43700,,13.0,dry,1,,0.603,clear-day,2026-06-18T22:03:10+00:00
,202203,0.0,1017.0,60.0,29.5,60,7.4,0,14.2,,44800,,14.8,dry,1,,0.761,clear-day,2026-06-18T22:03:10+00:00
,202203,0.0,1016.4,60.0,31.0,56,7.4,2,13.8,,47200,,18.5,dry,1,,0.875,clear-day,2026-06-18T22:03:10+00:00
,202203,0.0,1016.0,60.0,32.1,52,9.3,0,13.5,,49300,,20.4,dry,1,,0.944,clear-day,2026-06-18T22:03:10+00:00
,202203,0.0,1015.3,60.0,33.0,48,9.3,0,13.0,,52300,,22.2,dry,1,1.0,0.967,clear-day,2026-06-18T22:03:10+00:00
,202203,0.0,1014.6,60.0,33.5,50,11.1,5,12.7,,52600,,24.1,dry,1,,0.939,clear-day,2026-06-18T22:03:10+00:00
,202203,0.0,1014.1,60.0,33.9,52,11.1,3,12.5,,53300,,24.1,dry,1,,0.842,clear-day,2026-06-18T22:03:10+00:00
,202203,0.0,1013.8,60.0,33.9,53,11.1,7,12.2,,55300,,25.9,dry,1,,0.714,clear-day,2026-06-18T22:03:10+00:00
,202203,0.0,1013.7,60.0,33.3,49,11.1,16,12.2,,54300,,25.9,dry,0,,0.531,clear-day,2026-06-18T22:03:10+00:00
,202203,0.0,1013.8,59.0,32.2,51,11.1,25,12.3,,52900,,24.1,dry,1,,0.35,partly-cloudy-day,2026-06-18T22:03:10+00:00
,202203,0.0,1014.3,49.0,30.5,51,9.3,31,12.6,,50400,,22.2,dry,1,1.0,0.189,partly-cloudy-day,2026-06-18T22:03:10+00:00
,202203,0.0,1015.4,30.0,28.6,60,9.3,36,13.4,,45600,,20.4,dry,1,,0.058,partly-cloudy-day,2026-06-18T22:03:10+00:00
,202203,0.0,1016.2,14.0,26.5,101,7.4,47,13.8,,44500,,18.5,dry,3,,0.006,partly-cloudy-night,2026-06-18T22:03:10+00:00
,202203,0.0,1017.1,0.0,24.9,170,7.4,51,14.2,,45000,,18.5,dry,3,,0.0,partly-cloudy-night,2026-06-18T22:03:10+00:00
,202203,0.0,1017.4,0.0,23.6,199,7.4,48,14.9,,43800,,16.7,dry,4,,0.0,partly-cloudy-night,2026-06-18T22:03:10+00:00
,202203,0.0,1017.6,0.0,22.9,210,9.3,50,15.0,,43200,,16.7,dry,4,,0.0,partly-cloudy-night,2026-06-18T22:03:10+00:00
,202203,0.0,1018.0,0.0,22.3,228,9.3,55,14.9,,46000,,18.5,dry,5,12.0,0.0,partly-cloudy-night,2026-06-18T22:03:10+00:00
,202203,0.0,1018.4,0.0,21.8,235,9.3,56,14.8,,50500,,18.5,dry,8,,0.0,partly-cloudy-night,2026-06-18T22:03:10+00:00
,202203,0.0,1018.8,0.0,21.3,241,9.3,60,14.9,,48700,,18.5,dry,5,,0.0,partly-cloudy-night,2026-06-18T22:03:10+00:00
,202203,0.0,1019.0,0.0,21.1,239,9.3,55,15.0,,40900,,18.5,dry,6,,0.0,partly-cloudy-night,2026-06-18T22:03:10+00:00
,202203,0.0,1019.6,11.0,21.1,236,9.3,55,15.2,,45500,,18.5,dry,6,,0.008,partly-cloudy-day,2026-06-18T22:03:10+00:00
,202203,0.0,1019.9,22.0,21.5,236,9.3,54,15.2,,47700,,18.5,dry,6,,0.067,partly-cloudy-day,2026-06-18T22:03:10+00:00
,202203,0.0,1019.9,32.0,23.2,236,9.3,51,15.3,,53300,,18.5,dry,4,16.0,0.181,partly-cloudy-day,2026-06-18T22:03:10+00:00
,202203,0.0,1020.0,38.0,25.1,251,9.3,49,15.2,,51500,,18.5,dry,2,,0.317,partly-cloudy-day,2026-06-18T22:03:10+00:00
,202203,0.0,1019.7,41.0,26.7,262,9.3,44,15.0,,50100,,20.4,dry,3,,0.469,partly-cloudy-day,2026-06-18T22:03:10+00:00
,202203,0.0,1019.3,41.0,28.3,274,9.3,44,14.8,,49700,,20.4,dry,3,,0.597,partly-cloudy-day,2026-06-18T22:03:10+00:00
,202203,0.0,1019.1,47.0,29.4,286,9.3,43,14.5,,51000,,22.2,dry,2,,0.711,partly-cloudy-day,2026-06-18T22:03:10+00:00
,202203,0.0,1018.9,48.0,30.7,289,11.1,40,14.5,,52800,,24.1,dry,1,,0.811,partly-cloudy-day,2026-06-18T22:03:10+00:00
,202203,0.0,1018.4,47.0,31.5,304,11.1,43,14.4,,52300,,25.9,dry,3,7.0,0.814,partly-cloudy-day,2026-06-18T22:03:10+00:00
,202203,0.0,1018.3,48.0,31.8,313,11.1,45,14.4,,54100,,25.9,dry,4,,0.8,partly-cloudy-day,2026-06-18T22:03:10+00:00
,202203,0.0,1017.8,48.0,32.3,322,11.1,45,14.3,,53300,,27.8,dry,4,,0.706,partly-cloudy-day,2026-06-18T22:03:10+00:00
,202203,0.0,1017.8,46.0,31.7,326,11.1,46,14.4,,53700,,25.9,dry,6,,0.583,partly-cloudy-day,2026-06-18T22:03:10+00:00
,202203,0.0,1018.2,48.0,31.0,322,11.1,43,14.4,,54400,,25.9,dry,3,,0.464,partly-cloudy-day,2026-06-18T22:03:10+00:00
,202203,0.0,1018.7,46.0,29.9,337,11.1,43,14.5,,51300,,24.1,dry,2,,0.317,partly-cloudy-day,2026-06-18T22:03:10+00:00
,202203,0.0,1019.3,42.0,28.7,45,9.3,40,15.2,,50700,,22.2,dry,3,12.0,0.181,partly-cloudy-day,2026-06-18T22:03:10+00:00
,202203,0.0,1020.3,30.0,27.1,120,9.3,42,15.7,,50200,,20.4,dry,3,,0.058,partly-cloudy-day,2026-06-18T22:03:10+00:00
,202203,0.0,1021.3,14.0,25.6,150,7.4,45,16.1,,48700,,16.7,dry,3,,0.006,partly-cloudy-night,2026-06-18T22:03:10+00:00
,202203,0.0,1021.9,0.0,24.1,164,7.4,40,16.4,,46200,,14.8,dry,3,,0.0,partly-cloudy-night,2026-06-18T22:03:10+00:00
,202203,0.0,1022.7,0.0,23.0,169,5.5,40,16.5,,45700,,13.0,dry,4,,0.0,partly-cloudy-night,2026-06-18T22:03:10+00:00
,202203,0.0,1022.8,0.0,22.1,174,5.5,37,16.4,,47600,,13.0,dry,3,,0.0,partly-cloudy-night,2026-06-18T22:03:10+00:00
,202203,0.0,1023.2,0.0,21.4,183,5.5,33,16.5,,50100,,13.0,dry,1,5.0,0.0,partly-cloudy-night,2026-06-18T22:03:10+00:00
,202203,0.0,1023.4,0.0,20.8,185,5.5,32,16.3,,50900,,13.0,dry,0,,0.0,partly-cloudy-night,2026-06-18T22:03:10+00:00
,202203,0.0,1023.9,0.0,19.9,191,5.5,29,16.1,,52200,,11.1,dry,0,,0.0,partly-cloudy-night,2026-06-18T22:03:10+00:00
,202203,0.0,1024.2,0.0,19.8,192,5.5,21,16.1,,49200,,11.1,dry,0,,0.0,clear-night,2026-06-18T22:03:10+00:00
,202203,0.0,1024.6,20.0,20.2,196,5.5,18,15.9,,51800,,11.1,dry,0,,0.011,clear-day,2026-06-18T22:03:10+00:00
,202203,0.0,1024.7,41.0,21.5,203,5.5,17,15.8,,50000,,9.3,dry,2,,0.089,clear-day,2026-06-18T22:03:10+00:00
,202203,0.0,1024.6,56.0,23.6,216,5.5,15,15.8,,46300,,11.1,dry,0,2.0,0.225,clear-day,2026-06-18T22:03:10+00:00
,202203,0.0,1024.7,60.0,25.6,249,5.5,16,15.8,,48600,,13.0,dry,0,,0.386,clear-day,2026-06-18T22:03:10+00:00
,202203,0.0,1024.4,60.0,27.5,290,5.5,17,15.5,,46700,,13.0,dry,0,,0.55,clear-day,2026-06-18T22:03:10+00:00
,202203,0.0,1024.3,60.0,29.5,353,7.4,22,14.8,,44900,,14.8,dry,1,,0.683,clear-day,2026-06-18T22:03:10+00:00
,202203,0.0,1024.0,60.0,30.6,18,7.4,22,14.7,,46000,,18.5,dry,1,,0.783,clear-day,2026-06-18T22:03:10+00:00
,202203,0.0,1023.5,60.0,31.4,23,9.3,23,14.3,,47700,,20.4,dry,1,,0.844,clear-day,2026-06-18T22:03:10+00:00
,202203,0.0,1023.0,58.0,31.7,26,9.3,22,14.1,,48300,,20.4,dry,1,1.0,0.847,clear-day,2026-06-18T22:03:10+00:00
,202203,0.0,1022.6,57.0,32.0,31,9.3,25,14.0,,51100,,22.2,dry,1,,0.814,partly-cloudy-day,2026-06-18T22:03:10+00:00
,202203,0.0,1022.5,56.0,31.9,36,11.1,29,13.9,,53000,,22.2,dry,1,,0.722,partly-cloudy-day,2026-06-18T22:03:10+00:00
,202203,0.0,1022.3,54.0,31.1,36,11.1,35,13.6,,49600,,24.1,dry,2,,0.594,partly-cloudy-day,2026-06-18T22:03:10+00:00
,202203,0.0,1022.3,51.0,30.3,37,11.1,38,13.6,,49100,,22.2,dry,3,,0.461,partly-cloudy-day,2026-06-18T22:03:10+00:00
,202203,0.0,1022.7,49.0,29.2,39,11.1,40,14.1,,50200,,24.1,dry,1,,0.308,partly-cloudy-day,2026-06-18T22:03:10+00:00
,202203,0.0,1023.5,42.0,28.1,43,9.3,43,14.9,,49900,,22.2,dry,1,4.0,0.178,partly-cloudy-day,2026-06-18T22:03:10+00:00
,202203,0.0,1024.0,29.0,26.5,61,9.3,48,15.6,,46200,,18.5,dry,3,,0.058,partly-cloudy-day,2026-06-18T22:03:10+00:00
,202203,0.0,1024.7,14.0,24.8,77,7.4,52,15.9,,43500,,16.7,dry,2,,0.006,partly-cloudy-night,2026-06-18T22:03:10+00:00
,202203,0.0,1025.2,0.0,23.4,88,5.5,52,16.2,,42100,,13.0,dry,3,,0.0,partly-cloudy-night,2026-06-18T22:03:10+00:00
,202203,0.0,1025.5,0.0,22.2,115,5.5,50,16.5,,43400,,13.0,dry,1,,0.0,partly-cloudy-night,2026-06-18T22:03:10+00:00
,202203,0.0,1025.5,0.0,21.3,138,5.5,46,16.4,,42900,,11.1,dry,1,,0.0,partly-cloudy-night,2026-06-18T22:03:10+00:00
,202203,0.0,1025.7,0.0,20.6,149,3.7,38,16.4,,43600,,9.3,dry,0,3.0,0.0,partly-cloudy-night,2026-06-18T22:03:10+00:00
,202203,0.0,1025.5,0.0,20.1,169,3.7,38,16.3,,44300,,9.3,dry,0,,0.0,partly-cloudy-night,2026-06-18T22:03:10+00:00
,202203,0.0,1025.4,0.0,19.5,181,3.7,37,16.2,,44100,,9.3,dry,0,,0.0,partly-cloudy-night,2026-06-18T22:03:10+00:00
,202203,0.0,1025.5,0.0,19.3,160,3.7,28,16.0,,38200,,9.3,dry,1,,0.0,partly-cloudy-night,2026-06-18T22:03:10+00:00
,202203,0.0,1025.5,20.0,19.4,164,3.7,26,15.9,,38800,,7.4,dry,0,,0.011,partly-cloudy-day,2026-06-18T22:03:10+00:00
,202203,0.0,1025.5,39.0,20.5,130,3.7,26,16.0,,40400,,9.3,dry,0,,0.089,partly-cloudy-day,2026-06-18T22:03:10+00:00
,202203,0.0,1025.2,55.0,22.5,125,5.5,21,16.1,,41800,,9.3,dry,1,1.0,0.233,clear-day,2026-06-18T22:03:10+00:00
,202203,0.0,1024.6,60.0,24.4,79,5.5,20,15.9,,45000,,13.0,dry,0,,0.406,clear-day,2026-06-18T22:03:10+00:00
,202203,0.0,1024.1,60.0,26.6,59,7.4,19,16.0,,43800,,14.8,dry,0,,0.567,clear-day,2026-06-18T22:03:10+00:00
,202203,0.0,1023.5,60.0,28.5,59,7.4,15,15.9,,44100,,16.7,dry,0,,0.717,clear-day,2026-06-18T22:03:10+00:00
,202203,0.0,1022.8,60.0,29.6,53,9.3,16,15.6,,45800,,18.5,dry,0,,0.836,clear-day,2026-06-18T22:03:10+00:00
,202203,0.0,1022.2,60.0,30.7,51,9.3,19,15.4,,48900,,24.1,dry,0,,0.908,clear-day,2026-06-18T22:03:10+00:00
,202203,0.0,1021.3,60.0,31.3,51,11.1,23,15.2,,50500,,24.1,dry,1,2.0,0.881,clear-day,2026-06-18T22:03:10+00:00
,202203,0.0,1020.8,60.0,31.9,54,11.1,24,14.8,,53100,,25.9,dry,0,,0.856,clear-day,2026-06-18T22:03:10+00:00
,202203,0.0,1020.1,60.0,32.1,51,13.0,27,14.7,,55000,,27.8,dry,0,,0.781,partly-cloudy-day,2026-06-18T22:03:10+00:00
,202203,0.0,1019.8,60.0,32.1,55,13.0,25,14.6,,55100,,27.8,dry,0,,0.664,partly-cloudy-day,2026-06-18T22:03:10+00:00
,202203,0.0,1019.2,60.0,31.7,54,11.1,26,14.6,,58200,,25.9,dry,1,,0.525,partly-cloudy-day,2026-06-18T22:03:10+00:00
,202203,0.0,1019.1,59.0,30.9,57,11.1,29,14.6,,58500,,25.9,dry,1,,0.358,partly-cloudy-day,2026-06-18T22:03:10+00:00
,202203,0.0,1019.5,52.0,29.7,62,9.3,26,14.9,,58300,,22.2,dry,1,2.0,0.208,partly-cloudy-day,2026-06-18T22:03:10+00:00
,202203,0.0,1020.0,37.0,28.1,64,7.4,29,15.3,,55000,,18.5,dry,1,,0.069,partly-cloudy-day,2026-06-18T22:03:10+00:00
,202203,0.0,1020.4,16.0,26.2,77,7.4,32,15.8,,51900,,16.7,dry,1,,0.006,partly-cloudy-night,2026-06-18T22:03:10+00:00
,202203,0.0,1021.2,0.0,24.4,87,7.4,32,15.9,,46600,,14.8,dry,1,,0.0,partly-cloudy-night,2026-06-18T22:03:10+00:00
,202203,0.0,1021.2,0.0,23.2,100,7.4,29,16.0,,49300,,13.0,dry,1,,0.0,partly-cloudy-night,2026-06-18T22:03:10+00:00
,202203,0.0,1021.3,0.0,22.3,123,5.5,29,16.0,,49600,,13.0,dry,1,,0.0,partly-cloudy-night,2026-06-18T22:03:10+00:00
,202203,0.0,1021.0,0.0,21.6,145,5.5,24,16.0,,49200,,13.0,dry,1,2.0,0.0,clear-night,2026-06-18T22:03:10+00:00
,202203,0.0,1020.9,0.0,20.9,152,5.5,23,15.9,,52800,,11.1,dry,1,,0.0,clear-night,2026-06-18T22:03:10+00:00
,202203,0.0,1020.8,0.0,20.3,166,5.5,21,15.8,,53600,,11.1,dry,1,,0.0,clear-night,2026-06-18T22:03:10+00:00
,202203,0.0,1020.6,0.0,20.0,174,5.5,21,15.6,,49100,,11.1,dry,1,,0.0,clear-night,2026-06-18T22:03:10+00:00
,202203,0.0,1020.5,22.0,20.3,172,5.5,20,15.6,,50900,,9.3,dry,1,,0.011,clear-day,2026-06-18T22:03:10+00:00
,202203,0.0,1020.4,40.0,21.3,185,5.5,18,15.7,,50600,,11.1,dry,0,,0.089,clear-day,2026-06-18T22:03:10+00:00
,202203,0.0,1020.0,54.0,23.1,207,5.5,21,15.6,,47200,,13.0,dry,0,3.0,0.228,clear-day,2026-06-18T22:03:10+00:00
,202203,0.0,1019.6,60.0,25.5,228,5.5,21,15.6,,48100,,14.8,dry,1,,0.392,clear-day,2026-06-18T22:03:10+00:00
,202203,0.0,1019.0,60.0,27.6,304,7.4,20,15.3,,47700,,14.8,dry,1,,0.553,clear-day,2026-06-18T22:03:10+00:00
,202203,0.0,1018.6,60.0,29.3,23,7.4,19,14.9,,44100,,16.7,dry,1,,0.692,clear-day,2026-06-18T22:03:10+00:00
,202203,0.0,1018.0,60.0,31.0,8,9.3,20,14.6,,46400,,20.4,dry,1,,0.797,clear-day,2026-06-18T22:03:10+00:00
,202203,0.0,1017.3,60.0,32.1,16,9.3,18,14.3,,48300,,22.2,dry,1,,0.861,clear-day,2026-06-18T22:03:10+00:00
,202203,0.0,1016.8,60.0,33.0,12,11.1,16,14.1,,51300,,24.1,dry,1,2.0,0.861,clear-day,2026-06-18T22:03:10+00:00
,202203,0.0,1016.2,60.0,33.4,3,11.1,16,13.8,,53100,,25.9,dry,1,,0.825,clear-day,2026-06-18T22:03:10+00:00
,202203,0.0,1015.5,60.0,33.9,12,11.1,17,13.7,,54100,,25.9,dry,1,,0.767,clear-day,2026-06-18T22:03:10+00:00
,202203,0.0,1015.0,60.0,33.8,3,11.1,24,13.6,,50800,,27.8,dry,1,,0.65,clear-day,2026-06-18T22:03:10+00:00
,202203,0.0,1014.7,60.0,33.5,8,11.1,29,13.6,,50900,,25.9,dry,2,,0.506,partly-cloudy-day,2026-06-18T22:03:10+00:00
,202203,0.0,1014.9,60.0,32.6,14,11.1,29,13.7,,48600,,24.1,dry,1,,0.342,partly-cloudy-day,2026-06-18T22:03:10+00:00
,202203,0.0,1015.0,50.0,31.3,21,9.3,37,14.0,,46900,,22.2,dry,2,4.0,0.194,partly-cloudy-day,2026-06-18T22:03:10+00:00
,202203,0.0,1015.4,34.0,29.4,35,7.4,35,14.6,,44900,,18.5,dry,2,,0.064,partly-cloudy-day,2026-06-18T22:03:10+00:00
,202203,0.0,1016.3,16.0,27.6,110,7.4,39,15.1,,44600,,16.7,dry,4,,0.006,partly-cloudy-night,2026-06-18T22:03:10+00:00
,202203,0.0,1016.9,0.0,26.0,186,7.4,43,15.6,,41500,,16.7,dry,4,,0.0,partly-cloudy-night,2026-06-18T22:03:10+00:00
,202203,0.0,1016.9,0.0,24.8,185,7.4,45,15.5,,39900,,14.8,dry,4,,0.0,partly-cloudy-night,2026-06-18T22:03:10+00:00
,202203,0.0,1018.0,0.0,23.0,123,3.7,61,17.1,,41800,,11.1,dry,1,,0.0,partly-cloudy-night,2026-06-23T22:03:14+00:00
,202203,0.0,1018.2,0.0,22.1,152,3.7,59,17.0,,41600,,9.3,dry,1,0.0,0.0,partly-cloudy-night,2026-06-23T22:03:14+00:00
,202203,0.0,1018.3,0.0,21.2,181,3.7,49,16.9,,39200,,9.3,dry,1,,0.0,partly-cloudy-night,2026-06-23T22:03:14+00:00
,202203,0.0,1018.4,0.0,20.4,217,3.7,40,16.6,,37100,,9.3,dry,1,,0.0,partly-cloudy-night,2026-06-23T22:03:14+00:00
,202203,0.0,1018.5,0.0,20.1,223,3.7,35,16.6,,37100,,7.4,dry,1,,0.0,partly-cloudy-night,2026-06-23T22:03:14+00:00
,202203,0.0,1018.7,17.0,20.4,223,3.7,32,16.5,,38400,,7.4,dry,1,,0.011,partly-cloudy-day,2026-06-23T22:03:14+00:00
,202203,0.0,1018.7,36.0,21.4,234,3.7,28,16.4,,39500,,7.4,dry,1,,0.089,partly-cloudy-day,2026-06-23T22:03:14+00:00
,202203,0.0,1018.5,52.0,23.3,276,3.7,17,16.1,,39600,,9.3,dry,1,1.0,0.225,clear-day,2026-06-23T22:03:14+00:00
,202203,0.0,1018.3,60.0,25.4,318,3.7,13,15.8,,40800,,9.3,dry,1,,0.389,clear-day,2026-06-23T22:03:14+00:00
,202203,0.0,1018.0,60.0,27.6,10,5.5,8,15.2,,39900,,11.1,dry,1,,0.558,clear-day,2026-06-23T22:03:14+00:00
,202203,0.0,1017.5,60.0,29.1,19,5.5,7,14.7,,40900,,13.0,dry,1,,0.711,clear-day,2026-06-23T22:03:14+00:00
,202203,0.0,1017.0,60.0,30.4,27,7.4,7,14.5,,43900,,16.7,dry,1,,0.844,clear-day,2026-06-23T22:03:14+00:00
,202203,0.0,1016.5,60.0,31.4,26,9.3,8,14.3,,46100,,20.4,dry,1,,0.911,clear-day,2026-06-23T22:03:14+00:00
,202203,0.0,1015.9,60.0,32.3,26,9.3,7,13.9,,48500,,22.2,dry,1,1.0,0.919,clear-day,2026-06-23T22:03:14+00:00
,202203,0.0,1015.3,60.0,32.7,30,11.1,8,13.7,,51400,,24.1,dry,1,,0.894,clear-day,2026-06-23T22:03:14+00:00
,202203,0.0,1015.0,60.0,33.0,32,11.1,10,13.6,,52200,,25.9,dry,1,,0.8,clear-day,2026-06-23T22:03:14+00:00
,202203,0.0,1014.5,60.0,33.0,34,11.1,7,13.4,,51700,,25.9,dry,1,,0.683,clear-day,2026-06-23T22:03:14+00:00
,202203,0.0,1014.5,60.0,32.5,33,11.1,6,13.4,,50500,,25.9,dry,0,,0.55,clear-day,2026-06-23T22:03:14+00:00
,202203,0.0,1014.6,60.0,31.8,36,11.1,5,13.4,,50100,,22.2,dry,0,,0.389,clear-day,2026-06-23T22:03:14+00:00
,202203,0.0,1014.9,59.0,30.4,45,9.3,4,13.7,,49400,,20.4,dry,0,1.0,0.219,clear-day,2026-06-23T22:03:14+00:00
,202203,0.0,1015.8,43.0,28.6,51,7.4,6,14.3,,45300,,16.7,dry,0,,0.072,clear-day,2026-06-23T22:03:14+00:00
,202203,0.0,1016.4,16.0,26.7,64,7.4,11,14.9,,46600,,13.0,dry,0,,0.006,clear-night,2026-06-23T22:03:14+00:00
,202203,0.0,1016.9,0.0,25.0,77,5.5,9,15.2,,45300,,11.1,dry,0,,0.0,clear-night,2026-06-23T22:03:14+00:00
,202203,0.0,1017.3,0.0,23.7,95,5.5,12,15.5,,41500,,11.1,dry,0,,0.0,clear-night,2026-06-23T22:03:14+00:00
,202203,0.0,1017.5,0.0,22.8,121,5.5,10,15.5,,41600,,9.3,dry,1,,0.0,clear-night,2026-06-23T22:03:14+00:00
,202203,0.0,1017.6,0.0,21.9,160,5.5,11,15.6,,40700,,9.3,dry,1,0.0,0.0,clear-night,2026-06-23T22:03:14+00:00
,202203,0.0,1017.8,0.0,21.0,166,3.7,3,15.4,,41600,,7.4,dry,1,,0.0,clear-night,2026-06-23T22:03:14+00:00
,202203,0.0,1018.0,0.0,20.3,177,3.7,5,15.3,,39700,,7.4,dry,1,,0.0,clear-night,2026-06-23T22:03:14+00:00
,202203,0.0,1018.1,0.0,20.1,187,3.7,0,15.3,,41200,,7.4,dry,1,,0.0,clear-night,2026-06-23T22:03:14+00:00
,202203,0.0,1018.2,24.0,20.5,195,3.7,1,15.3,,44300,,7.4,dry,1,,0.011,clear-day,2026-06-23T22:03:14+00:00
,202203,0.0,1018.1,46.0,21.9,214,3.7,2,15.4,,44700,,7.4,dry,1,,0.097,clear-day,2026-06-23T22:03:14+00:00
,202203,0.0,1017.8,60.0,24.0,69,3.7,0,15.2,,43100,,9.3,dry,1,1.0,0.242,clear-day,2026-06-23T22:03:14+00:00
,202203,0.0,1017.5,60.0,26.2,61,5.5,2,14.9,,43000,,11.1,dry,1,,0.422,clear-day,2026-06-23T22:03:14+00:00
,202203,0.0,1016.9,60.0,28.6,60,7.4,4,14.5,,41100,,13.0,dry,1,,0.592,clear-day,2026-06-23T22:03:14+00:00
,202203,0.0,1016.4,60.0,30.2,68,9.3,6,14.1,,41500,,16.7,dry,1,,0.733,clear-day,2026-06-23T22:03:14+00:00
,202203,0.0,1015.9,60.0,31.5,68,11.1,8,13.9,,43400,,22.2,dry,1,,0.833,clear-day,2026-06-23T22:03:14+00:00
,202203,0.0,1015.5,60.0,32.7,67,11.1,8,13.5,,44500,,25.9,dry,1,,0.922,clear-day,2026-06-23T22:03:14+00:00
,202203,0.0,1014.9,60.0,33.7,61,13.0,13,13.2,,48000,,27.8,dry,1,1.0,0.939,clear-day,2026-06-23T22:03:14+00:00
,202203,0.0,1014.5,60.0,34.0,59,14.8,17,12.8,,51500,,29.6,dry,1,,0.925,clear-day,2026-06-23T22:03:14+00:00
,202203,0.0,1014.1,60.0,34.4,57,14.8,17,12.5,,53400,,31.5,dry,0,,0.825,clear-day,2026-06-23T22:03:14+00:00
,202203,0.0,1013.7,60.0,33.9,56,14.8,19,12.4,,52700,,31.5,dry,1,,0.703,clear-day,2026-06-23T22:03:14+00:00
,202203,0.0,1013.5,60.0,33.3,55,14.8,19,12.5,,53900,,29.6,dry,0,,0.564,clear-day,2026-06-23T22:03:14+00:00
,202203,0.0,1013.6,60.0,32.7,55,13.0,22,12.6,,52500,,27.8,dry,1,,0.392,clear-day,2026-06-23T22:03:14+00:00
,202203,0.0,1013.9,54.0,31.2,59,11.1,22,12.7,,51600,,24.1,dry,1,1.0,0.219,clear-day,2026-06-23T22:03:14+00:00
,202203,0.0,1014.6,38.0,29.2,63,9.3,23,13.1,,49100,,20.4,dry,0,,0.069,clear-day,2026-06-23T22:03:14+00:00
,202203,0.0,1015.4,15.0,27.2,73,7.4,28,13.5,,46300,,16.7,dry,0,,0.006,partly-cloudy-night,2026-06-23T22:03:14+00:00
,202203,0.0,1016.0,0.0,25.3,90,7.4,31,14.0,,43500,,13.0,dry,0,,0.0,partly-cloudy-night,2026-06-23T22:03:14+00:00
,202203,0.0,1016.7,0.0,23.7,96,7.4,31,14.1,,42200,,13.0,dry,0,,0.0,partly-cloudy-night,2026-06-23T22:03:14+00:00
,202203,0.0,1016.9,0.0,22.6,104,5.5,24,14.4,,42700,,11.1,dry,1,,0.0,clear-night,2026-06-23T22:03:14+00:00
,202203,0.0,1017.0,0.0,21.7,110,5.5,21,14.4,,43300,,9.3,dry,0,1.0,0.0,clear-night,2026-06-23T22:03:14+00:00
,202203,0.0,1017.2,0.0,21.0,114,5.5,19,14.4,,43100,,9.3,dry,0,,0.0,clear-night,2026-06-23T22:03:14+00:00
,202203,0.0,1017.3,0.0,20.1,121,5.5,16,14.4,,45100,,9.3,dry,0,,0.0,clear-night,2026-06-23T22:03:14+00:00
,202203,0.0,1017.6,0.0,19.8,123,3.7,10,14.3,,44200,,9.3,dry,0,,0.0,clear-night,2026-06-23T22:03:14+00:00
,202203,0.0,1017.8,25.0,20.3,129,3.7,4,14.3,,45000,,9.3,dry,0,,0.011,clear-day,2026-06-23T22:03:14+00:00
,202203,0.0,1017.8,45.0,21.7,125,5.5,2,14.5,,42800,,9.3,dry,2,,0.092,clear-day,2026-06-23T22:03:14+00:00
,202203,0.0,1017.5,60.0,23.7,105,5.5,0,14.5,,39100,,11.1,dry,0,1.0,0.239,clear-day,2026-06-23T22:03:14+00:00
,202203,0.0,1017.3,60.0,26.1,82,5.5,0,14.2,,40900,,13.0,dry,0,,0.408,clear-day,2026-06-23T22:03:14+00:00
,202203,0.0,1016.9,60.0,28.3,71,7.4,1,14.1,,40600,,14.8,dry,0,,0.594,clear-day,2026-06-23T22:03:14+00:00
,202203,0.0,1016.6,60.0,30.2,63,9.3,1,13.9,,40800,,18.5,dry,0,,0.744,clear-day,2026-06-23T22:03:14+00:00
,202203,0.0,1016.1,60.0,31.7,64,11.1,0,13.7,,41200,,22.2,dry,1,,0.858,clear-day,2026-06-23T22:03:14+00:00
,202203,0.0,1015.6,60.0,32.9,63,13.0,1,13.1,,43600,,25.9,dry,1,,0.936,clear-day,2026-06-23T22:03:14+00:00
,202203,0.0,1014.9,60.0,33.8,59,13.0,2,12.7,,45000,,27.8,dry,1,1.0,0.947,clear-day,2026-06-23T22:03:14+00:00
,202203,0.0,1014.4,60.0,34.5,57,13.0,3,12.2,,47200,,29.6,dry,0,,0.919,clear-day,2026-06-23T22:03:14+00:00
,202203,0.0,1013.9,60.0,34.9,56,14.8,3,12.0,,50200,,29.6,dry,0,,0.842,clear-day,2026-06-23T22:03:14+00:00
,202203,0.0,1013.8,60.0,34.6,57,14.8,5,11.9,,49600,,29.6,dry,0,,0.722,clear-day,2026-06-23T22:03:14+00:00
,202203,0.0,1013.7,60.0,34.4,55,13.0,6,11.8,,48500,,27.8,dry,0,,0.569,clear-day,2026-06-23T22:03:14+00:00
,202203,0.0,1013.8,60.0,33.6,53,13.0,8,12.1,,48200,,27.8,dry,0,,0.392,clear-day,2026-06-23T22:03:14+00:00
,202203,0.0,1014.2,57.0,32.0,57,11.1,8,12.5,,46000,,22.2,dry,0,1.0,0.225,clear-day,2026-06-23T22:03:14+00:00
,202203,0.0,1014.8,40.0,30.1,58,9.3,11,12.8,,42800,,20.4,dry,1,,0.072,clear-day,2026-06-23T22:03:14+00:00
,202203,0.0,1015.8,15.0,27.7,74,7.4,14,13.5,,40500,,16.7,dry,0,,0.006,clear-night,2026-06-23T22:03:14+00:00
,202203,0.0,1016.4,0.0,26.1,88,7.4,15,13.7,,38800,,14.8,dry,0,,0.0,clear-night,2026-06-23T22:03:14+00:00
,202203,0.0,1016.9,0.0,24.6,105,5.5,16,13.9,,39700,,13.0,dry,1,,0.0,clear-night,2026-06-23T22:03:14+00:00
,202203,0.0,1017.1,0.0,23.4,125,5.5,19,13.8,,40800,,13.0,dry,0,,0.0,clear-night,2026-06-23T22:03:14+00:00
,202203,0.0,1017.5,0.0,22.4,141,5.5,12,13.9,,41800,,11.1,dry,0,2.0,0.0,clear-night,2026-06-23T22:03:14+00:00
,202203,0.0,1017.8,0.0,21.6,170,5.5,15,13.9,,44300,,11.1,dry,0,,0.0,clear-night,2026-06-23T22:03:14+00:00
,202203,0.0,1017.8,0.0,21.0,189,5.5,14,14.0,,49200,,9.3,dry,0,,0.0,clear-night,2026-06-23T22:03:14+00:00
,202203,0.0,1018.2,0.0,20.6,205,3.7,8,14.0,,49200,,9.3,dry,0,,0.0,clear-night,2026-06-23T22:03:14+00:00
,202203,0.0,1018.3,24.0,20.9,210,3.7,5,14.0,,49200,,9.3,dry,0,,0.011,clear-day,2026-06-23T22:03:14+00:00
,202203,0.0,1018.3,45.0,22.4,218,5.5,3,14.0,,44400,,9.3,dry,0,,0.092,clear-day,2026-06-23T22:03:14+00:00
,202203,0.0,1018.0,60.0,24.7,231,5.5,3,13.9,,38700,,11.1,dry,0,1.0,0.242,clear-day,2026-06-23T22:03:14+00:00
,202203,0.0,1017.9,60.0,27.1,262,5.5,1,13.8,,40500,,13.0,dry,0,,0.422,clear-day,2026-06-23T22:03:14+00:00
,202203,0.0,1017.5,60.0,29.4,3,7.4,1,13.7,,40800,,14.8,dry,0,,0.597,clear-day,2026-06-23T22:03:14+00:00
,202203,0.0,1017.0,60.0,31.4,17,7.4,0,13.8,,41200,,14.8,dry,0,,0.75,clear-day,2026-06-23T22:03:14+00:00
,202203,0.0,1016.5,60.0,33.0,21,9.3,0,13.4,,43100,,18.5,dry,0,,0.858,clear-day,2026-06-23T22:03:14+00:00
,202203,0.0,1015.8,60.0,34.2,26,9.3,0,13.0,,46300,,22.2,dry,0,,0.942,clear-day,2026-06-23T22:03:14+00:00
,202203,0.0,1015.3,60.0,35.2,19,11.1,3,12.6,,44500,,25.9,dry,1,3.0,0.944,clear-day,2026-06-23T22:03:14+00:00
,202203,0.0,1014.7,60.0,35.7,18,11.1,6,12.2,,47100,,25.9,dry,0,,0.906,clear-day,2026-06-23T22:03:14+00:00
,202203,0.0,1014.2,60.0,35.9,21,13.0,12,12.2,,48900,,27.8,dry,0,,0.808,clear-day,2026-06-23T22:03:14+00:00
,202203,0.0,1013.8,60.0,35.9,20,13.0,14,12.2,,44800,,27.8,dry,1,,0.694,clear-day,2026-06-23T22:03:14+00:00
,202203,0.0,1013.6,58.0,35.2,34,11.1,17,12.3,,45600,,25.9,dry,2,,0.544,clear-day,2026-06-23T22:03:14+00:00
,202203,0.0,1013.4,57.0,34.4,37,11.1,22,12.5,,48500,,24.1,dry,1,,0.361,clear-day,2026-06-23T22:03:14+00:00
,202203,0.0,1013.6,48.0,32.7,40,9.3,24,13.2,,46000,,20.4,dry,1,2.0,0.208,clear-day,2026-06-23T22:03:14+00:00
,202203,0.0,1014.2,33.0,30.9,63,7.4,30,13.8,,43400,,18.5,dry,1,,0.067,partly-cloudy-day,2026-06-23T22:03:14+00:00
,202203,0.0,1015.1,15.0,28.9,95,7.4,29,14.3,,41200,,16.7,dry,1,,0.006,partly-cloudy-night,2026-06-23T22:03:14+00:00
,202203,0.0,1015.6,0.0,27.2,126,7.4,28,14.7,,36100,,14.8,dry,1,,0.0,partly-cloudy-night,2026-06-23T22:03:14+00:00
,202203,0.0,1016.2,0.0,25.9,165,7.4,31,15.0,,36700,,14.8,dry,1,,0.0,partly-cloudy-night,2026-06-23T22:03:14+00:00
,202203,0.0,1016.6,0.0,25.3,175,7.4,29,15.0,,39300,,16.7,dry,1,,0.0,partly-cloudy-night,2026-06-23T22:03:14+00:00
,202203,0.0,1016.7,0.0,24.6,190,7.4,23,15.1,,40000,,14.8,dry,3,2.0,0.0,clear-night,2026-06-23T22:03:14+00:00
,202203,0.0,1017.0,0.0,24.0,197,7.4,24,15.1,,44800,,14.8,dry,2,,0.0,clear-night,2026-06-23T22:03:14+00:00
,202203,0.0,1017.3,0.0,23.4,200,7.4,24,15.2,,50300,,14.8,dry,1,,0.0,clear-night,2026-06-23T22:03:14+00:00
,202203,0.0,1017.5,0.0,23.2,208,7.4,23,15.1,,47200,,14.8,dry,1,,0.0,clear-night,2026-06-23T22:03:14+00:00
,202203,0.0,1017.7,19.0,23.3,214,7.4,21,15.2,,49500,,14.8,dry,1,,0.011,clear-day,2026-06-23T22:03:14+00:00
,202203,0.0,1017.9,37.0,24.2,220,7.4,17,15.3,,49500,,16.7,dry,2,,0.083,clear-day,2026-06-23T22:03:14+00:00
,202203,0.0,1018.3,47.0,26.1,237,9.3,23,15.4,,43900,,18.5,dry,2,5.0,0.208,clear-day,2026-06-23T22:03:14+00:00
,202203,0.0,1018.0,51.0,28.2,251,9.3,23,15.5,,46300,,18.5,dry,1,,0.361,clear-day,2026-06-23T22:03:14+00:00
,202203,0.0,1017.4,50.0,30.1,270,9.3,22,15.3,,46900,,18.5,dry,3,,0.497,clear-day,2026-06-23T22:03:14+00:00
,202203,0.0,1016.9,56.0,31.4,288,9.3,26,14.8,,44000,,20.4,dry,4,,0.631,partly-cloudy-day,2026-06-23T22:03:14+00:00
,202203,0.0,1016.6,54.0,32.8,306,11.1,26,14.5,,45200,,24.1,dry,3,,0.731,partly-cloudy-day,2026-06-23T22:03:14+00:00
,202203,0.0,1016.4,55.0,34.2,313,11.1,24,14.2,,45800,,24.1,dry,2,,0.811,clear-day,2026-06-23T22:03:14+00:00
,202203,0.0,1016.1,57.0,34.7,323,11.1,21,13.9,,48100,,27.8,dry,1,7.0,0.833,clear-day,2026-06-23T22:03:14+00:00
,202203,0.0,1015.7,56.0,34.8,318,13.0,22,13.8,,52600,,25.9,dry,1,,0.8,clear-day,2026-06-23T22:03:14+00:00
,202203,0.0,1015.2,54.0,34.7,318,13.0,25,13.4,,51700,,27.8,dry,1,,0.733,partly-cloudy-day,2026-06-23T22:03:14+00:00
,202203,0.0,1015.0,52.0,34.3,317,13.0,32,13.4,,50800,,27.8,dry,1,,0.608,partly-cloudy-day,2026-06-23T22:03:14+00:00
,202203,0.0,1015.0,51.0,33.8,311,13.0,37,13.6,,48400,,25.9,dry,1,,0.475,partly-cloudy-day,2026-06-23T22:03:14+00:00
,202203,0.0,1015.5,49.0,32.7,318,11.1,39,14.0,,48100,,25.9,dry,1,,0.322,partly-cloudy-day,2026-06-23T22:03:14+00:00
,202203,0.0,1015.8,40.0,31.0,329,11.1,40,14.2,,45900,,24.1,dry,3,7.0,0.181,partly-cloudy-day,2026-06-23T22:03:14+00:00
,202203,0.0,1016.3,26.0,29.2,270,9.3,38,15.1,,44500,,20.4,dry,4,,0.058,partly-cloudy-day,2026-06-23T22:03:14+00:00
,202203,0.0,1016.7,13.0,27.6,105,7.4,44,15.9,,43600,,18.5,dry,6,,0.006,partly-cloudy-night,2026-06-23T22:03:14+00:00
,202203,0.0,1017.5,0.0,26.2,185,7.4,46,16.4,,41400,,16.7,dry,5,,0.0,partly-cloudy-night,2026-06-23T22:03:14+00:00
,202203,0.0,1017.8,0.0,24.9,222,7.4,49,16.5,,42300,,18.5,dry,4,,0.0,partly-cloudy-night,2026-06-23T22:03:14+00:00
2026-06-28T23:00:00+00:00,202203,0.0,1018.6,0.0,24.9,219,7.4,80,15.8,,47300,,20.4,dry,8,,0.0,cloudy,2026-06-28T22:03:02+00:00
2026-06-29T00:00:00+00:00,202203,0.0,1018.6,0.0,24.1,222,7.4,81,16.0,,50700,,16.7,dry,4,20.0,0.0,cloudy,2026-06-28T22:03:02+00:00
2026-06-29T01:00:00+00:00,202203,0.0,1018.8,0.0,23.7,226,7.4,78,16.3,,55700,,16.7,dry,3,,0.0,partly-cloudy-night,2026-06-28T22:03:02+00:00
2026-06-29T02:00:00+00:00,202203,0.0,1018.8,0.0,23.3,226,5.5,76,16.2,,55100,,14.8,dry,3,,0.0,partly-cloudy-night,2026-06-28T22:03:02+00:00
2026-06-29T03:00:00+00:00,202203,0.0,1018.9,0.0,22.8,239,7.4,76,16.4,,54600,,14.8,dry,2,,0.0,partly-cloudy-night,2026-06-28T22:03:02+00:00
2026-06-29T04:00:00+00:00,202203,0.0,1019.4,9.0,22.7,241,7.4,77,16.4,,51000,,14.8,dry,4,,0.008,partly-cloudy-day,2026-06-28T22:03:02+00:00
2026-06-29T05:00:00+00:00,202203,0.0,1019.7,17.0,23.2,249,7.4,81,16.6,,50100,,14.8,dry,6,,0.058,cloudy,2026-06-28T22:03:02+00:00
2026-06-29T06:00:00+00:00,202203,0.0,1020.0,21.0,23.6,270,9.3,86,16.7,,47900,,18.5,dry,8,13.0,0.153,cloudy,2026-06-28T22:03:02+00:00
2026-06-29T07:00:00+00:00,202203,0.0,1020.3,28.0,24.3,280,11.1,82,16.4,,52700,,22.2,dry,12,,0.247,cloudy,2026-06-28T22:03:02+00:00
2026-06-29T08:00:00+00:00,202203,0.0,1020.4,28.0,24.8,290,11.1,78,16.3,,46400,,24.1,dry,16,,0.331,partly-cloudy-day,2026-06-28T22:03:02+00:00
2026-06-29T09:00:00+00:00,202203,0.0,1020.7,30.0,25.4,300,13.0,74,16.7,,49200,,27.8,dry,21,,0.428,partly-cloudy-day,2026-06-28T22:03:02+00:00
2026-06-29T10:00:00+00:00,202203,0.0,1020.6,31.0,26.2,307,13.0,84,16.6,,46300,,27.8,dry,14,,0.478,cloudy,2026-06-28T22:03:02+00:00
2026-06-29T11:00:00+00:00,202203,0.0,1020.5,29.0,26.8,310,11.1,85,16.7,,43400,,27.8,dry,11,,0.517,cloudy,2026-06-28T22:03:02+00:00
2026-06-29T12:00:00+00:00,202203,0.0,1020.3,29.0,26.4,321,11.1,93,16.8,,43200,,27.8,rain,14,46.0,0.592,cloudy,2026-06-28T22:03:02+00:00
2026-06-29T13:00:00+00:00,202203,0.2,1020.3,28.0,26.3,323,11.1,94,16.9,,39700,,25.9,rain,17,,0.547,cloudy,2026-06-28T22:03:02+00:00
2026-06-29T14:00:00+00:00,202203,0.3,1020.4,22.0,25.7,330,11.1,95,17.1,,39900,,25.9,rain,22,,0.45,cloudy,2026-06-28T22:03:02+00:00
2026-06-29T15:00:00+00:00,202203,0.6,1020.5,17.0,25.3,337,11.1,98,17.4,,35800,,24.1,rain,29,,0.375,rain,2026-06-28T22:03:02+00:00
2026-06-29T16:00:00+00:00,202203,0.5,1020.8,15.0,24.3,322,9.3,98,17.7,,34100,,25.9,rain,35,,0.264,cloudy,2026-06-28T22:03:02+00:00
2026-06-29T17:00:00+00:00,202203,0.6,1021.3,14.0,23.5,310,9.3,98,18.2,,31300,,24.1,rain,40,,0.169,rain,2026-06-28T22:03:02+00:00
2026-06-29T18:00:00+00:00,202203,0.7,1021.8,11.0,22.8,299,9.3,98,18.6,,28900,,22.2,rain,43,75.0,0.092,rain,2026-06-28T22:03:02+00:00
2026-06-29T19:00:00+00:00,202203,0.7,1022.2,7.0,21.8,279,9.3,92,18.6,,29100,,20.4,rain,44,,0.031,rain,2026-06-28T22:03:02+00:00
2026-06-29T20:00:00+00:00,202203,0.9,1022.7,3.0,21.0,256,9.3,95,18.6,,30300,,20.4,rain,41,,0.003,rain,2026-06-28T22:03:02+00:00
2026-06-29T21:00:00+00:00,202203,0.7,1022.7,0.0,20.7,216,7.4,99,18.6,,31100,,18.5,rain,35,,0.0,rain,2026-06-28T22:03:02+00:00
2026-06-29T22:00:00+00:00,202203,0.5,1022.9,0.0,20.2,215,7.4,97,18.1,,33700,,16.7,rain,31,,0.0,cloudy,2026-06-28T22:03:02+00:00
2026-06-29T23:00:00+00:00,202203,0.2,1022.9,0.0,20.0,234,7.4,93,18.1,,31900,,14.8,rain,23,,0.0,cloudy,2026-06-28T22:03:02+00:00
2026-06-30T00:00:00+00:00,202203,0.0,1022.7,0.0,19.7,243,5.5,91,17.9,,32500,,13.0,dry,16,62.0,0.0,cloudy,2026-06-28T22:03:02+00:00
2026-06-30T01:00:00+00:00,202203,0.0,1022.7,0.0,19.5,210,5.5,83,17.7,,30300,,11.1,dry,10,,0.0,cloudy,2026-06-28T22:03:02+00:00
2026-06-30T02:00:00+00:00,202203,0.0,1022.5,0.0,19.2,234,3.7,78,17.5,,30600,,11.1,dry,8,,0.0,partly-cloudy-night,2026-06-28T22:03:02+00:00
2026-06-30T03:00:00+00:00,202203,0.0,1022.5,0.0,19.0,216,3.7,78,17.5,,31400,,9.3,dry,7,,0.0,partly-cloudy-night,2026-06-28T22:03:02+00:00
2026-06-30T04:00:00+00:00,202203,0.0,1022.3,6.0,19.0,209,3.7,72,17.5,,24200,,9.3,dry,9,,0.006,partly-cloudy-day,2026-06-28T22:03:02+00:00
2026-06-30T05:00:00+00:00,202203,0.0,1022.3,13.0,19.2,140,3.7,74,17.3,,22100,,9.3,dry,8,,0.05,partly-cloudy-day,2026-06-28T22:03:02+00:00
2026-06-30T06:00:00+00:00,202203,0.0,1021.9,19.0,20.2,46,3.7,73,17.4,,26300,,9.3,dry,12,18.0,0.119,partly-cloudy-day,2026-06-28T22:03:02+00:00
2026-06-30T07:00:00+00:00,202203,0.0,1021.8,23.0,21.4,37,5.5,75,17.5,,34000,,11.1,dry,11,,0.228,partly-cloudy-day,2026-06-28T22:03:02+00:00
2026-06-30T08:00:00+00:00,202203,0.0,1021.3,26.0,22.7,45,5.5,73,17.3,,38500,,13.0,dry,8,,0.336,partly-cloudy-day,2026-06-28T22:03:02+00:00
2026-06-30T09:00:00+00:00,202203,0.0,1020.8,28.0,23.8,49,5.5,71,17.3,,40600,,14.8,dry,4,,0.461,partly-cloudy-day,2026-06-28T22:03:02+00:00
2026-06-30T10:00:00+00:00,202203,0.0,1020.3,32.0,25.0,51,7.4,73,17.3,,41000,,14.8,dry,4,,0.553,partly-cloudy-day,2026-06-28T22:03:02+00:00
2026-06-30T11:00:00+00:00,202203,0.0,1019.8,34.0,25.9,48,7.4,72,17.3,,42100,,16.7,dry,1,,0.639,partly-cloudy-day,2026-06-28T22:03:02+00:00
2026-06-30T12:00:00+00:00,202203,0.0,1019.1,36.0,26.6,47,7.4,71,17.3,,44700,,18.5,dry,1,14.0,0.689,partly-cloudy-day,2026-06-28T22:03:02+00:00
2026-06-30T13:00:00+00:00,202203,0.0,1018.3,37.0,27.2,44,9.3,69,17.2,,46600,,20.4,dry,3,,0.667,partly-cloudy-day,2026-06-28T22:03:02+00:00
2026-06-30T14:00:00+00:00,202203,0.0,1017.8,36.0,27.6,43,9.3,69,17.1,,43700,,20.4,dry,4,,0.589,partly-cloudy-day,2026-06-28T22:03:02+00:00
2026-06-30T15:00:00+00:00,202203,0.0,1017.5,33.0,27.3,40,9.3,72,17.3,,43300,,20.4,dry,9,,0.494,partly-cloudy-day,2026-06-28T22:03:02+00:00
2026-06-30T16:00:00+00:00,202203,0.0,1017.2,32.0,27.0,31,9.3,77,17.3,,40000,,22.2,dry,15,,0.372,partly-cloudy-day,2026-06-28T22:03:02+00:00
2026-06-30T17:00:00+00:00,202203,0.0,1017.3,31.0,26.1,34,9.3,71,17.5,,30700,,24.1,dry,17,,0.242,partly-cloudy-day,2026-06-28T22:03:02+00:00
2026-06-30T18:00:00+00:00,202203,0.0,1017.6,27.0,24.9,46,9.3,69,17.8,,31400,,22.2,dry,22,23.0,0.128,partly-cloudy-day,2026-06-28T22:03:02+00:00
2026-06-30T19:00:00+00:00,202203,0.0,1018.1,19.0,23.8,59,9.3,70,18.1,,29600,,20.4,dry,26,,0.039,partly-cloudy-day,2026-06-28T22:03:02+00:00
2026-06-30T20:00:00+00:00,202203,0.3,1018.5,9.0,22.8,114,7.4,69,18.2,,25300,,14.8,rain,25,,0.003,partly-cloudy-night,2026-06-28T22:03:02+00:00
2026-06-30T21:00:00+00:00,202203,0.5,1018.8,0.0,21.7,165,7.4,67,18.3,,27300,,14.8,rain,27,,0.0,partly-cloudy-night,2026-06-28T22:03:02+00:00
2026-06-30T22:00:00+00:00,202203,0.8,1018.7,0.0,21.2,208,7.4,67,18.2,,28900,,14.8,rain,22,,0.0,rain,2026-06-28T22:03:02+00:00
2026-06-30T23:00:00+00:00,202203,0.6,1018.8,0.0,20.4,216,5.5,75,17.9,,29700,,16.7,rain,27,,0.0,rain,2026-06-28T22:03:02+00:00
2026-07-01T00:00:00+00:00,202203,0.3,1018.8,0.0,19.9,229,7.4,76,17.8,,32600,,16.7,rain,28,42.0,0.0,partly-cloudy-night,2026-06-28T22:03:02+00:00
2026-07-01T01:00:00+00:00,202203,0.2,1018.5,0.0,19.3,239,7.4,72,17.6,,32500,,16.7,rain,30,,0.0,partly-cloudy-night,2026-06-28T22:03:02+00:00
2026-07-01T02:00:00+00:00,202203,0.2,1018.5,0.0,18.9,242,7.4,78,17.3,,33300,,16.7,rain,22,,0.0,partly-cloudy-night,2026-06-28T22:03:02+00:00
2026-07-01T03:00:00+00:00,202203,0.4,1018.6,0.0,18.7,248,9.3,89,17.2,,32700,,18.5,rain,24,,0.0,cloudy,2026-06-28T22:03:02+00:00
2026-07-01T04:00:00+00:00,202203,0.4,1018.5,3.0,18.7,250,9.3,94,17.1,,28300,,18.5,rain,27,,0.006,cloudy,2026-06-28T22:03:02+00:00
2026-07-01T05:00:00+00:00,202203,0.4,1018.8,7.0,19.2,253,9.3,96,17.1,,26900,,20.4,rain,38,,0.036,cloudy,2026-06-28T22:03:02+00:00
2026-07-01T06:00:00+00:00,202203,0.5,1019.0,9.0,19.8,255,11.1,98,17.0,,28200,,22.2,rain,44,65.0,0.092,cloudy,2026-06-28T22:03:02+00:00
2026-07-01T07:00:00+00:00,202203,1.0,1018.9,10.0,20.3,269,11.1,99,17.1,,28600,,24.1,rain,52,,0.153,rain,2026-06-28T22:03:02+00:00
2026-07-01T08:00:00+00:00,202203,0.9,1019.1,10.0,20.8,269,13.0,99,17.0,,30800,,25.9,rain,56,,0.214,rain,2026-06-28T22:03:02+00:00
2026-07-01T09:00:00+00:00,202203,0.7,1019.4,11.0,21.2,278,13.0,100,16.9,,30200,,27.8,rain,53,,0.278,rain,2026-06-28T22:03:02+00:00
2026-07-01T10:00:00+00:00,202203,0.6,1019.5,12.0,21.3,277,14.8,100,16.6,,26400,,29.6,rain,55,,0.353,rain,2026-06-28T22:03:02+00:00
2026-07-01T11:00:00+00:00,202203,0.5,1019.1,13.0,21.3,275,14.8,99,16.3,,31200,,29.6,rain,55,,0.408,cloudy,2026-06-28T22:03:02+00:00
2026-07-01T12:00:00+00:00,202203,0.5,1018.9,21.0,22.1,283,14.8,94,15.6,,36100,,29.6,rain,41,74.0,0.494,cloudy,2026-06-28T22:03:02+00:00
2026-07-01T13:00:00+00:00,202203,0.4,1018.8,23.0,22.1,287,13.0,95,15.4,,40300,,29.6,rain,41,,0.469,cloudy,2026-06-28T22:03:02+00:00
2026-07-01T14:00:00+00:00,202203,0.3,1018.7,23.0,22.3,286,13.0,92,15.1,,42000,,29.6,rain,40,,0.417,cloudy,2026-06-28T22:03:02+00:00
2026-07-01T15:00:00+00:00,202203,0.4,1018.6,30.0,22.3,282,13.0,89,14.4,,49000,,25.9,rain,28,,0.386,cloudy,2026-06-28T22:03:02+00:00
2026-07-01T16:00:00+00:00,202203,1.3,1018.5,31.0,22.1,280,11.1,85,14.3,,52700,,24.1,rain,24,,0.311,rain,2026-06-28T22:03:02+00:00
2026-07-01T17:00:00+00:00,202203,0.0,1018.4,30.0,21.8,272,11.1,83,14.3,,56700,,22.2,dry,18,,0.228,cloudy,2026-06-28T22:03:02+00:00
2026-07-01T18:00:00+00:00,202203,0.0,1018.9,25.0,21.2,262,9.3,82,14.2,,54000,,22.2,dry,13,62.0,0.131,cloudy,2026-06-28T22:03:02+00:00
2026-07-01T19:00:00+00:00,202203,0.0,1019.5,18.0,20.1,259,7.4,74,14.3,,49300,,18.5,dry,12,,0.047,partly-cloudy-day,2026-06-28T22:03:02+00:00
2026-07-01T20:00:00+00:00,202203,0.0,1020.2,10.0,19.0,250,7.4,67,14.3,,48000,,14.8,dry,16,,0.003,partly-cloudy-night,2026-06-28T22:03:02+00:00
2026-07-01T21:00:00+00:00,202203,0.0,1021.1,0.0,18.3,246,7.4,61,14.2,,46200,,13.0,dry,12,,0.0,partly-cloudy-night,2026-06-28T22:03:02+00:00
2026-07-01T22:00:00+00:00,202203,0.0,1021.4,0.0,17.7,244,7.4,60,14.2,,42800,,13.0,dry,6,,0.0,partly-cloudy-night,2026-06-28T22:03:02+00:00
2026-07-01T23:00:00+00:00,202203,0.0,1021.4,0.0,17.1,237,7.4,58,14.0,,43600,,13.0,dry,8,,0.0,partly-cloudy-night,2026-06-28T22:03:02+00:00
2026-07-02T00:00:00+00:00,202203,0.0,1021.7,0.0,16.6,243,7.4,64,13.6,,45400,,13.0,dry,6,23.0,0.0,partly-cloudy-night,2026-06-28T22:03:02+00:00
2026-07-02T01:00:00+00:00,202203,0.0,1021.8,0.0,16.0,238,7.4,60,13.5,,45100,,13.0,dry,7,,0.0,partly-cloudy-night,2026-06-28T22:03:02+00:00
2026-07-02T02:00:00+00:00,202203,0.0,1022.2,0.0,15.7,244,5.5,56,13.2,,44100,,13.0,dry,5,,0.0,partly-cloudy-night,2026-06-28T22:03:02+00:00
2026-07-02T03:00:00+00:00,202203,0.0,1022.4,0.0,15.3,250,5.5,48,12.8,,44300,,13.0,dry,2,,0.0,partly-cloudy-night,2026-06-28T22:03:02+00:00
2026-07-02T04:00:00+00:00,202203,0.0,1022.7,13.0,15.5,251,5.5,48,12.8,,39200,,13.0,dry,1,,0.008,partly-cloudy-day,2026-06-28T22:03:02+00:00
2026-07-02T05:00:00+00:00,202203,0.0,1022.7,27.0,16.2,263,7.4,45,12.6,,37300,,13.0,dry,0,,0.069,partly-cloudy-day,2026-06-28T22:03:02+00:00
2026-07-02T06:00:00+00:00,202203,0.0,1023.0,36.0,17.4,264,7.4,45,12.3,,42500,,14.8,dry,1,5.0,0.194,partly-cloudy-day,2026-06-28T22:03:02+00:00
2026-07-02T07:00:00+00:00,202203,0.0,1023.1,46.0,18.7,289,9.3,44,12.1,,42200,,16.7,dry,1,,0.344,partly-cloudy-day,2026-06-28T22:03:02+00:00
2026-07-02T08:00:00+00:00,202203,0.0,1022.9,49.0,20.0,302,9.3,45,11.9,,42600,,18.5,dry,1,,0.494,partly-cloudy-day,2026-06-28T22:03:02+00:00
2026-07-02T09:00:00+00:00,202203,0.0,1022.8,49.0,21.2,310,9.3,47,11.5,,42200,,20.4,dry,3,,0.611,partly-cloudy-day,2026-06-28T22:03:02+00:00
2026-07-02T10:00:00+00:00,202203,0.0,1022.3,47.0,22.3,315,11.1,49,11.1,,47000,,24.1,dry,4,,0.714,partly-cloudy-day,2026-06-28T22:03:02+00:00
2026-07-02T11:00:00+00:00,202203,0.0,1021.8,43.0,23.3,317,11.1,51,10.8,,52800,,25.9,dry,3,,0.764,partly-cloudy-day,2026-06-28T22:03:02+00:00
2026-07-02T12:00:00+00:00,202203,0.0,1021.7,42.0,23.9,314,13.0,48,10.6,,53400,,27.8,dry,3,7.0,0.744,partly-cloudy-day,2026-06-28T22:03:02+00:00
2026-07-02T13:00:00+00:00,202203,0.0,1021.3,42.0,24.3,317,13.0,47,9.9,,54300,,27.8,dry,2,,0.711,partly-cloudy-day,2026-06-28T22:03:02+00:00
2026-07-02T14:00:00+00:00,202203,0.0,1021.0,43.0,24.4,325,13.0,45,9.7,,56500,,27.8,dry,2,,0.656,partly-cloudy-day,2026-06-28T22:03:02+00:00
2026-07-02T15:00:00+00:00,202203,0.0,1020.6,43.0,24.5,327,13.0,44,9.6,,55500,,27.8,dry,4,,0.569,partly-cloudy-day,2026-06-28T22:03:02+00:00
2026-07-02T16:00:00+00:00,202203,0.0,1020.4,44.0,24.2,321,11.1,41,9.6,,57000,,25.9,dry,1,,0.464,partly-cloudy-day,2026-06-28T22:03:02+00:00
2026-07-02T17:00:00+00:00,202203,0.0,1020.3,45.0,23.6,324,11.1,38,9.7,,62200,,24.1,dry,1,,0.325,partly-cloudy-day,2026-06-28T22:03:02+00:00
2026-07-02T18:00:00+00:00,202203,0.0,1020.3,40.0,22.9,329,9.3,40,10.2,,61700,,20.4,dry,1,2.0,0.183,partly-cloudy-day,2026-06-28T22:03:02+00:00
2026-07-02T19:00:00+00:00,202203,0.0,1020.5,29.0,21.8,319,7.4,41,10.6,,63500,,18.5,dry,1,,0.061,partly-cloudy-day,2026-06-28T22:03:02+00:00
2026-07-02T20:00:00+00:00,202203,0.0,1021.6,13.0,20.6,305,7.4,42,11.2,,63000,,14.8,dry,1,,0.006,partly-cloudy-night,2026-06-28T22:03:02+00:00
2026-07-02T21:00:00+00:00,202203,0.0,1021.8,0.0,19.6,254,7.4,44,11.6,,55700,,13.0,dry,1,,0.0,partly-cloudy-night,2026-06-28T22:03:02+00:00
2026-07-02T22:00:00+00:00,202203,0.0,1022.4,0.0,18.7,241,5.5,48,11.9,,53800,,13.0,dry,1,,0.0,partly-cloudy-night,2026-06-28T22:03:02+00:00
2026-07-02T23:00:00+00:00,202203,0.0,1022.6,0.0,18.3,243,7.4,52,11.9,,54900,,13.0,dry,3,,0.0,partly-cloudy-night,2026-06-28T22:03:02+00:00
2026-07-03T00:00:00+00:00,202203,0.0,1022.8,0.0,17.7,246,7.4,53,11.9,,54200,,13.0,dry,3,3.0,0.0,partly-cloudy-night,2026-06-28T22:03:02+00:00
2026-07-03T01:00:00+00:00,202203,0.0,1023.0,0.0,17.2,246,7.4,54,11.8,,54800,,14.8,dry,4,,0.0,partly-cloudy-night,2026-06-28T22:03:02+00:00
2026-07-03T02:00:00+00:00,202203,0.0,1023.2,0.0,16.8,251,7.4,57,12.1,,53600,,14.8,dry,15,,0.0,partly-cloudy-night,2026-06-28T22:03:02+00:00
2026-07-03T03:00:00+00:00,202203,0.0,1023.3,0.0,16.8,248,7.4,59,12.0,,50900,,14.8,dry,12,,0.0,partly-cloudy-night,2026-06-28T22:03:02+00:00
2026-07-03T04:00:00+00:00,202203,0.0,1023.3,10.0,16.8,256,7.4,58,12.1,,51300,,13.0,dry,5,,0.006,partly-cloudy-day,2026-06-28T22:03:02+00:00
2026-07-03T05:00:00+00:00,202203,0.0,1023.3,21.0,17.4,257,7.4,56,12.2,,52300,,14.8,dry,4,,0.061,partly-cloudy-day,2026-06-28T22:03:02+00:00
2026-07-03T06:00:00+00:00,202203,0.0,1023.6,29.0,18.3,271,7.4,60,12.3,,49300,,16.7,dry,6,9.0,0.164,partly-cloudy-day,2026-06-28T22:03:02+00:00
2026-07-03T07:00:00+00:00,202203,0.0,1023.7,33.0,19.0,280,9.3,59,12.2,,49700,,20.4,dry,6,,0.294,partly-cloudy-day,2026-06-28T22:03:02+00:00
2026-07-03T08:00:00+00:00,202203,0.0,1023.5,33.0,20.1,300,11.1,59,12.1,,50500,,22.2,dry,7,,0.425,partly-cloudy-day,2026-06-28T22:03:02+00:00
2026-07-03T09:00:00+00:00,202203,0.0,1023.3,36.0,20.7,309,11.1,58,12.0,,51400,,24.1,dry,5,,0.542,partly-cloudy-day,2026-06-28T22:03:02+00:00
2026-07-03T10:00:00+00:00,202203,0.0,1023.4,35.0,21.5,312,11.1,58,11.8,,53200,,25.9,dry,4,,0.636,partly-cloudy-day,2026-06-28T22:03:02+00:00
2026-07-03T11:00:00+00:00,202203,0.0,1023.1,35.0,22.4,310,13.0,58,11.6,,52900,,27.8,dry,4,,0.681,partly-cloudy-day,2026-06-28T22:03:02+00:00
2026-07-03T12:00:00+00:00,202203,0.0,1022.9,39.0,22.9,313,13.0,53,11.2,,54300,,29.6,dry,2,12.0,0.697,partly-cloudy-day,2026-06-28T22:03:02+00:00
2026-07-03T13:00:00+00:00,202203,0.0,1022.6,41.0,23.4,309,13.0,51,10.9,,54500,,31.5,dry,3,,0.683,partly-cloudy-day,2026-06-28T22:03:02+00:00
2026-07-03T14:00:00+00:00,202203,0.0,1022.7,42.0,23.8,313,13.0,48,10.8,,56400,,31.5,dry,2,,0.639,partly-cloudy-day,2026-06-28T22:03:02+00:00
2026-07-03T15:00:00+00:00,202203,0.0,1022.5,45.0,24.1,313,14.8,42,10.5,,61600,,31.5,dry,1,,0.55,partly-cloudy-day,2026-06-28T22:03:02+00:00
2026-07-03T16:00:00+00:00,202203,0.0,1022.4,46.0,23.8,315,13.0,38,10.3,,64400,,31.5,dry,1,,0.444,partly-cloudy-day,2026-06-28T22:03:02+00:00
2026-07-03T17:00:00+00:00,202203,0.0,1022.3,48.0,23.2,320,13.0,44,10.2,,64900,,29.6,dry,1,,0.317,partly-cloudy-day,2026-06-28T22:03:02+00:00
2026-07-03T18:00:00+00:00,202203,0.0,1022.7,43.0,22.2,321,11.1,42,10.3,,63200,,25.9,dry,2,3.0,0.178,partly-cloudy-day,2026-06-28T22:03:02+00:00
2026-07-03T19:00:00+00:00,202203,0.0,1023.7,31.0,20.9,320,9.3,43,10.1,,61400,,22.2,dry,2,,0.061,partly-cloudy-day,2026-06-28T22:03:02+00:00
2026-07-03T20:00:00+00:00,202203,0.0,1024.3,13.0,19.5,330,7.4,42,10.5,,57600,,18.5,dry,1,,0.006,partly-cloudy-night,2026-06-28T22:03:02+00:00
2026-07-03T21:00:00+00:00,202203,0.0,1025.0,0.0,18.5,312,7.4,36,10.8,,57200,,14.8,dry,4,,0.0,partly-cloudy-night,2026-06-28T22:03:02+00:00
2026-07-03T22:00:00+00:00,202203,0.0,1025.4,0.0,17.7,302,5.5,38,10.8,,56900,,11.1,dry,4,,0.0,partly-cloudy-night,2026-06-28T22:03:02+00:00
