timestamp,wassertemp,lufttemperatur_c,pressure
2026-08-01 00:00:00+00:00,21.5,19.4,1014.9
2026-08-01 01:00:00+00:00,21.5,19.1,1015.2
2026-08-01 02:00:00+00:00,21.4,19.0,1015.5
2026-08-01 03:00:00+00:00,21.3,19.5,1016.0
2026-08-01 04:00:00+00:00,21.2,19.9,1015.9
2026-08-01 05:00:00+00:00,21.2,20.1,1015.6
2026-08-01 06:00:00+00:00,21.3,20.7,1015.5
2026-08-01 07:00:00+00:00,21.3,21.9,1015.4
2026-08-01 08:00:00+00:00,21.3,23.7,1015.2
2026-08-01 09:00:00+00:00,21.6,24.7,1015.0
2026-08-01 10:00:00+00:00,21.8,25.9,1014.5
2026-08-01 11:00:00+00:00,21.8,27.3,1014.4
2026-08-01 12:00:00+00:00,22.2,28.7,1013.8
2026-08-01 13:00:00+00:00,22.3,28.7,1013.4
2026-08-01 14:00:00+00:00,22.6,27.8,1013.2
2026-08-01 15:00:00+00:00,22.4,26.9,1013.6
2026-08-01 16:00:00+00:00,22.4,21.1,1015.4
2026-08-01 17:00:00+00:00,22.4,22.0,1015.2
2026-08-01 18:00:00+00:00,22.2,22.8,1015.3
2026-08-01 19:00:00+00:00,22.0,22.4,1016.2
2026-08-01 20:00:00+00:00,21.8,20.7,1017.2
2026-08-01 21:00:00+00:00,21.6,20.1,1017.4
2026-08-01 22:00:00+00:00,21.4,19.5,1017.5
2026-08-01 23:00:00+00:00,21.2,19.2,1017.5
2026-08-02 00:00:00+00:00,21.1,19.2,1017.2
2026-08-02 01:00:00+00:00,21.1,19.6,1016.9
2026-08-02 02:00:00+00:00,21.0,19.2,1017.0
2026-08-02 03:00:00+00:00,21.0,18.5,1017.2
2026-08-02 04:00:00+00:00,20.9,17.9,1017.2
2026-08-02 05:00:00+00:00,21.0,17.9,1017.3
2026-08-02 06:00:00+00:00,20.8,18.3,1017.1
2026-08-02 07:00:00+00:00,20.9,20.0,1016.5
2026-08-02 08:00:00+00:00,21.0,21.6,1016.1
2026-08-02 09:00:00+00:00,21.3,23.1,1015.8
2026-08-02 10:00:00+00:00,21.6,25.2,1015.1
2026-08-02 11:00:00+00:00,21.9,26.1,1014.7
2026-08-02 12:00:00+00:00,22.2,27.3,1014.0
2026-08-02 13:00:00+00:00,22.4,28.9,1013.2
2026-08-02 14:00:00+00:00,22.7,28.9,1012.6
2026-08-02 15:00:00+00:00,22.8,29.4,1012.2
2026-08-02 16:00:00+00:00,22.9,29.2,1012.1
2026-08-02 17:00:00+00:00,22.8,28.7,1012.3
2026-08-02 18:00:00+00:00,22.8,28.4,1011.9
2026-08-02 19:00:00+00:00,22.6,26.4,1012.4
2026-08-02 20:00:00+00:00,22.3,24.4,1013.5
2026-08-02 21:00:00+00:00,22.1,23.0,1013.9
2026-08-02 22:00:00+00:00,21.8,22.3,1013.7
2026-08-02 23:00:00+00:00,21.7,21.4,1013.6
2026-08-03 00:00:00+00:00,21.5,20.2,1013.4
2026-08-03 01:00:00+00:00,21.5,19.3,1013.5
2026-08-03 02:00:00+00:00,21.4,18.4,1013.7
2026-08-03 03:00:00+00:00,21.3,19.1,1013.5
2026-08-03 04:00:00+00:00,21.2,18.4,1013.9
2026-08-03 05:00:00+00:00,21.1,19.8,1013.6
2026-08-03 06:00:00+00:00,21.2,20.6,1013.5
2026-08-03 07:00:00+00:00,21.2,24.2,1013.0
2026-08-03 08:00:00+00:00,21.4,25.6,1013.0
2026-08-03 09:00:00+00:00,21.7,27.9,1012.5
2026-08-03 10:00:00+00:00,22.1,31.5,1011.7
2026-08-03 11:00:00+00:00,22.4,33.3,1011.3
2026-08-03 12:00:00+00:00,22.8,34.2,1010.8
2026-08-03 13:00:00+00:00,23.1,34.7,1010.3
2026-08-03 14:00:00+00:00,23.2,35.5,1009.8
2026-08-03 15:00:00+00:00,23.4,34.5,1009.5
2026-08-03 16:00:00+00:00,23.4,33.5,1009.6
2026-08-03 17:00:00+00:00,23.5,33.2,1009.2
2026-08-03 18:00:00+00:00,23.2,32.2,1010.1
2026-08-03 19:00:00+00:00,23.1,23.5,1012.4
2026-08-03 20:00:00+00:00,22.7,23.3,1012.6
2026-08-03 21:00:00+00:00,22.5,23.4,1012.3
2026-08-03 22:00:00+00:00,22.2,21.6,1012.6
2026-08-03 23:00:00+00:00,22.0,24.2,1011.8
2026-08-04 00:00:00+00:00,21.9,21.0,1012.4
2026-08-04 01:00:00+00:00,21.8,20.0,1012.6
2026-08-04 02:00:00+00:00,21.7,20.7,1012.9
2026-08-04 03:00:00+00:00,21.6,19.5,1013.1
2026-08-04 04:00:00+00:00,21.6,19.5,1013.1
2026-08-04 05:00:00+00:00,21.5,21.1,1013.1
2026-08-04 06:00:00+00:00,21.5,24.2,1012.7
2026-08-04 07:00:00+00:00,21.5,27.8,1012.2
2026-08-04 08:00:00+00:00,21.7,30.0,1011.8
2026-08-04 09:00:00+00:00,22.0,31.7,1011.8
2026-08-04 10:00:00+00:00,22.3,32.8,1011.7
2026-08-04 11:00:00+00:00,22.8,33.7,1011.3
2026-08-04 12:00:00+00:00,23.2,34.1,1011.0
2026-08-04 13:00:00+00:00,23.5,35.4,1010.3
2026-08-04 14:00:00+00:00,23.7,36.0,1009.8
2026-08-04 15:00:00+00:00,23.8,35.1,1009.5
2026-08-04 16:00:00+00:00,23.7,34.8,1009.0
2026-08-04 17:00:00+00:00,23.8,34.4,1008.7
2026-08-04 18:00:00+00:00,23.7,32.5,1009.7
2026-08-04 19:00:00+00:00,23.3,29.8,1010.3
2026-08-04 20:00:00+00:00,23.1,29.9,1011.3
2026-08-04 21:00:00+00:00,22.8,27.6,1012.6
2026-08-04 22:00:00+00:00,22.6,23.6,1013.5
2026-08-04 23:00:00+00:00,22.3,23.9,1013.7
2026-08-05 00:00:00+00:00,22.1,23.4,1014.2
2026-08-05 01:00:00+00:00,22.0,22.7,1015.2
2026-08-05 02:00:00+00:00,21.9,22.6,1015.0
2026-08-05 03:00:00+00:00,21.8,22.5,1015.0
2026-08-05 04:00:00+00:00,21.8,21.9,1015.2
2026-08-05 05:00:00+00:00,21.8,21.9,1015.6
2026-08-05 06:00:00+00:00,21.8,23.3,1015.8
2026-08-05 07:00:00+00:00,21.8,25.6,1015.4
2026-08-05 08:00:00+00:00,21.9,27.6,1015.2
2026-08-05 09:00:00+00:00,22.2,28.6,1015.1
2026-08-05 10:00:00+00:00,22.5,28.9,1015.0
2026-08-05 11:00:00+00:00,23.0,31.4,1014.3
2026-08-05 12:00:00+00:00,23.4,32.6,1013.7
2026-08-05 13:00:00+00:00,23.7,31.8,1013.6
2026-08-05 14:00:00+00:00,24.0,32.3,1012.9
2026-08-05 15:00:00+00:00,24.1,33.0,1012.4
2026-08-05 16:00:00+00:00,24.1,32.3,1012.6
2026-08-05 17:00:00+00:00,24.1,31.7,1012.8
2026-08-05 18:00:00+00:00,23.9,30.9,1013.2
2026-08-05 19:00:00+00:00,23.7,28.6,1014.0
2026-08-05 20:00:00+00:00,23.3,28.0,1015.5
2026-08-05 21:00:00+00:00,22.9,21.7,1018.0
2026-08-05 22:00:00+00:00,22.5,19.8,1018.7
2026-08-05 23:00:00+00:00,22.4,20.6,1018.0
2026-08-06 00:00:00+00:00,22.2,20.3,1018.6
2026-08-06 01:00:00+00:00,22.2,20.3,1018.3
2026-08-06 02:00:00+00:00,22.1,20.7,1017.9
2026-08-06 03:00:00+00:00,22.1,20.7,1018.0
2026-08-06 04:00:00+00:00,22.1,20.1,1018.2
2026-08-06 05:00:00+00:00,22.0,20.7,1018.1
2026-08-06 06:00:00+00:00,21.9,21.7,1017.9
2026-08-06 07:00:00+00:00,22.0,22.7,1018.1
2026-08-06 08:00:00+00:00,22.0,23.0,1018.3
2026-08-06 09:00:00+00:00,22.1,22.5,1018.8
2026-08-06 10:00:00+00:00,22.1,20.6,1019.6
2026-08-06 11:00:00+00:00,22.1,20.5,1019.7
2026-08-06 12:00:00+00:00,22.2,21.5,1018.8
2026-08-06 13:00:00+00:00,22.3,22.0,1018.5
2026-08-06 14:00:00+00:00,22.2,21.9,1018.3
2026-08-06 15:00:00+00:00,22.1,23.1,1017.8
2026-08-06 16:00:00+00:00,22.2,23.8,1017.6
2026-08-06 17:00:00+00:00,22.0,23.8,1017.5
2026-08-06 18:00:00+00:00,21.9,23.5,1018.0
2026-08-06 19:00:00+00:00,21.8,22.8,1018.4
2026-08-06 20:00:00+00:00,21.7,22.5,1019.2
2026-08-06 21:00:00+00:00,21.6,22.2,1019.2
2026-08-06 22:00:00+00:00,21.5,21.5,1019.4
2026-08-06 23:00:00+00:00,21.4,20.3,1019.5
2026-08-07 00:00:00+00:00,21.3,19.9,1019.8
2026-08-07 01:00:00+00:00,21.2,19.3,1020.1
2026-08-07 02:00:00+00:00,21.1,18.0,1020.3
2026-08-07 03:00:00+00:00,21.1,17.0,1020.3
2026-08-07 04:00:00+00:00,21.1,17.1,1020.5
2026-08-07 05:00:00+00:00,21.1,17.5,1020.8
2026-08-07 06:00:00+00:00,21.1,17.8,1021.1
2026-08-07 07:00:00+00:00,21.1,18.4,1020.9
2026-08-07 08:00:00+00:00,21.1,19.5,1020.6
2026-08-07 09:00:00+00:00,21.3,22.7,1019.9
2026-08-07 10:00:00+00:00,21.6,22.7,1019.7
2026-08-07 11:00:00+00:00,21.7,23.7,1019.2
2026-08-07 12:00:00+00:00,21.9,24.2,1019.0
2026-08-07 13:00:00+00:00,22.0,25.7,1017.7
2026-08-07 14:00:00+00:00,22.3,26.6,1016.9
2026-08-07 15:00:00+00:00,22.4,26.9,1016.5
2026-08-07 16:00:00+00:00,22.5,26.2,1017.0
2026-08-07 17:00:00+00:00,22.3,25.6,1016.9
2026-08-07 18:00:00+00:00,22.1,24.8,1017.3
2026-08-07 19:00:00+00:00,21.9,24.2,1017.5
2026-08-07 20:00:00+00:00,21.6,23.0,1018.3
2026-08-07 21:00:00+00:00,21.4,23.5,1018.6
2026-08-07 22:00:00+00:00,21.2,22.6,1018.9
2026-08-07 23:00:00+00:00,21.1,21.9,1019.1
2026-08-08 00:00:00+00:00,20.9,19.8,1019.4
2026-08-08 01:00:00+00:00,20.9,17.4,1019.9
2026-08-08 02:00:00+00:00,20.7,16.9,1020.0
2026-08-08 03:00:00+00:00,20.8,15.9,1020.1
2026-08-08 04:00:00+00:00,20.6,15.5,1020.3
2026-08-08 05:00:00+00:00,20.5,16.2,1020.5
2026-08-08 06:00:00+00:00,20.4,17.6,1020.3
2026-08-08 07:00:00+00:00,20.4,19.7,1019.7
2026-08-08 08:00:00+00:00,20.5,21.9,1019.3
2026-08-08 09:00:00+00:00,20.8,24.0,1018.8
2026-08-08 10:00:00+00:00,21.2,26.0,1018.2
2026-08-08 11:00:00+00:00,21.6,27.3,1017.5
2026-08-08 12:00:00+00:00,21.9,27.7,1016.7
2026-08-08 13:00:00+00:00,22.0,29.1,1016.3
2026-08-08 14:00:00+00:00,22.4,29.4,1015.9
2026-08-08 15:00:00+00:00,22.5,28.9,1015.7
2026-08-08 16:00:00+00:00,22.5,28.9,1015.5
2026-08-08 17:00:00+00:00,22.5,28.3,1015.5
2026-08-08 18:00:00+00:00,22.2,27.2,1016.0
2026-08-08 19:00:00+00:00,21.9,25.6,1016.4
2026-08-08 20:00:00+00:00,21.6,23.0,1017.2
2026-08-08 21:00:00+00:00,21.4,21.2,1017.5
2026-08-08 22:00:00+00:00,21.2,20.1,1018.0
2026-08-08 23:00:00+00:00,21.0,19.1,1018.0
2026-08-09 00:00:00+00:00,20.7,18.5,1017.6
2026-08-09 01:00:00+00:00,20.7,17.7,1018.0
2026-08-09 02:00:00+00:00,20.6,17.0,1017.7
2026-08-09 03:00:00+00:00,20.5,16.2,1017.8
2026-08-09 04:00:00+00:00,20.4,15.7,1017.6
2026-08-09 05:00:00+00:00,20.4,16.2,1017.7
2026-08-09 06:00:00+00:00,20.3,20.0,1017.0
2026-08-09 07:00:00+00:00,20.3,23.5,1016.4
2026-08-09 08:00:00+00:00,20.6,26.2,1015.6
2026-08-09 09:00:00+00:00,21.0,28.1,1015.3
2026-08-09 10:00:00+00:00,21.5,29.8,1014.7
2026-08-09 11:00:00+00:00,22.0,31.2,1014.0
2026-08-09 12:00:00+00:00,22.6,32.9,1012.9
2026-08-09 13:00:00+00:00,22.8,33.1,1012.6
2026-08-09 14:00:00+00:00,22.9,33.3,1012.2
2026-08-09 15:00:00+00:00,23.1,33.9,1011.8
2026-08-09 16:00:00+00:00,23.2,33.5,1011.2
2026-08-09 17:00:00+00:00,23.4,32.7,1011.2
2026-08-09 18:00:00+00:00,23.4,30.0,1012.0
2026-08-09 19:00:00+00:00,23.0,29.5,1012.3
2026-08-09 20:00:00+00:00,22.7,28.1,1013.2
2026-08-09 21:00:00+00:00,22.4,26.4,1014.6
2026-08-09 22:00:00+00:00,22.0,25.8,1014.7
2026-08-09 23:00:00+00:00,21.8,24.4,1015.0
2026-08-10 00:00:00+00:00,21.6,24.1,1014.7
2026-08-10 01:00:00+00:00,21.3,23.2,1014.7
2026-08-10 02:00:00+00:00,21.2,20.9,1015.0
2026-08-10 03:00:00+00:00,21.0,20.3,1015.1
2026-08-10 04:00:00+00:00,21.1,20.4,1015.8
2026-08-10 05:00:00+00:00,21.1,21.7,1015.7
2026-08-10 06:00:00+00:00,21.2,22.4,1016.1
2026-08-10 07:00:00+00:00,21.2,24.9,1016.1
2026-08-10 08:00:00+00:00,21.5,27.1,1015.7
2026-08-10 09:00:00+00:00,21.8,29.0,1015.3
2026-08-10 10:00:00+00:00,22.0,30.5,1014.8
2026-08-10 11:00:00+00:00,22.4,31.8,1014.1
2026-08-10 12:00:00+00:00,22.7,32.2,1013.8
2026-08-10 13:00:00+00:00,22.9,32.6,1013.0
2026-08-10 14:00:00+00:00,23.4,32.3,1012.6
2026-08-10 15:00:00+00:00,23.4,33.9,1012.1
2026-08-10 16:00:00+00:00,23.3,29.1,1013.6
2026-08-10 17:00:00+00:00,23.4,28.3,1013.9
2026-08-10 18:00:00+00:00,23.1,27.8,1014.2
2026-08-10 19:00:00+00:00,22.8,27.4,1014.5
2026-08-10 20:00:00+00:00,22.6,26.9,1015.1
2026-08-10 21:00:00+00:00,22.4,26.0,1015.7
2026-08-10 22:00:00+00:00,22.2,25.7,1016.2
2026-08-10 23:00:00+00:00,22.0,25.7,1016.3
2026-08-11 00:00:00+00:00,21.8,25.3,1016.6
2026-08-11 01:00:00+00:00,21.7,23.7,1017.5
2026-08-11 02:00:00+00:00,21.5,22.5,1018.2
2026-08-11 03:00:00+00:00,21.5,21.7,1018.7
2026-08-11 04:00:00+00:00,21.4,20.2,1019.4
2026-08-11 05:00:00+00:00,21.3,19.7,1019.9
2026-08-11 06:00:00+00:00,21.3,20.1,1020.3
2026-08-11 07:00:00+00:00,21.3,20.8,1020.7
2026-08-11 08:00:00+00:00,21.4,23.3,1020.4
2026-08-11 09:00:00+00:00,21.7,26.1,1020.0
2026-08-11 10:00:00+00:00,22.1,26.8,1019.6
2026-08-11 11:00:00+00:00,22.4,27.9,1019.2
2026-08-11 12:00:00+00:00,22.8,29.7,1018.6
2026-08-11 13:00:00+00:00,23.2,30.3,1018.2
2026-08-11 14:00:00+00:00,23.3,30.1,1017.7
2026-08-11 15:00:00+00:00,23.6,29.7,1017.8
2026-08-11 16:00:00+00:00,23.6,29.6,1017.6
2026-08-11 17:00:00+00:00,23.5,28.7,1017.9
2026-08-11 18:00:00+00:00,23.4,27.7,1018.6
2026-08-11 19:00:00+00:00,23.1,26.4,1019.5
2026-08-11 20:00:00+00:00,22.8,25.2,1020.3
2026-08-11 21:00:00+00:00,22.4,24.0,1020.7
2026-08-11 22:00:00+00:00,22.1,23.1,1021.4
2026-08-11 23:00:00+00:00,21.9,21.9,1022.2
2026-08-12 00:00:00+00:00,21.7,20.7,1022.5
2026-08-12 01:00:00+00:00,21.5,19.4,1022.4
2026-08-12 02:00:00+00:00,21.3,18.8,1022.7
2026-08-12 03:00:00+00:00,21.0,18.0,1023.1
2026-08-12 04:00:00+00:00,21.0,17.4,1023.6
2026-08-12 05:00:00+00:00,20.9,17.3,1024.09
2026-08-12 06:00:00+00:00,21.0,18.1,1024.2
2026-08-12 07:00:00+00:00,21.1,20.4,1023.9
2026-08-12 08:00:00+00:00,21.2,21.4,1023.7
2026-08-12 09:00:00+00:00,21.6,23.6,1023.1
2026-08-12 10:00:00+00:00,21.8,25.4,1022.7
2026-08-12 11:00:00+00:00,22.2,27.4,1022.2
2026-08-12 12:00:00+00:00,22.6,27.9,1021.8
2026-08-12 13:00:00+00:00,22.8,29.8,1021.1
2026-08-12 14:00:00+00:00,23.2,30.3,1020.7
2026-08-12 15:00:00+00:00,23.3,30.4,1020.5
2026-08-12 16:00:00+00:00,23.2,29.5,1020.4
2026-08-12 17:00:00+00:00,23.0,28.8,1020.8
2026-08-12 18:00:00+00:00,23.0,27.5,1021.4
2026-08-12 19:00:00+00:00,22.7,25.8,1022.1
2026-08-12 20:00:00+00:00,22.3,23.6,1022.9
2026-08-12 21:00:00+00:00,22.0,21.9,1023.4
2026-08-12 22:00:00+00:00,21.7,21.3,1023.6
2026-08-12 23:00:00+00:00,21.5,21.3,1023.6
2026-08-13 00:00:00+00:00,21.2,18.4,1024.09
2026-08-13 01:00:00+00:00,21.0,17.0,1024.3
2026-08-13 02:00:00+00:00,20.7,16.3,1024.2
2026-08-13 03:00:00+00:00,20.6,15.2,1024.59
2026-08-13 04:00:00+00:00,20.4,14.6,1025.0
2026-08-13 05:00:00+00:00,20.6,14.9,1024.9
2026-08-13 06:00:00+00:00,20.4,17.8,1024.7
2026-08-13 07:00:00+00:00,20.5,19.6,1024.4
2026-08-13 08:00:00+00:00,20.7,21.8,1023.9
2026-08-13 09:00:00+00:00,21.0,23.8,1023.5
2026-08-13 10:00:00+00:00,21.1,26.1,1022.7
2026-08-13 11:00:00+00:00,21.7,27.7,1022.2
2026-08-13 12:00:00+00:00,22.1,29.7,1021.6
2026-08-13 13:00:00+00:00,22.4,30.3,1021.0
2026-08-13 14:00:00+00:00,22.5,30.3,1020.7
2026-08-13 15:00:00+00:00,22.6,30.9,1020.2
2026-08-13 16:00:00+00:00,22.8,30.2,1020.0
2026-08-13 17:00:00+00:00,22.5,29.1,1019.8
2026-08-13 18:00:00+00:00,22.5,27.7,1020.1
2026-08-13 19:00:00+00:00,22.2,25.8,1020.8
2026-08-13 20:00:00+00:00,21.9,22.9,1021.6
2026-08-13 21:00:00+00:00,21.6,20.8,1021.8
2026-08-13 22:00:00+00:00,21.3,19.6,1021.7
2026-08-13 23:00:00+00:00,21.0,18.1,1021.7
2026-08-14 00:00:00+00:00,20.7,17.4,1021.8
2026-08-14 01:00:00+00:00,20.5,16.7,1021.4
2026-08-14 02:00:00+00:00,20.2,15.6,1021.5
2026-08-14 03:00:00+00:00,20.1,14.8,1021.6
2026-08-14 04:00:00+00:00,20.0,14.1,1021.5
2026-08-14 05:00:00+00:00,20.2,14.4,1021.5
2026-08-14 06:00:00+00:00,20.1,18.1,1020.9
2026-08-14 07:00:00+00:00,20.0,21.2,1020.0
2026-08-14 08:00:00+00:00,20.3,23.9,1019.4
2026-08-14 09:00:00+00:00,20.6,24.8,1019.0
2026-08-14 10:00:00+00:00,21.0,26.9,1018.2
2026-08-14 11:00:00+00:00,21.5,29.0,1017.3
2026-08-14 12:00:00+00:00,21.9,30.7,1016.3
2026-08-14 13:00:00+00:00,22.2,31.9,1015.4
2026-08-14 14:00:00+00:00,22.3,32.4,1014.8
2026-08-14 15:00:00+00:00,22.8,32.6,1014.2
2026-08-14 16:00:00+00:00,22.6,31.9,1013.8
2026-08-14 17:00:00+00:00,22.7,31.1,1013.6
2026-08-14 18:00:00+00:00,22.7,29.6,1013.7
2026-08-14 19:00:00+00:00,22.3,25.4,1014.6
2026-08-14 20:00:00+00:00,22.0,23.2,1015.3
2026-08-14 21:00:00+00:00,21.7,21.7,1015.6
2026-08-14 22:00:00+00:00,21.3,20.0,1016.0
2026-08-14 23:00:00+00:00,21.1,18.9,1016.2
2026-08-15 00:00:00+00:00,20.8,17.9,1016.2
2026-08-15 01:00:00+00:00,20.5,17.4,1016.0
2026-08-15 02:00:00+00:00,20.3,16.7,1016.1
2026-08-15 03:00:00+00:00,20.3,15.9,1016.2
2026-08-15 04:00:00+00:00,20.3,15.7,1016.2
2026-08-15 05:00:00+00:00,20.2,15.9,1016.3
2026-08-15 06:00:00+00:00,20.3,19.5,1015.5
2026-08-15 07:00:00+00:00,20.4,23.8,1014.5
2026-08-15 08:00:00+00:00,20.6,26.4,1013.9
2026-08-15 09:00:00+00:00,21.0,28.6,1013.3
2026-08-15 10:00:00+00:00,21.4,31.1,1012.5
2026-08-15 11:00:00+00:00,21.8,32.0,1012.2
2026-08-15 12:00:00+00:00,22.2,33.2,1011.7
2026-08-15 13:00:00+00:00,22.5,34.5,1011.2
2026-08-15 14:00:00+00:00,22.8,34.0,1010.9
2026-08-15 15:00:00+00:00,23.1,34.6,1010.2
2026-08-15 16:00:00+00:00,23.0,33.5,1010.1
2026-08-15 17:00:00+00:00,22.9,32.7,1009.9
2026-08-15 18:00:00+00:00,22.8,30.7,1010.3
2026-08-15 19:00:00+00:00,22.5,26.6,1011.5
2026-08-15 20:00:00+00:00,22.2,24.6,1012.3
2026-08-15 21:00:00+00:00,21.9,26.2,1012.7
2026-08-15 22:00:00+00:00,21.5,24.7,1013.2
2026-08-15 23:00:00+00:00,21.3,24.3,1013.0
2026-08-16 00:00:00+00:00,21.1,23.6,1013.0
2026-08-16 01:00:00+00:00,20.9,22.3,1012.8
2026-08-16 02:00:00+00:00,20.7,23.2,1012.6
2026-08-16 03:00:00+00:00,20.6,23.0,1012.6
2026-08-16 04:00:00+00:00,20.6,21.5,1013.0
2026-08-16 05:00:00+00:00,20.7,22.2,1013.0
2026-08-16 06:00:00+00:00,20.7,22.4,1013.7
2026-08-16 07:00:00+00:00,20.8,23.2,1013.7
2026-08-16 08:00:00+00:00,21.0,25.2,1013.3
2026-08-16 09:00:00+00:00,21.2,27.7,1013.3
2026-08-16 10:00:00+00:00,21.7,26.9,1013.9
2026-08-16 11:00:00+00:00,22.1,28.8,1013.6
2026-08-16 12:00:00+00:00,22.5,30.3,1012.8
2026-08-16 13:00:00+00:00,22.7,30.6,1012.6
2026-08-16 14:00:00+00:00,22.7,31.1,1012.1
2026-08-16 15:00:00+00:00,23.0,30.4,1011.8
2026-08-16 16:00:00+00:00,22.8,30.5,1011.4
2026-08-16 17:00:00+00:00,22.8,29.9,1011.2
2026-08-16 18:00:00+00:00,22.7,28.8,1011.7
2026-08-16 19:00:00+00:00,22.6,27.5,1011.8
2026-08-16 20:00:00+00:00,22.3,26.8,1012.0
2026-08-16 21:00:00+00:00,22.1,26.1,1012.2
2026-08-16 22:00:00+00:00,21.8,25.6,1012.3
2026-08-16 23:00:00+00:00,21.6,23.8,1012.9
2026-08-17 00:00:00+00:00,21.4,24.1,1012.5
2026-08-17 01:00:00+00:00,21.2,23.4,1012.7
2026-08-17 02:00:00+00:00,21.0,22.8,1012.3
2026-08-17 03:00:00+00:00,21.0,21.7,1012.2
2026-08-17 04:00:00+00:00,20.9,21.3,1012.0
2026-08-17 05:00:00+00:00,20.8,21.3,1012.1
2026-08-17 06:00:00+00:00,20.8,22.3,1011.2
2026-08-17 07:00:00+00:00,20.7,23.0,1011.7
2026-08-17 08:00:00+00:00,20.8,24.0,1011.7
2026-08-17 09:00:00+00:00,21.0,24.3,1011.6
2026-08-17 10:00:00+00:00,21.3,25.3,1011.3
2026-08-17 11:00:00+00:00,21.4,20.8,1012.3
2026-08-17 12:00:00+00:00,21.3,18.9,1014.1
2026-08-17 13:00:00+00:00,21.3,17.9,1014.2
2026-08-17 14:00:00+00:00,21.1,17.7,1014.0
2026-08-17 15:00:00+00:00,21.1,19.1,1013.4
2026-08-17 16:00:00+00:00,21.1,20.6,1012.9
2026-08-17 17:00:00+00:00,21.0,21.0,1013.0
2026-08-17 18:00:00+00:00,21.0,20.4,1013.3
2026-08-17 19:00:00+00:00,20.9,19.5,1013.9
2026-08-17 20:00:00+00:00,20.7,18.9,1014.7
2026-08-17 21:00:00+00:00,20.6,18.2,1015.0
2026-08-17 22:00:00+00:00,20.4,18.0,1015.1
2026-08-17 23:00:00+00:00,20.5,17.6,1015.1
2026-08-18 00:00:00+00:00,20.3,16.9,1015.0
2026-08-18 01:00:00+00:00,20.2,17.2,1014.7
2026-08-18 02:00:00+00:00,20.1,17.4,1014.7
2026-08-18 03:00:00+00:00,20.0,17.4,1014.1
2026-08-18 04:00:00+00:00,19.9,17.1,1013.9
2026-08-18 05:00:00+00:00,19.9,17.4,1013.8
2026-08-18 06:00:00+00:00,19.8,18.3,1013.6
2026-08-18 07:00:00+00:00,19.8,19.2,1013.1
2026-08-18 08:00:00+00:00,19.8,20.0,1012.6
2026-08-18 09:00:00+00:00,19.8,20.4,1012.2
2026-08-18 10:00:00+00:00,19.8,21.1,1011.9
2026-08-18 11:00:00+00:00,19.9,19.3,1012.0
2026-08-18 12:00:00+00:00,19.8,17.1,1013.0
2026-08-18 13:00:00+00:00,19.7,17.1,1012.8
2026-08-18 14:00:00+00:00,19.7,18.1,1012.1
2026-08-18 15:00:00+00:00,19.8,19.1,1011.8
2026-08-18 16:00:00+00:00,19.9,19.2,1011.6
2026-08-18 17:00:00+00:00,19.9,19.4,1011.2
2026-08-18 18:00:00+00:00,20.4,19.2,1011.8
2026-08-18 19:00:00+00:00,20.0,18.4,1012.6
2026-08-18 20:00:00+00:00,19.9,17.3,1012.8
2026-08-18 21:00:00+00:00,19.9,17.3,1013.2
2026-08-18 22:00:00+00:00,19.7,17.6,1013.0
2026-08-18 23:00:00+00:00,19.6,17.4,1013.4
2026-08-19 00:00:00+00:00,19.7,17.6,1013.0
2026-08-19 01:00:00+00:00,19.3,17.4,1012.6
2026-08-19 02:00:00+00:00,19.2,17.6,1012.2
2026-08-19 03:00:00+00:00,19.2,17.7,1011.9
2026-08-19 04:00:00+00:00,19.2,17.8,1011.7
2026-08-19 05:00:00+00:00,19.0,17.6,1011.8
2026-08-19 06:00:00+00:00,18.9,18.2,1011.5
2026-08-19 07:00:00+00:00,18.9,20.6,1010.9
2026-08-19 08:00:00+00:00,18.9,22.6,1010.5
2026-08-19 09:00:00+00:00,18.8,24.1,1009.9
2026-08-19 10:00:00+00:00,18.7,26.1,1009.0
2026-08-19 11:00:00+00:00,19.0,27.5,1008.3
2026-08-19 12:00:00+00:00,19.1,27.4,1007.7
2026-08-19 13:00:00+00:00,19.5,28.3,1006.9
2026-08-19 14:00:00+00:00,19.7,29.4,1005.7
2026-08-19 15:00:00+00:00,19.9,30.3,1004.6
2026-08-19 16:00:00+00:00,19.9,30.2,1004.0
2026-08-19 17:00:00+00:00,19.9,29.7,1003.5
2026-08-19 18:00:00+00:00,20.0,28.5,1003.6
2026-08-19 19:00:00+00:00,19.9,26.7,1003.8
2026-08-19 20:00:00+00:00,19.8,26.0,1003.9
2026-08-19 21:00:00+00:00,19.8,25.1,1004.1
2026-08-19 22:00:00+00:00,19.8,24.6,1004.3
2026-08-19 23:00:00+00:00,19.8,24.2,1005.3
2026-08-20 00:00:00+00:00,19.8,23.6,1005.1
2026-08-20 01:00:00+00:00,19.8,24.2,1005.3
2026-08-20 02:00:00+00:00,19.8,20.7,1007.6
2026-08-20 03:00:00+00:00,19.7,18.9,1008.4
2026-08-20 04:00:00+00:00,19.7,18.0,1008.6
2026-08-20 05:00:00+00:00,19.7,18.0,1009.0
2026-08-20 06:00:00+00:00,19.6,19.2,1009.8
2026-08-20 07:00:00+00:00,19.7,22.7,1009.0
2026-08-20 08:00:00+00:00,19.8,24.0,1009.1
2026-08-20 09:00:00+00:00,19.8,25.1,1008.7
2026-08-20 10:00:00+00:00,19.8,25.0,1009.1
2026-08-20 11:00:00+00:00,19.9,23.8,1009.6
2026-08-20 12:00:00+00:00,19.9,22.0,1009.8
2026-08-20 13:00:00+00:00,19.8,21.6,1009.6
2026-08-20 14:00:00+00:00,19.8,22.1,1009.5
2026-08-20 15:00:00+00:00,19.8,22.9,1008.7
2026-08-20 16:00:00+00:00,19.9,23.3,1008.5
2026-08-20 17:00:00+00:00,19.8,22.9,1009.2
2026-08-20 18:00:00+00:00,19.7,22.7,1008.8
2026-08-20 19:00:00+00:00,19.7,22.4,1009.3
2026-08-20 20:00:00+00:00,19.7,21.1,1010.1
2026-08-20 21:00:00+00:00,19.6,18.7,1010.6
2026-08-20 22:00:00+00:00,19.5,19.2,1010.5
2026-08-20 23:00:00+00:00,19.6,19.1,1010.3
2026-08-21 00:00:00+00:00,19.6,18.1,1010.3
2026-08-21 01:00:00+00:00,19.6,17.7,1010.5
2026-08-21 02:00:00+00:00,19.6,18.2,1010.9
2026-08-21 03:00:00+00:00,19.5,17.9,1010.6
2026-08-21 04:00:00+00:00,19.6,18.4,1010.7
2026-08-21 05:00:00+00:00,19.5,18.4,1010.1
2026-08-21 06:00:00+00:00,19.7,19.4,1009.8
2026-08-21 07:00:00+00:00,19.6,20.4,1008.3
2026-08-21 08:00:00+00:00,19.8,20.8,1008.4
2026-08-21 09:00:00+00:00,19.9,21.1,1008.2
2026-08-21 10:00:00+00:00,19.9,21.5,1007.3
2026-08-21 11:00:00+00:00,20.1,21.9,1006.6
2026-08-21 12:00:00+00:00,20.1,21.5,1006.1
2026-08-21 13:00:00+00:00,20.1,20.4,1005.7
2026-08-21 14:00:00+00:00,20.1,20.1,1005.7
2026-08-21 15:00:00+00:00,20.1,15.1,1008.1
2026-08-21 16:00:00+00:00,19.9,13.5,1011.7
2026-08-21 17:00:00+00:00,19.7,13.9,1011.9
2026-08-21 18:00:00+00:00,19.6,14.1,1012.9
2026-08-21 19:00:00+00:00,19.5,13.7,1013.5
2026-08-21 20:00:00+00:00,19.3,13.4,1014.2
2026-08-21 21:00:00+00:00,19.2,14.0,1014.6
2026-08-21 22:00:00+00:00,19.1,13.6,1014.6
2026-08-21 23:00:00+00:00,19.1,13.5,1014.5
2026-08-22 00:00:00+00:00,19.0,13.6,1014.4
2026-08-22 01:00:00+00:00,18.9,13.8,1014.4
2026-08-22 02:00:00+00:00,18.9,13.5,1014.9
2026-08-22 03:00:00+00:00,18.7,13.3,1015.4
2026-08-22 04:00:00+00:00,18.6,12.9,1015.9
2026-08-22 05:00:00+00:00,18.5,12.7,1016.6
2026-08-22 06:00:00+00:00,18.4,13.4,1017.0
2026-08-22 07:00:00+00:00,18.4,15.8,1016.9
2026-08-22 08:00:00+00:00,18.5,17.4,1017.2
2026-08-22 09:00:00+00:00,18.7,17.1,1017.9
2026-08-22 10:00:00+00:00,18.7,16.8,1018.2
2026-08-22 11:00:00+00:00,18.7,16.7,1018.4
2026-08-22 12:00:00+00:00,18.9,17.5,1018.5
2026-08-22 13:00:00+00:00,19.3,18.8,1018.2
2026-08-22 14:00:00+00:00,19.3,19.0,1018.7
2026-08-22 15:00:00+00:00,19.3,19.8,1018.6
2026-08-22 16:00:00+00:00,19.3,19.2,1019.2
2026-08-22 17:00:00+00:00,19.1,19.0,1019.3
2026-08-22 18:00:00+00:00,18.8,17.8,1019.9
2026-08-22 19:00:00+00:00,18.6,15.5,1020.9
2026-08-22 20:00:00+00:00,18.4,14.8,1021.8
2026-08-22 21:00:00+00:00,18.2,14.4,1022.1
2026-08-22 22:00:00+00:00,18.1,12.9,1022.7
2026-08-22 23:00:00+00:00,17.8,12.8,1022.7
2026-08-23 00:00:00+00:00,17.7,12.1,1022.7
2026-08-23 01:00:00+00:00,17.6,11.9,1022.5
2026-08-23 02:00:00+00:00,17.5,11.7,1022.5
2026-08-23 03:00:00+00:00,17.4,11.0,1022.5
2026-08-23 04:00:00+00:00,17.3,10.7,1022.8
2026-08-23 05:00:00+00:00,17.3,10.7,1023.0
2026-08-23 06:00:00+00:00,17.3,12.5,1022.9
2026-08-23 07:00:00+00:00,17.3,16.1,1022.3
2026-08-23 08:00:00+00:00,17.5,17.7,1022.1
2026-08-23 09:00:00+00:00,17.8,19.1,1021.8
2026-08-23 10:00:00+00:00,18.2,21.1,1021.2
2026-08-23 11:00:00+00:00,18.4,21.5,1020.9
2026-08-23 12:00:00+00:00,18.8,21.4,1020.6
2026-08-23 13:00:00+00:00,19.1,21.2,1020.5
2026-08-23 14:00:00+00:00,19.0,22.3,1019.9
2026-08-23 15:00:00+00:00,19.2,22.4,1019.7
2026-08-23 16:00:00+00:00,19.3,21.9,1020.0
2026-08-23 17:00:00+00:00,19.3,21.1,1020.2
2026-08-23 18:00:00+00:00,19.1,19.9,1020.3
2026-08-23 19:00:00+00:00,18.8,17.4,1021.2
2026-08-23 20:00:00+00:00,18.6,17.3,1021.3
2026-08-23 21:00:00+00:00,18.4,16.3,1021.5
2026-08-23 22:00:00+00:00,18.2,16.1,1021.4
2026-08-23 23:00:00+00:00,18.0,15.6,1021.6
2026-08-24 00:00:00+00:00,17.8,14.6,1021.6
2026-08-24 01:00:00+00:00,17.8,12.9,1021.6
2026-08-24 02:00:00+00:00,17.6,11.9,1021.7
2026-08-24 03:00:00+00:00,17.5,11.3,1021.9
2026-08-24 04:00:00+00:00,17.4,10.9,1022.0
2026-08-24 05:00:00+00:00,17.4,11.4,1021.7
2026-08-24 06:00:00+00:00,17.4,13.7,1021.3
2026-08-24 07:00:00+00:00,17.4,16.4,1020.5
2026-08-24 08:00:00+00:00,17.7,18.6,1019.9
2026-08-24 09:00:00+00:00,18.0,20.1,1019.4
2026-08-24 10:00:00+00:00,18.4,21.4,1018.9
2026-08-24 11:00:00+00:00,18.8,22.8,1017.9
2026-08-24 12:00:00+00:00,19.3,23.3,1017.5
2026-08-24 13:00:00+00:00,19.6,23.9,1016.9
2026-08-24 14:00:00+00:00,19.8,24.4,1016.0
2026-08-24 15:00:00+00:00,20.0,24.2,1015.5
2026-08-24 16:00:00+00:00,19.8,23.1,1014.7
2026-08-24 17:00:00+00:00,19.6,22.5,1014.0
2026-08-24 18:00:00+00:00,19.7,21.2,1013.8
2026-08-24 19:00:00+00:00,19.5,20.4,1013.7
2026-08-24 20:00:00+00:00,19.2,19.2,1014.2
2026-08-24 21:00:00+00:00,19.1,18.8,1012.8
2026-08-24 22:00:00+00:00,18.8,18.3,1012.0
2026-08-24 23:00:00+00:00,18.6,17.8,1011.7
2026-08-25 00:00:00+00:00,18.6,16.2,1011.0
2026-08-25 01:00:00+00:00,18.2,15.3,1010.7
2026-08-25 02:00:00+00:00,18.1,14.7,1010.2
2026-08-25 03:00:00+00:00,18.0,14.4,1009.7
2026-08-25 04:00:00+00:00,17.9,14.1,1009.6
2026-08-25 05:00:00+00:00,17.9,14.3,1009.6
2026-08-25 06:00:00+00:00,18.0,14.8,1010.2
2026-08-25 07:00:00+00:00,18.0,14.6,1011.4
2026-08-25 08:00:00+00:00,18.1,14.7,1011.7
2026-08-25 09:00:00+00:00,18.1,15.6,1012.8
2026-08-25 10:00:00+00:00,18.2,15.1,1013.6
2026-08-25 11:00:00+00:00,18.2,14.8,1014.2
2026-08-25 12:00:00+00:00,18.2,15.1,1014.2
2026-08-25 13:00:00+00:00,18.3,15.5,1014.7
2026-08-25 14:00:00+00:00,18.4,16.0,1014.8
2026-08-25 15:00:00+00:00,18.5,16.9,1014.8
2026-08-25 16:00:00+00:00,18.6,17.2,1014.8
2026-08-25 17:00:00+00:00,18.6,17.0,1014.9
2026-08-25 18:00:00+00:00,18.9,16.8,1015.0
2026-08-25 19:00:00+00:00,18.8,16.6,1015.6
2026-08-25 20:00:00+00:00,18.9,16.2,1015.9
2026-08-25 21:00:00+00:00,18.6,14.6,1016.1
2026-08-25 22:00:00+00:00,18.3,14.4,1016.1
2026-08-25 23:00:00+00:00,18.1,15.0,1016.0
2026-08-26 00:00:00+00:00,18.1,15.6,1015.8
2026-08-26 01:00:00+00:00,18.0,16.1,1015.7
2026-08-26 02:00:00+00:00,17.8,15.7,1016.0
2026-08-26 03:00:00+00:00,17.8,15.5,1016.2
2026-08-26 04:00:00+00:00,17.8,15.7,1016.4
2026-08-26 05:00:00+00:00,17.8,16.0,1016.4
2026-08-26 06:00:00+00:00,17.8,16.9,1016.4
2026-08-26 07:00:00+00:00,17.8,18.6,1016.5
2026-08-26 08:00:00+00:00,17.9,22.0,1016.0
2026-08-26 09:00:00+00:00,18.2,22.2,1016.5
2026-08-26 10:00:00+00:00,18.4,23.6,1016.1
2026-08-26 11:00:00+00:00,18.8,24.6,1015.6
2026-08-26 12:00:00+00:00,19.2,24.7,1015.3
2026-08-26 13:00:00+00:00,19.6,26.2,1014.5
2026-08-26 14:00:00+00:00,20.0,27.3,1014.4
2026-08-26 15:00:00+00:00,20.1,26.5,1014.1
2026-08-26 16:00:00+00:00,20.2,26.6,1013.4
2026-08-26 17:00:00+00:00,20.3,26.0,1013.5
2026-08-26 18:00:00+00:00,20.1,24.4,1014.0
2026-08-26 19:00:00+00:00,19.8,23.2,1014.5
2026-08-26 20:00:00+00:00,19.5,21.9,1014.9
2026-08-26 21:00:00+00:00,19.4,20.7,1015.1
2026-08-26 22:00:00+00:00,19.2,20.2,1014.9
2026-08-26 23:00:00+00:00,19.0,18.8,1015.2
2026-08-27 00:00:00+00:00,18.8,17.4,1015.2
2026-08-27 01:00:00+00:00,18.7,17.0,1014.8
2026-08-27 02:00:00+00:00,18.6,16.8,1015.0
2026-08-27 03:00:00+00:00,18.5,16.5,1015.1
2026-08-27 04:00:00+00:00,18.5,17.0,1014.6
2026-08-27 05:00:00+00:00,18.5,17.5,1014.4
2026-08-27 06:00:00+00:00,18.4,17.8,1014.4
2026-08-27 07:00:00+00:00,18.6,20.5,1013.8
2026-08-27 08:00:00+00:00,18.7,23.4,1013.3
2026-08-27 09:00:00+00:00,19.0,24.7,1013.1
2026-08-27 10:00:00+00:00,19.3,26.2,1012.7
2026-08-27 11:00:00+00:00,19.7,28.5,1012.2
2026-08-27 12:00:00+00:00,20.1,29.6,1011.2
2026-08-27 13:00:00+00:00,20.6,31.1,1010.5
2026-08-27 14:00:00+00:00,20.7,30.6,1010.1
2026-08-27 15:00:00+00:00,20.8,30.2,1010.1
2026-08-27 16:00:00+00:00,20.8,29.2,1010.3
2026-08-27 17:00:00+00:00,20.8,28.0,1010.2
2026-08-27 18:00:00+00:00,20.8,26.9,1010.4
2026-08-27 19:00:00+00:00,20.5,25.5,1010.6
2026-08-27 20:00:00+00:00,20.3,24.7,1011.0
2026-08-27 21:00:00+00:00,20.1,24.0,1010.7
2026-08-27 22:00:00+00:00,19.9,23.1,1010.7
2026-08-27 23:00:00+00:00,19.8,22.4,1010.3
2026-08-28 00:00:00+00:00,19.6,21.7,1010.2
2026-08-28 01:00:00+00:00,19.6,20.0,1010.3
2026-08-28 02:00:00+00:00,19.6,19.1,1010.5
2026-08-28 03:00:00+00:00,19.7,18.8,1010.3
2026-08-28 04:00:00+00:00,19.4,18.2,1010.5
2026-08-28 05:00:00+00:00,19.2,18.1,1010.4
2026-08-28 06:00:00+00:00,19.3,19.4,1010.2
2026-08-28 07:00:00+00:00,19.5,22.8,1009.0
2026-08-28 08:00:00+00:00,19.6,23.7,1009.1
2026-08-28 09:00:00+00:00,19.9,26.5,1007.1
2026-08-28 10:00:00+00:00,20.3,29.2,1006.8
2026-08-28 11:00:00+00:00,20.6,23.9,1011.4
2026-08-28 12:00:00+00:00,20.6,24.4,1012.1
2026-08-28 13:00:00+00:00,20.7,24.2,1013.0
2026-08-28 14:00:00+00:00,20.6,19.6,1014.7
2026-08-28 15:00:00+00:00,20.4,20.1,1014.8
2026-08-28 16:00:00+00:00,20.4,20.7,1013.5
2026-08-28 17:00:00+00:00,20.4,21.2,1013.5
2026-08-28 18:00:00+00:00,20.5,20.6,1013.9
2026-08-28 19:00:00+00:00,20.2,17.9,1016.4
2026-08-28 20:00:00+00:00,20.0,16.8,1016.7
2026-08-28 21:00:00+00:00,19.9,16.6,1018.7
2026-08-28 22:00:00+00:00,19.7,15.8,1018.1
2026-08-28 23:00:00+00:00,19.7,15.7,1017.9
2026-08-29 00:00:00+00:00,19.6,15.6,1017.3
2026-08-29 01:00:00+00:00,19.4,14.9,1017.1
2026-08-29 02:00:00+00:00,19.3,14.5,1017.5
2026-08-29 03:00:00+00:00,19.1,14.8,1017.4
2026-08-29 04:00:00+00:00,19.1,15.4,1017.0
2026-08-29 05:00:00+00:00,19.0,14.1,1017.7
2026-08-29 06:00:00+00:00,18.9,14.7,1018.2
2026-08-29 07:00:00+00:00,19.0,17.8,1017.7
2026-08-29 08:00:00+00:00,19.1,19.7,1017.3
2026-08-29 09:00:00+00:00,19.3,20.4,1017.2
2026-08-29 10:00:00+00:00,19.4,21.3,1016.8
2026-08-29 11:00:00+00:00,19.6,23.5,1015.9
2026-08-29 12:00:00+00:00,19.7,23.8,1015.5
2026-08-29 13:00:00+00:00,19.8,24.0,1014.9
2026-08-29 14:00:00+00:00,20.0,24.3,1014.4
2026-08-29 15:00:00+00:00,20.1,24.0,1014.1
2026-08-29 16:00:00+00:00,20.0,23.8,1013.9
2026-08-29 17:00:00+00:00,19.9,23.6,1014.0
2026-08-29 18:00:00+00:00,19.8,22.7,1014.2
2026-08-29 19:00:00+00:00,19.8,21.4,1014.8
2026-08-29 20:00:00+00:00,19.7,20.2,1015.4
2026-08-29 21:00:00+00:00,19.7,19.5,1015.7
2026-08-29 22:00:00+00:00,19.6,19.0,1015.8
2026-08-29 23:00:00+00:00,19.5,18.4,1015.9
2026-08-30 00:00:00+00:00,19.4,18.3,1016.3
2026-08-30 01:00:00+00:00,19.4,18.1,1016.4
2026-08-30 02:00:00+00:00,19.2,17.6,1016.4
2026-08-30 03:00:00+00:00,19.2,18.3,1016.1
2026-08-30 04:00:00+00:00,19.1,18.1,1016.2
2026-08-30 05:00:00+00:00,19.0,17.8,1016.5
2026-08-30 06:00:00+00:00,19.0,18.5,1016.7
2026-08-30 07:00:00+00:00,19.0,19.3,1016.6
2026-08-30 08:00:00+00:00,19.1,21.6,1016.3
2026-08-30 09:00:00+00:00,19.3,23.6,1015.8
2026-08-30 10:00:00+00:00,19.6,24.5,1015.3
2026-08-30 11:00:00+00:00,19.9,25.6,1014.5
2026-08-30 12:00:00+00:00,20.1,26.1,1013.9
2026-08-30 13:00:00+00:00,20.3,27.5,1013.3
2026-08-30 14:00:00+00:00,20.4,27.2,1012.9
2026-08-30 15:00:00+00:00,20.3,26.3,1012.9
2026-08-30 16:00:00+00:00,20.4,25.9,1012.8
2026-08-30 17:00:00+00:00,20.2,25.6,1012.9
2026-08-30 18:00:00+00:00,20.0,24.8,1013.2
2026-08-30 19:00:00+00:00,19.8,23.3,1014.0
2026-08-30 20:00:00+00:00,19.7,21.7,1014.4
2026-08-30 21:00:00+00:00,19.6,21.4,1014.2
2026-08-30 22:00:00+00:00,19.5,21.4,1014.5
2026-08-30 23:00:00+00:00,19.4,20.0,1014.4
2026-08-31 00:00:00+00:00,19.4,20.8,1013.7
2026-08-31 01:00:00+00:00,19.4,20.2,1013.4
2026-08-31 02:00:00+00:00,19.4,20.2,1012.7
2026-08-31 03:00:00+00:00,19.4,20.0,1015.1
2026-08-31 04:00:00+00:00,19.3,17.1,1015.6
2026-08-31 05:00:00+00:00,19.3,17.6,1015.7
2026-08-31 06:00:00+00:00,19.3,18.2,1016.1
2026-08-31 07:00:00+00:00,19.3,20.2,1016.0
2026-08-31 08:00:00+00:00,19.5,21.6,1016.3
2026-08-31 09:00:00+00:00,19.7,21.1,1016.9
2026-08-31 10:00:00+00:00,20.0,23.4,1016.2
2026-08-31 11:00:00+00:00,20.3,24.0,1015.9
2026-08-31 12:00:00+00:00,20.6,24.6,1015.5
2026-08-31 13:00:00+00:00,20.7,25.2,1015.3
2026-08-31 14:00:00+00:00,20.9,25.1,1015.1
2026-08-31 15:00:00+00:00,20.7,24.6,1015.2
2026-08-31 16:00:00+00:00,20.7,23.6,1015.1
2026-08-31 17:00:00+00:00,20.6,23.5,1015.2
2026-08-31 18:00:00+00:00,20.3,22.2,1016.2
2026-08-31 19:00:00+00:00,20.2,21.2,1017.6
2026-08-31 20:00:00+00:00,20.0,19.4,1018.9
2026-08-31 21:00:00+00:00,19.9,18.2,1019.8
2026-08-31 22:00:00+00:00,19.8,17.6,1020.7
2026-08-31 23:00:00+00:00,19.6,17.1,1021.1
