timestamp,raw_value,raw_min,raw_max,samples,duplicate_count,conflict,source_id,station,unit
2012-12-01 00:00:00+00:00,0.0,0.0,0.0,1,0,0,46579,02290,kWh/m2
2012-12-01 01:00:00+00:00,0.0,0.0,0.0,1,0,0,46579,02290,kWh/m2
2012-12-01 02:00:00+00:00,0.0,0.0,0.0,1,0,0,46579,02290,kWh/m2
2012-12-01 03:00:00+00:00,0.0,0.0,0.0,1,0,0,46579,02290,kWh/m2
2012-12-01 04:00:00+00:00,0.0,0.0,0.0,1,0,0,46579,02290,kWh/m2
2012-12-01 05:00:00+00:00,0.0,0.0,0.0,1,0,0,46579,02290,kWh/m2
2012-12-01 06:00:00+00:00,0.0,0.0,0.0,1,0,0,46579,02290,kWh/m2
2012-12-01 07:00:00+00:00,0.001,0.001,0.001,1,0,0,46579,02290,kWh/m2
2012-12-01 08:00:00+00:00,0.02,0.02,0.02,1,0,0,46579,02290,kWh/m2
2012-12-01 09:00:00+00:00,0.064,0.064,0.064,1,0,0,46579,02290,kWh/m2
2012-12-01 10:00:00+00:00,0.099,0.099,0.099,1,0,0,46579,02290,kWh/m2
2012-12-01 11:00:00+00:00,0.13,0.13,0.13,1,0,0,46579,02290,kWh/m2
2012-12-01 12:00:00+00:00,0.131,0.131,0.131,1,0,0,46579,02290,kWh/m2
2012-12-01 13:00:00+00:00,0.101,0.101,0.101,1,0,0,46579,02290,kWh/m2
2012-12-01 14:00:00+00:00,0.054,0.054,0.054,1,0,0,46579,02290,kWh/m2
2012-12-01 15:00:00+00:00,0.026,0.026,0.026,1,0,0,46579,02290,kWh/m2
2012-12-01 16:00:00+00:00,0.004,0.004,0.004,1,0,0,46579,02290,kWh/m2
2012-12-01 17:00:00+00:00,0.0,0.0,0.0,1,0,0,46579,02290,kWh/m2
2012-12-01 18:00:00+00:00,0.0,0.0,0.0,1,0,0,46579,02290,kWh/m2
2012-12-01 19:00:00+00:00,0.0,0.0,0.0,1,0,0,46579,02290,kWh/m2
2012-12-01 20:00:00+00:00,0.0,0.0,0.0,1,0,0,46579,02290,kWh/m2
2012-12-01 21:00:00+00:00,0.0,0.0,0.0,1,0,0,46579,02290,kWh/m2
2012-12-01 22:00:00+00:00,0.0,0.0,0.0,1,0,0,46579,02290,kWh/m2
2012-12-01 23:00:00+00:00,0.0,0.0,0.0,1,0,0,46579,02290,kWh/m2
2012-12-02 00:00:00+00:00,0.0,0.0,0.0,1,0,0,46579,02290,kWh/m2
2012-12-02 01:00:00+00:00,0.0,0.0,0.0,1,0,0,46579,02290,kWh/m2
2012-12-02 02:00:00+00:00,0.0,0.0,0.0,1,0,0,46579,02290,kWh/m2
2012-12-02 03:00:00+00:00,0.0,0.0,0.0,1,0,0,46579,02290,kWh/m2
2012-12-02 04:00:00+00:00,0.0,0.0,0.0,1,0,0,46579,02290,kWh/m2
2012-12-02 05:00:00+00:00,0.0,0.0,0.0,1,0,0,46579,02290,kWh/m2
2012-12-02 06:00:00+00:00,0.0,0.0,0.0,1,0,0,46579,02290,kWh/m2
2012-12-02 07:00:00+00:00,0.001,0.001,0.001,1,0,0,46579,02290,kWh/m2
2012-12-02 08:00:00+00:00,0.016,0.016,0.016,1,0,0,46579,02290,kWh/m2
2012-12-02 09:00:00+00:00,0.056,0.056,0.056,1,0,0,46579,02290,kWh/m2
2012-12-02 10:00:00+00:00,0.104,0.104,0.104,1,0,0,46579,02290,kWh/m2
2012-12-02 11:00:00+00:00,0.224,0.224,0.224,1,0,0,46579,02290,kWh/m2
2012-12-02 12:00:00+00:00,0.111,0.111,0.111,1,0,0,46579,02290,kWh/m2
2012-12-02 13:00:00+00:00,0.141,0.141,0.141,1,0,0,46579,02290,kWh/m2
2012-12-02 14:00:00+00:00,0.118,0.118,0.118,1,0,0,46579,02290,kWh/m2
2012-12-02 15:00:00+00:00,0.034,0.034,0.034,1,0,0,46579,02290,kWh/m2
2012-12-02 16:00:00+00:00,0.007,0.007,0.007,1,0,0,46579,02290,kWh/m2
2012-12-02 17:00:00+00:00,0.0,0.0,0.0,1,0,0,46579,02290,kWh/m2
2012-12-02 18:00:00+00:00,0.0,0.0,0.0,1,0,0,46579,02290,kWh/m2
2012-12-02 19:00:00+00:00,0.0,0.0,0.0,1,0,0,46579,02290,kWh/m2
2012-12-02 20:00:00+00:00,0.0,0.0,0.0,1,0,0,46579,02290,kWh/m2
2012-12-02 21:00:00+00:00,0.0,0.0,0.0,1,0,0,46579,02290,kWh/m2
2012-12-02 22:00:00+00:00,0.0,0.0,0.0,1,0,0,46579,02290,kWh/m2
2012-12-02 23:00:00+00:00,0.0,0.0,0.0,1,0,0,46579,02290,kWh/m2
2012-12-03 00:00:00+00:00,0.0,0.0,0.0,1,0,0,46579,02290,kWh/m2
2012-12-03 01:00:00+00:00,0.0,0.0,0.0,1,0,0,46579,02290,kWh/m2
2012-12-03 02:00:00+00:00,0.0,0.0,0.0,1,0,0,46579,02290,kWh/m2
2012-12-03 03:00:00+00:00,0.0,0.0,0.0,1,0,0,46579,02290,kWh/m2
2012-12-03 04:00:00+00:00,0.0,0.0,0.0,1,0,0,46579,02290,kWh/m2
2012-12-03 05:00:00+00:00,0.0,0.0,0.0,1,0,0,46579,02290,kWh/m2
2012-12-03 06:00:00+00:00,0.0,0.0,0.0,1,0,0,46579,02290,kWh/m2
2012-12-03 07:00:00+00:00,0.001,0.001,0.001,1,0,0,46579,02290,kWh/m2
2012-12-03 08:00:00+00:00,0.018,0.018,0.018,1,0,0,46579,02290,kWh/m2
2012-12-03 09:00:00+00:00,0.109,0.109,0.109,1,0,0,46579,02290,kWh/m2
2012-12-03 10:00:00+00:00,0.23,0.23,0.23,1,0,0,46579,02290,kWh/m2
2012-12-03 11:00:00+00:00,0.357,0.357,0.357,1,0,0,46579,02290,kWh/m2
2012-12-03 12:00:00+00:00,0.277,0.277,0.277,1,0,0,46579,02290,kWh/m2
2012-12-03 13:00:00+00:00,0.266,0.266,0.266,1,0,0,46579,02290,kWh/m2
2012-12-03 14:00:00+00:00,0.098,0.098,0.098,1,0,0,46579,02290,kWh/m2
2012-12-03 15:00:00+00:00,0.056,0.056,0.056,1,0,0,46579,02290,kWh/m2
2012-12-03 16:00:00+00:00,0.006,0.006,0.006,1,0,0,46579,02290,kWh/m2
2012-12-03 17:00:00+00:00,0.0,0.0,0.0,1,0,0,46579,02290,kWh/m2
2012-12-03 18:00:00+00:00,0.0,0.0,0.0,1,0,0,46579,02290,kWh/m2
2012-12-03 19:00:00+00:00,0.0,0.0,0.0,1,0,0,46579,02290,kWh/m2
2012-12-03 20:00:00+00:00,0.0,0.0,0.0,1,0,0,46579,02290,kWh/m2
2012-12-03 21:00:00+00:00,0.0,0.0,0.0,1,0,0,46579,02290,kWh/m2
2012-12-03 22:00:00+00:00,0.0,0.0,0.0,1,0,0,46579,02290,kWh/m2
2012-12-03 23:00:00+00:00,0.0,0.0,0.0,1,0,0,46579,02290,kWh/m2
2012-12-04 00:00:00+00:00,0.0,0.0,0.0,1,0,0,46579,02290,kWh/m2
2012-12-04 01:00:00+00:00,0.0,0.0,0.0,1,0,0,46579,02290,kWh/m2
2012-12-04 02:00:00+00:00,0.0,0.0,0.0,1,0,0,46579,02290,kWh/m2
2012-12-04 03:00:00+00:00,0.0,0.0,0.0,1,0,0,46579,02290,kWh/m2
2012-12-04 04:00:00+00:00,0.0,0.0,0.0,1,0,0,46579,02290,kWh/m2
2012-12-04 05:00:00+00:00,0.0,0.0,0.0,1,0,0,46579,02290,kWh/m2
2012-12-04 06:00:00+00:00,0.0,0.0,0.0,1,0,0,46579,02290,kWh/m2
2012-12-04 07:00:00+00:00,0.0,0.0,0.0,1,0,0,46579,02290,kWh/m2
2012-12-04 08:00:00+00:00,0.011,0.011,0.011,1,0,0,46579,02290,kWh/m2
2012-12-04 09:00:00+00:00,0.078,0.078,0.078,1,0,0,46579,02290,kWh/m2
2012-12-04 10:00:00+00:00,0.136,0.136,0.136,1,0,0,46579,02290,kWh/m2
2012-12-04 11:00:00+00:00,0.244,0.244,0.244,1,0,0,46579,02290,kWh/m2
2012-12-04 12:00:00+00:00,0.075,0.075,0.075,1,0,0,46579,02290,kWh/m2
2012-12-04 13:00:00+00:00,0.034,0.034,0.034,1,0,0,46579,02290,kWh/m2
2012-12-04 14:00:00+00:00,0.036,0.036,0.036,1,0,0,46579,02290,kWh/m2
2012-12-04 15:00:00+00:00,0.025,0.025,0.025,1,0,0,46579,02290,kWh/m2
2012-12-04 16:00:00+00:00,0.004,0.004,0.004,1,0,0,46579,02290,kWh/m2
2012-12-04 17:00:00+00:00,0.0,0.0,0.0,1,0,0,46579,02290,kWh/m2
2012-12-04 18:00:00+00:00,0.0,0.0,0.0,1,0,0,46579,02290,kWh/m2
2012-12-04 19:00:00+00:00,0.0,0.0,0.0,1,0,0,46579,02290,kWh/m2
2012-12-04 20:00:00+00:00,0.0,0.0,0.0,1,0,0,46579,02290,kWh/m2
2012-12-04 21:00:00+00:00,0.0,0.0,0.0,1,0,0,46579,02290,kWh/m2
2012-12-04 22:00:00+00:00,0.0,0.0,0.0,1,0,0,46579,02290,kWh/m2
2012-12-04 23:00:00+00:00,0.0,0.0,0.0,1,0,0,46579,02290,kWh/m2
2012-12-05 00:00:00+00:00,0.0,0.0,0.0,1,0,0,46579,02290,kWh/m2
2012-12-05 01:00:00+00:00,0.0,0.0,0.0,1,0,0,46579,02290,kWh/m2
2012-12-05 02:00:00+00:00,0.0,0.0,0.0,1,0,0,46579,02290,kWh/m2
2012-12-05 03:00:00+00:00,0.0,0.0,0.0,1,0,0,46579,02290,kWh/m2
2012-12-05 04:00:00+00:00,0.0,0.0,0.0,1,0,0,46579,02290,kWh/m2
2012-12-05 05:00:00+00:00,0.0,0.0,0.0,1,0,0,46579,02290,kWh/m2
2012-12-05 06:00:00+00:00,0.0,0.0,0.0,1,0,0,46579,02290,kWh/m2
2012-12-05 07:00:00+00:00,0.0,0.0,0.0,1,0,0,46579,02290,kWh/m2
2012-12-05 08:00:00+00:00,0.03,0.03,0.03,1,0,0,46579,02290,kWh/m2
2012-12-05 09:00:00+00:00,0.054,0.054,0.054,1,0,0,46579,02290,kWh/m2
2012-12-05 10:00:00+00:00,0.083,0.083,0.083,1,0,0,46579,02290,kWh/m2
2012-12-05 11:00:00+00:00,0.205,0.205,0.205,1,0,0,46579,02290,kWh/m2
2012-12-05 12:00:00+00:00,0.118,0.118,0.118,1,0,0,46579,02290,kWh/m2
2012-12-05 13:00:00+00:00,0.099,0.099,0.099,1,0,0,46579,02290,kWh/m2
2012-12-05 14:00:00+00:00,0.048,0.048,0.048,1,0,0,46579,02290,kWh/m2
2012-12-05 15:00:00+00:00,0.034,0.034,0.034,1,0,0,46579,02290,kWh/m2
2012-12-05 16:00:00+00:00,0.006,0.006,0.006,1,0,0,46579,02290,kWh/m2
2012-12-05 17:00:00+00:00,0.0,0.0,0.0,1,0,0,46579,02290,kWh/m2
2012-12-05 18:00:00+00:00,0.0,0.0,0.0,1,0,0,46579,02290,kWh/m2
2012-12-05 19:00:00+00:00,0.0,0.0,0.0,1,0,0,46579,02290,kWh/m2
2012-12-05 20:00:00+00:00,0.0,0.0,0.0,1,0,0,46579,02290,kWh/m2
2012-12-05 21:00:00+00:00,0.0,0.0,0.0,1,0,0,46579,02290,kWh/m2
2012-12-05 22:00:00+00:00,0.0,0.0,0.0,1,0,0,46579,02290,kWh/m2
2012-12-05 23:00:00+00:00,0.0,0.0,0.0,1,0,0,46579,02290,kWh/m2
2012-12-06 00:00:00+00:00,0.0,0.0,0.0,1,0,0,46579,02290,kWh/m2
2012-12-06 01:00:00+00:00,0.0,0.0,0.0,1,0,0,46579,02290,kWh/m2
2012-12-06 02:00:00+00:00,0.0,0.0,0.0,1,0,0,46579,02290,kWh/m2
2012-12-06 03:00:00+00:00,0.0,0.0,0.0,1,0,0,46579,02290,kWh/m2
2012-12-06 04:00:00+00:00,0.0,0.0,0.0,1,0,0,46579,02290,kWh/m2
2012-12-06 05:00:00+00:00,0.0,0.0,0.0,1,0,0,46579,02290,kWh/m2
2012-12-06 06:00:00+00:00,0.0,0.0,0.0,1,0,0,46579,02290,kWh/m2
2012-12-06 07:00:00+00:00,0.001,0.001,0.001,1,0,0,46579,02290,kWh/m2
2012-12-06 08:00:00+00:00,0.01,0.01,0.01,1,0,0,46579,02290,kWh/m2
2012-12-06 09:00:00+00:00,0.069,0.069,0.069,1,0,0,46579,02290,kWh/m2
2012-12-06 10:00:00+00:00,0.125,0.125,0.125,1,0,0,46579,02290,kWh/m2
2012-12-06 11:00:00+00:00,0.071,0.071,0.071,1,0,0,46579,02290,kWh/m2
2012-12-06 12:00:00+00:00,0.149,0.149,0.149,1,0,0,46579,02290,kWh/m2
2012-12-06 13:00:00+00:00,0.09,0.09,0.09,1,0,0,46579,02290,kWh/m2
2012-12-06 14:00:00+00:00,0.058,0.058,0.058,1,0,0,46579,02290,kWh/m2
2012-12-06 15:00:00+00:00,0.038,0.038,0.038,1,0,0,46579,02290,kWh/m2
2012-12-06 16:00:00+00:00,0.004,0.004,0.004,1,0,0,46579,02290,kWh/m2
2012-12-06 17:00:00+00:00,0.0,0.0,0.0,1,0,0,46579,02290,kWh/m2
2012-12-06 18:00:00+00:00,0.0,0.0,0.0,1,0,0,46579,02290,kWh/m2
2012-12-06 19:00:00+00:00,0.0,0.0,0.0,1,0,0,46579,02290,kWh/m2
2012-12-06 20:00:00+00:00,0.0,0.0,0.0,1,0,0,46579,02290,kWh/m2
2012-12-06 21:00:00+00:00,0.0,0.0,0.0,1,0,0,46579,02290,kWh/m2
2012-12-06 22:00:00+00:00,0.0,0.0,0.0,1,0,0,46579,02290,kWh/m2
2012-12-06 23:00:00+00:00,0.0,0.0,0.0,1,0,0,46579,02290,kWh/m2
2012-12-07 00:00:00+00:00,0.0,0.0,0.0,1,0,0,46579,02290,kWh/m2
2012-12-07 01:00:00+00:00,0.0,0.0,0.0,1,0,0,46579,02290,kWh/m2
2012-12-07 02:00:00+00:00,0.0,0.0,0.0,1,0,0,46579,02290,kWh/m2
2012-12-07 03:00:00+00:00,0.0,0.0,0.0,1,0,0,46579,02290,kWh/m2
2012-12-07 04:00:00+00:00,0.0,0.0,0.0,1,0,0,46579,02290,kWh/m2
2012-12-07 05:00:00+00:00,0.0,0.0,0.0,1,0,0,46579,02290,kWh/m2
2012-12-07 06:00:00+00:00,0.0,0.0,0.0,1,0,0,46579,02290,kWh/m2
2012-12-07 07:00:00+00:00,0.001,0.001,0.001,1,0,0,46579,02290,kWh/m2
2012-12-07 08:00:00+00:00,0.022,0.022,0.022,1,0,0,46579,02290,kWh/m2
2012-12-07 09:00:00+00:00,0.079,0.079,0.079,1,0,0,46579,02290,kWh/m2
2012-12-07 10:00:00+00:00,0.194,0.194,0.194,1,0,0,46579,02290,kWh/m2
2012-12-07 11:00:00+00:00,0.17,0.17,0.17,1,0,0,46579,02290,kWh/m2
2012-12-07 12:00:00+00:00,0.154,0.154,0.154,1,0,0,46579,02290,kWh/m2
2012-12-07 13:00:00+00:00,0.107,0.107,0.107,1,0,0,46579,02290,kWh/m2
2012-12-07 14:00:00+00:00,0.064,0.064,0.064,1,0,0,46579,02290,kWh/m2
2012-12-07 15:00:00+00:00,0.041,0.041,0.041,1,0,0,46579,02290,kWh/m2
2012-12-07 16:00:00+00:00,0.006,0.006,0.006,1,0,0,46579,02290,kWh/m2
2012-12-07 17:00:00+00:00,0.0,0.0,0.0,1,0,0,46579,02290,kWh/m2
2012-12-07 18:00:00+00:00,0.0,0.0,0.0,1,0,0,46579,02290,kWh/m2
2012-12-07 19:00:00+00:00,0.0,0.0,0.0,1,0,0,46579,02290,kWh/m2
2012-12-07 20:00:00+00:00,0.0,0.0,0.0,1,0,0,46579,02290,kWh/m2
2012-12-07 21:00:00+00:00,0.0,0.0,0.0,1,0,0,46579,02290,kWh/m2
2012-12-07 22:00:00+00:00,0.0,0.0,0.0,1,0,0,46579,02290,kWh/m2
2012-12-07 23:00:00+00:00,0.0,0.0,0.0,1,0,0,46579,02290,kWh/m2
2012-12-08 00:00:00+00:00,0.0,0.0,0.0,1,0,0,46579,02290,kWh/m2
2012-12-08 01:00:00+00:00,0.0,0.0,0.0,1,0,0,46579,02290,kWh/m2
2012-12-08 02:00:00+00:00,0.0,0.0,0.0,1,0,0,46579,02290,kWh/m2
2012-12-08 03:00:00+00:00,0.0,0.0,0.0,1,0,0,46579,02290,kWh/m2
2012-12-08 04:00:00+00:00,0.0,0.0,0.0,1,0,0,46579,02290,kWh/m2
2012-12-08 05:00:00+00:00,0.0,0.0,0.0,1,0,0,46579,02290,kWh/m2
2012-12-08 06:00:00+00:00,0.0,0.0,0.0,1,0,0,46579,02290,kWh/m2
2012-12-08 07:00:00+00:00,0.001,0.001,0.001,1,0,0,46579,02290,kWh/m2
2012-12-08 08:00:00+00:00,0.008,0.008,0.008,1,0,0,46579,02290,kWh/m2
2012-12-08 09:00:00+00:00,0.058,0.058,0.058,1,0,0,46579,02290,kWh/m2
2012-12-08 10:00:00+00:00,0.062,0.062,0.062,1,0,0,46579,02290,kWh/m2
2012-12-08 11:00:00+00:00,0.077,0.077,0.077,1,0,0,46579,02290,kWh/m2
2012-12-08 12:00:00+00:00,0.092,0.092,0.092,1,0,0,46579,02290,kWh/m2
2012-12-08 13:00:00+00:00,0.092,0.092,0.092,1,0,0,46579,02290,kWh/m2
2012-12-08 14:00:00+00:00,0.067,0.067,0.067,1,0,0,46579,02290,kWh/m2
2012-12-08 15:00:00+00:00,0.026,0.026,0.026,1,0,0,46579,02290,kWh/m2
2012-12-08 16:00:00+00:00,0.004,0.004,0.004,1,0,0,46579,02290,kWh/m2
2012-12-08 17:00:00+00:00,0.0,0.0,0.0,1,0,0,46579,02290,kWh/m2
2012-12-08 18:00:00+00:00,0.0,0.0,0.0,1,0,0,46579,02290,kWh/m2
2012-12-08 19:00:00+00:00,0.0,0.0,0.0,1,0,0,46579,02290,kWh/m2
2012-12-08 20:00:00+00:00,0.0,0.0,0.0,1,0,0,46579,02290,kWh/m2
2012-12-08 21:00:00+00:00,0.0,0.0,0.0,1,0,0,46579,02290,kWh/m2
2012-12-08 22:00:00+00:00,0.0,0.0,0.0,1,0,0,46579,02290,kWh/m2
2012-12-08 23:00:00+00:00,0.0,0.0,0.0,1,0,0,46579,02290,kWh/m2
2012-12-09 00:00:00+00:00,0.0,0.0,0.0,1,0,0,46579,02290,kWh/m2
2012-12-09 01:00:00+00:00,0.0,0.0,0.0,1,0,0,46579,02290,kWh/m2
2012-12-09 02:00:00+00:00,0.0,0.0,0.0,1,0,0,46579,02290,kWh/m2
2012-12-09 03:00:00+00:00,0.0,0.0,0.0,1,0,0,46579,02290,kWh/m2
2012-12-09 04:00:00+00:00,0.0,0.0,0.0,1,0,0,46579,02290,kWh/m2
2012-12-09 05:00:00+00:00,0.0,0.0,0.0,1,0,0,46579,02290,kWh/m2
2012-12-09 06:00:00+00:00,0.0,0.0,0.0,1,0,0,46579,02290,kWh/m2
2012-12-09 07:00:00+00:00,0.0,0.0,0.0,1,0,0,46579,02290,kWh/m2
2012-12-09 08:00:00+00:00,0.046,0.046,0.046,1,0,0,46579,02290,kWh/m2
2012-12-09 09:00:00+00:00,0.168,0.168,0.168,1,0,0,46579,02290,kWh/m2
2012-12-09 10:00:00+00:00,0.275,0.275,0.275,1,0,0,46579,02290,kWh/m2
2012-12-09 11:00:00+00:00,0.349,0.349,0.349,1,0,0,46579,02290,kWh/m2
2012-12-09 12:00:00+00:00,0.233,0.233,0.233,1,0,0,46579,02290,kWh/m2
2012-12-09 13:00:00+00:00,0.158,0.158,0.158,1,0,0,46579,02290,kWh/m2
2012-12-09 14:00:00+00:00,0.08,0.08,0.08,1,0,0,46579,02290,kWh/m2
2012-12-09 15:00:00+00:00,0.042,0.042,0.042,1,0,0,46579,02290,kWh/m2
2012-12-09 16:00:00+00:00,0.004,0.004,0.004,1,0,0,46579,02290,kWh/m2
2012-12-09 17:00:00+00:00,0.0,0.0,0.0,1,0,0,46579,02290,kWh/m2
2012-12-09 18:00:00+00:00,0.0,0.0,0.0,1,0,0,46579,02290,kWh/m2
2012-12-09 19:00:00+00:00,0.0,0.0,0.0,1,0,0,46579,02290,kWh/m2
2012-12-09 20:00:00+00:00,0.0,0.0,0.0,1,0,0,46579,02290,kWh/m2
2012-12-09 21:00:00+00:00,0.0,0.0,0.0,1,0,0,46579,02290,kWh/m2
2012-12-09 22:00:00+00:00,0.0,0.0,0.0,1,0,0,46579,02290,kWh/m2
2012-12-09 23:00:00+00:00,0.0,0.0,0.0,1,0,0,46579,02290,kWh/m2
2012-12-10 00:00:00+00:00,0.0,0.0,0.0,1,0,0,46579,02290,kWh/m2
2012-12-10 01:00:00+00:00,0.0,0.0,0.0,1,0,0,46579,02290,kWh/m2
2012-12-10 02:00:00+00:00,0.0,0.0,0.0,1,0,0,46579,02290,kWh/m2
2012-12-10 03:00:00+00:00,0.0,0.0,0.0,1,0,0,46579,02290,kWh/m2
2012-12-10 04:00:00+00:00,0.0,0.0,0.0,1,0,0,46579,02290,kWh/m2
2012-12-10 05:00:00+00:00,0.0,0.0,0.0,1,0,0,46579,02290,kWh/m2
2012-12-10 06:00:00+00:00,0.0,0.0,0.0,1,0,0,46579,02290,kWh/m2
2012-12-10 07:00:00+00:00,0.0,0.0,0.0,1,0,0,46579,02290,kWh/m2
2012-12-10 08:00:00+00:00,0.014,0.014,0.014,1,0,0,46579,02290,kWh/m2
2012-12-10 09:00:00+00:00,0.051,0.051,0.051,1,0,0,46579,02290,kWh/m2
2012-12-10 10:00:00+00:00,0.095,0.095,0.095,1,0,0,46579,02290,kWh/m2
2012-12-10 11:00:00+00:00,0.098,0.098,0.098,1,0,0,46579,02290,kWh/m2
2012-12-10 12:00:00+00:00,0.081,0.081,0.081,1,0,0,46579,02290,kWh/m2
2012-12-10 13:00:00+00:00,0.065,0.065,0.065,1,0,0,46579,02290,kWh/m2
2012-12-10 14:00:00+00:00,0.043,0.043,0.043,1,0,0,46579,02290,kWh/m2
2012-12-10 15:00:00+00:00,0.022,0.022,0.022,1,0,0,46579,02290,kWh/m2
2012-12-10 16:00:00+00:00,0.004,0.004,0.004,1,0,0,46579,02290,kWh/m2
2012-12-10 17:00:00+00:00,0.0,0.0,0.0,1,0,0,46579,02290,kWh/m2
2012-12-10 18:00:00+00:00,0.0,0.0,0.0,1,0,0,46579,02290,kWh/m2
2012-12-10 19:00:00+00:00,0.0,0.0,0.0,1,0,0,46579,02290,kWh/m2
2012-12-10 20:00:00+00:00,0.0,0.0,0.0,1,0,0,46579,02290,kWh/m2
2012-12-10 21:00:00+00:00,0.0,0.0,0.0,1,0,0,46579,02290,kWh/m2
2012-12-10 22:00:00+00:00,0.0,0.0,0.0,1,0,0,46579,02290,kWh/m2
2012-12-10 23:00:00+00:00,0.0,0.0,0.0,1,0,0,46579,02290,kWh/m2
2012-12-11 00:00:00+00:00,0.0,0.0,0.0,1,0,0,46579,02290,kWh/m2
2012-12-11 01:00:00+00:00,0.0,0.0,0.0,1,0,0,46579,02290,kWh/m2
2012-12-11 02:00:00+00:00,0.0,0.0,0.0,1,0,0,46579,02290,kWh/m2
2012-12-11 03:00:00+00:00,0.0,0.0,0.0,1,0,0,46579,02290,kWh/m2
2012-12-11 04:00:00+00:00,0.0,0.0,0.0,1,0,0,46579,02290,kWh/m2
2012-12-11 05:00:00+00:00,0.0,0.0,0.0,1,0,0,46579,02290,kWh/m2
2012-12-11 06:00:00+00:00,0.0,0.0,0.0,1,0,0,46579,02290,kWh/m2
2012-12-11 07:00:00+00:00,0.0,0.0,0.0,1,0,0,46579,02290,kWh/m2
2012-12-11 08:00:00+00:00,0.011,0.011,0.011,1,0,0,46579,02290,kWh/m2
2012-12-11 09:00:00+00:00,0.053,0.053,0.053,1,0,0,46579,02290,kWh/m2
2012-12-11 10:00:00+00:00,0.079,0.079,0.079,1,0,0,46579,02290,kWh/m2
2012-12-11 11:00:00+00:00,0.113,0.113,0.113,1,0,0,46579,02290,kWh/m2
2012-12-11 12:00:00+00:00,0.06,0.06,0.06,1,0,0,46579,02290,kWh/m2
2012-12-11 13:00:00+00:00,0.069,0.069,0.069,1,0,0,46579,02290,kWh/m2
2012-12-11 14:00:00+00:00,0.116,0.116,0.116,1,0,0,46579,02290,kWh/m2
2012-12-11 15:00:00+00:00,0.041,0.041,0.041,1,0,0,46579,02290,kWh/m2
2012-12-11 16:00:00+00:00,0.005,0.005,0.005,1,0,0,46579,02290,kWh/m2
2012-12-11 17:00:00+00:00,0.0,0.0,0.0,1,0,0,46579,02290,kWh/m2
2012-12-11 18:00:00+00:00,0.0,0.0,0.0,1,0,0,46579,02290,kWh/m2
2012-12-11 19:00:00+00:00,0.0,0.0,0.0,1,0,0,46579,02290,kWh/m2
2012-12-11 20:00:00+00:00,0.0,0.0,0.0,1,0,0,46579,02290,kWh/m2
2012-12-11 21:00:00+00:00,0.0,0.0,0.0,1,0,0,46579,02290,kWh/m2
2012-12-11 22:00:00+00:00,0.0,0.0,0.0,1,0,0,46579,02290,kWh/m2
2012-12-11 23:00:00+00:00,0.0,0.0,0.0,1,0,0,46579,02290,kWh/m2
2012-12-12 00:00:00+00:00,0.0,0.0,0.0,1,0,0,46579,02290,kWh/m2
2012-12-12 01:00:00+00:00,0.0,0.0,0.0,1,0,0,46579,02290,kWh/m2
2012-12-12 02:00:00+00:00,0.0,0.0,0.0,1,0,0,46579,02290,kWh/m2
2012-12-12 03:00:00+00:00,0.0,0.0,0.0,1,0,0,46579,02290,kWh/m2
2012-12-12 04:00:00+00:00,0.0,0.0,0.0,1,0,0,46579,02290,kWh/m2
2012-12-12 05:00:00+00:00,0.0,0.0,0.0,1,0,0,46579,02290,kWh/m2
2012-12-12 06:00:00+00:00,0.0,0.0,0.0,1,0,0,46579,02290,kWh/m2
2012-12-12 07:00:00+00:00,0.0,0.0,0.0,1,0,0,46579,02290,kWh/m2
2012-12-12 08:00:00+00:00,0.03,0.03,0.03,1,0,0,46579,02290,kWh/m2
2012-12-12 09:00:00+00:00,0.093,0.093,0.093,1,0,0,46579,02290,kWh/m2
2012-12-12 10:00:00+00:00,0.26,0.26,0.26,1,0,0,46579,02290,kWh/m2
2012-12-12 11:00:00+00:00,0.335,0.335,0.335,1,0,0,46579,02290,kWh/m2
2012-12-12 12:00:00+00:00,0.354,0.354,0.354,1,0,0,46579,02290,kWh/m2
2012-12-12 13:00:00+00:00,0.318,0.318,0.318,1,0,0,46579,02290,kWh/m2
2012-12-12 14:00:00+00:00,0.236,0.236,0.236,1,0,0,46579,02290,kWh/m2
2012-12-12 15:00:00+00:00,0.119,0.119,0.119,1,0,0,46579,02290,kWh/m2
2012-12-12 16:00:00+00:00,0.013,0.013,0.013,1,0,0,46579,02290,kWh/m2
2012-12-12 17:00:00+00:00,0.0,0.0,0.0,1,0,0,46579,02290,kWh/m2
2012-12-12 18:00:00+00:00,0.0,0.0,0.0,1,0,0,46579,02290,kWh/m2
2012-12-12 19:00:00+00:00,0.0,0.0,0.0,1,0,0,46579,02290,kWh/m2
2012-12-12 20:00:00+00:00,0.0,0.0,0.0,1,0,0,46579,02290,kWh/m2
2012-12-12 21:00:00+00:00,0.0,0.0,0.0,1,0,0,46579,02290,kWh/m2
2012-12-12 22:00:00+00:00,0.0,0.0,0.0,1,0,0,46579,02290,kWh/m2
2012-12-12 23:00:00+00:00,0.0,0.0,0.0,1,0,0,46579,02290,kWh/m2
2012-12-13 00:00:00+00:00,0.0,0.0,0.0,1,0,0,46579,02290,kWh/m2
2012-12-13 01:00:00+00:00,0.0,0.0,0.0,1,0,0,46579,02290,kWh/m2
2012-12-13 02:00:00+00:00,0.0,0.0,0.0,1,0,0,46579,02290,kWh/m2
2012-12-13 03:00:00+00:00,0.0,0.0,0.0,1,0,0,46579,02290,kWh/m2
2012-12-13 04:00:00+00:00,0.0,0.0,0.0,1,0,0,46579,02290,kWh/m2
2012-12-13 05:00:00+00:00,0.0,0.0,0.0,1,0,0,46579,02290,kWh/m2
2012-12-13 06:00:00+00:00,0.0,0.0,0.0,1,0,0,46579,02290,kWh/m2
2012-12-13 07:00:00+00:00,0.001,0.001,0.001,1,0,0,46579,02290,kWh/m2
2012-12-13 08:00:00+00:00,0.03,0.03,0.03,1,0,0,46579,02290,kWh/m2
2012-12-13 09:00:00+00:00,0.12,0.12,0.12,1,0,0,46579,02290,kWh/m2
2012-12-13 10:00:00+00:00,0.236,0.236,0.236,1,0,0,46579,02290,kWh/m2
2012-12-13 11:00:00+00:00,0.318,0.318,0.318,1,0,0,46579,02290,kWh/m2
2012-12-13 12:00:00+00:00,0.327,0.327,0.327,1,0,0,46579,02290,kWh/m2
2012-12-13 13:00:00+00:00,0.283,0.283,0.283,1,0,0,46579,02290,kWh/m2
2012-12-13 14:00:00+00:00,0.152,0.152,0.152,1,0,0,46579,02290,kWh/m2
2012-12-13 15:00:00+00:00,0.051,0.051,0.051,1,0,0,46579,02290,kWh/m2
2012-12-13 16:00:00+00:00,0.006,0.006,0.006,1,0,0,46579,02290,kWh/m2
2012-12-13 17:00:00+00:00,0.0,0.0,0.0,1,0,0,46579,02290,kWh/m2
2012-12-13 18:00:00+00:00,0.0,0.0,0.0,1,0,0,46579,02290,kWh/m2
2012-12-13 19:00:00+00:00,0.0,0.0,0.0,1,0,0,46579,02290,kWh/m2
2012-12-13 20:00:00+00:00,0.0,0.0,0.0,1,0,0,46579,02290,kWh/m2
2012-12-13 21:00:00+00:00,0.0,0.0,0.0,1,0,0,46579,02290,kWh/m2
2012-12-13 22:00:00+00:00,0.0,0.0,0.0,1,0,0,46579,02290,kWh/m2
2012-12-13 23:00:00+00:00,0.0,0.0,0.0,1,0,0,46579,02290,kWh/m2
2012-12-14 00:00:00+00:00,0.0,0.0,0.0,1,0,0,46579,02290,kWh/m2
2012-12-14 01:00:00+00:00,0.0,0.0,0.0,1,0,0,46579,02290,kWh/m2
2012-12-14 02:00:00+00:00,0.0,0.0,0.0,1,0,0,46579,02290,kWh/m2
2012-12-14 03:00:00+00:00,0.0,0.0,0.0,1,0,0,46579,02290,kWh/m2
2012-12-14 04:00:00+00:00,0.0,0.0,0.0,1,0,0,46579,02290,kWh/m2
2012-12-14 05:00:00+00:00,0.0,0.0,0.0,1,0,0,46579,02290,kWh/m2
2012-12-14 06:00:00+00:00,0.0,0.0,0.0,1,0,0,46579,02290,kWh/m2
2012-12-14 07:00:00+00:00,0.0,0.0,0.0,1,0,0,46579,02290,kWh/m2
2012-12-14 08:00:00+00:00,0.01,0.01,0.01,1,0,0,46579,02290,kWh/m2
2012-12-14 09:00:00+00:00,0.129,0.129,0.129,1,0,0,46579,02290,kWh/m2
2012-12-14 10:00:00+00:00,0.287,0.287,0.287,1,0,0,46579,02290,kWh/m2
2012-12-14 11:00:00+00:00,0.331,0.331,0.331,1,0,0,46579,02290,kWh/m2
2012-12-14 12:00:00+00:00,0.308,0.308,0.308,1,0,0,46579,02290,kWh/m2
2012-12-14 13:00:00+00:00,0.314,0.314,0.314,1,0,0,46579,02290,kWh/m2
2012-12-14 14:00:00+00:00,0.198,0.198,0.198,1,0,0,46579,02290,kWh/m2
2012-12-14 15:00:00+00:00,0.064,0.064,0.064,1,0,0,46579,02290,kWh/m2
2012-12-14 16:00:00+00:00,0.007,0.007,0.007,1,0,0,46579,02290,kWh/m2
2012-12-14 17:00:00+00:00,0.0,0.0,0.0,1,0,0,46579,02290,kWh/m2
2012-12-14 18:00:00+00:00,0.0,0.0,0.0,1,0,0,46579,02290,kWh/m2
2012-12-14 19:00:00+00:00,0.0,0.0,0.0,1,0,0,46579,02290,kWh/m2
2012-12-14 20:00:00+00:00,0.0,0.0,0.0,1,0,0,46579,02290,kWh/m2
2012-12-14 21:00:00+00:00,0.0,0.0,0.0,1,0,0,46579,02290,kWh/m2
2012-12-14 22:00:00+00:00,0.0,0.0,0.0,1,0,0,46579,02290,kWh/m2
2012-12-14 23:00:00+00:00,0.0,0.0,0.0,1,0,0,46579,02290,kWh/m2
2012-12-15 00:00:00+00:00,0.0,0.0,0.0,1,0,0,46579,02290,kWh/m2
2012-12-15 01:00:00+00:00,0.0,0.0,0.0,1,0,0,46579,02290,kWh/m2
2012-12-15 02:00:00+00:00,0.0,0.0,0.0,1,0,0,46579,02290,kWh/m2
2012-12-15 03:00:00+00:00,0.0,0.0,0.0,1,0,0,46579,02290,kWh/m2
2012-12-15 04:00:00+00:00,0.0,0.0,0.0,1,0,0,46579,02290,kWh/m2
2012-12-15 05:00:00+00:00,0.0,0.0,0.0,1,0,0,46579,02290,kWh/m2
2012-12-15 06:00:00+00:00,0.0,0.0,0.0,1,0,0,46579,02290,kWh/m2
2012-12-15 07:00:00+00:00,0.0,0.0,0.0,1,0,0,46579,02290,kWh/m2
2012-12-15 08:00:00+00:00,0.005,0.005,0.005,1,0,0,46579,02290,kWh/m2
2012-12-15 09:00:00+00:00,0.034,0.034,0.034,1,0,0,46579,02290,kWh/m2
2012-12-15 10:00:00+00:00,0.085,0.085,0.085,1,0,0,46579,02290,kWh/m2
2012-12-15 11:00:00+00:00,0.078,0.078,0.078,1,0,0,46579,02290,kWh/m2
2012-12-15 12:00:00+00:00,0.087,0.087,0.087,1,0,0,46579,02290,kWh/m2
2012-12-15 13:00:00+00:00,0.124,0.124,0.124,1,0,0,46579,02290,kWh/m2
2012-12-15 14:00:00+00:00,0.146,0.146,0.146,1,0,0,46579,02290,kWh/m2
2012-12-15 15:00:00+00:00,0.057,0.057,0.057,1,0,0,46579,02290,kWh/m2
2012-12-15 16:00:00+00:00,0.006,0.006,0.006,1,0,0,46579,02290,kWh/m2
2012-12-15 17:00:00+00:00,0.0,0.0,0.0,1,0,0,46579,02290,kWh/m2
2012-12-15 18:00:00+00:00,0.0,0.0,0.0,1,0,0,46579,02290,kWh/m2
2012-12-15 19:00:00+00:00,0.0,0.0,0.0,1,0,0,46579,02290,kWh/m2
2012-12-15 20:00:00+00:00,0.0,0.0,0.0,1,0,0,46579,02290,kWh/m2
2012-12-15 21:00:00+00:00,0.0,0.0,0.0,1,0,0,46579,02290,kWh/m2
2012-12-15 22:00:00+00:00,0.0,0.0,0.0,1,0,0,46579,02290,kWh/m2
2012-12-15 23:00:00+00:00,0.0,0.0,0.0,1,0,0,46579,02290,kWh/m2
2012-12-16 00:00:00+00:00,0.0,0.0,0.0,1,0,0,46579,02290,kWh/m2
2012-12-16 01:00:00+00:00,0.0,0.0,0.0,1,0,0,46579,02290,kWh/m2
2012-12-16 02:00:00+00:00,0.0,0.0,0.0,1,0,0,46579,02290,kWh/m2
2012-12-16 03:00:00+00:00,0.0,0.0,0.0,1,0,0,46579,02290,kWh/m2
2012-12-16 04:00:00+00:00,0.0,0.0,0.0,1,0,0,46579,02290,kWh/m2
2012-12-16 05:00:00+00:00,0.0,0.0,0.0,1,0,0,46579,02290,kWh/m2
2012-12-16 06:00:00+00:00,0.0,0.0,0.0,1,0,0,46579,02290,kWh/m2
2012-12-16 07:00:00+00:00,0.0,0.0,0.0,1,0,0,46579,02290,kWh/m2
2012-12-16 08:00:00+00:00,0.004,0.004,0.004,1,0,0,46579,02290,kWh/m2
2012-12-16 09:00:00+00:00,0.082,0.082,0.082,1,0,0,46579,02290,kWh/m2
2012-12-16 10:00:00+00:00,0.094,0.094,0.094,1,0,0,46579,02290,kWh/m2
2012-12-16 11:00:00+00:00,0.149,0.149,0.149,1,0,0,46579,02290,kWh/m2
2012-12-16 12:00:00+00:00,0.091,0.091,0.091,1,0,0,46579,02290,kWh/m2
2012-12-16 13:00:00+00:00,0.117,0.117,0.117,1,0,0,46579,02290,kWh/m2
2012-12-16 14:00:00+00:00,0.089,0.089,0.089,1,0,0,46579,02290,kWh/m2
2012-12-16 15:00:00+00:00,0.046,0.046,0.046,1,0,0,46579,02290,kWh/m2
2012-12-16 16:00:00+00:00,0.01,0.01,0.01,1,0,0,46579,02290,kWh/m2
2012-12-16 17:00:00+00:00,0.0,0.0,0.0,1,0,0,46579,02290,kWh/m2
2012-12-16 18:00:00+00:00,0.0,0.0,0.0,1,0,0,46579,02290,kWh/m2
2012-12-16 19:00:00+00:00,0.0,0.0,0.0,1,0,0,46579,02290,kWh/m2
2012-12-16 20:00:00+00:00,0.0,0.0,0.0,1,0,0,46579,02290,kWh/m2
2012-12-16 21:00:00+00:00,0.0,0.0,0.0,1,0,0,46579,02290,kWh/m2
2012-12-16 22:00:00+00:00,0.0,0.0,0.0,1,0,0,46579,02290,kWh/m2
2012-12-16 23:00:00+00:00,0.0,0.0,0.0,1,0,0,46579,02290,kWh/m2
2012-12-17 00:00:00+00:00,0.0,0.0,0.0,1,0,0,46579,02290,kWh/m2
2012-12-17 01:00:00+00:00,0.0,0.0,0.0,1,0,0,46579,02290,kWh/m2
2012-12-17 02:00:00+00:00,0.0,0.0,0.0,1,0,0,46579,02290,kWh/m2
2012-12-17 03:00:00+00:00,0.0,0.0,0.0,1,0,0,46579,02290,kWh/m2
2012-12-17 04:00:00+00:00,0.0,0.0,0.0,1,0,0,46579,02290,kWh/m2
2012-12-17 05:00:00+00:00,0.0,0.0,0.0,1,0,0,46579,02290,kWh/m2
2012-12-17 06:00:00+00:00,0.0,0.0,0.0,1,0,0,46579,02290,kWh/m2
2012-12-17 07:00:00+00:00,0.0,0.0,0.0,1,0,0,46579,02290,kWh/m2
2012-12-17 08:00:00+00:00,0.018,0.018,0.018,1,0,0,46579,02290,kWh/m2
2012-12-17 09:00:00+00:00,0.044,0.044,0.044,1,0,0,46579,02290,kWh/m2
2012-12-17 10:00:00+00:00,0.05,0.05,0.05,1,0,0,46579,02290,kWh/m2
2012-12-17 11:00:00+00:00,0.241,0.241,0.241,1,0,0,46579,02290,kWh/m2
2012-12-17 12:00:00+00:00,0.306,0.306,0.306,1,0,0,46579,02290,kWh/m2
2012-12-17 13:00:00+00:00,0.212,0.212,0.212,1,0,0,46579,02290,kWh/m2
2012-12-17 14:00:00+00:00,0.08,0.08,0.08,1,0,0,46579,02290,kWh/m2
2012-12-17 15:00:00+00:00,0.056,0.056,0.056,1,0,0,46579,02290,kWh/m2
2012-12-17 16:00:00+00:00,0.01,0.01,0.01,1,0,0,46579,02290,kWh/m2
2012-12-17 17:00:00+00:00,0.0,0.0,0.0,1,0,0,46579,02290,kWh/m2
2012-12-17 18:00:00+00:00,0.0,0.0,0.0,1,0,0,46579,02290,kWh/m2
2012-12-17 19:00:00+00:00,0.0,0.0,0.0,1,0,0,46579,02290,kWh/m2
2012-12-17 20:00:00+00:00,0.0,0.0,0.0,1,0,0,46579,02290,kWh/m2
2012-12-17 21:00:00+00:00,0.0,0.0,0.0,1,0,0,46579,02290,kWh/m2
2012-12-17 22:00:00+00:00,0.0,0.0,0.0,1,0,0,46579,02290,kWh/m2
2012-12-17 23:00:00+00:00,0.0,0.0,0.0,1,0,0,46579,02290,kWh/m2
2012-12-18 00:00:00+00:00,0.0,0.0,0.0,1,0,0,46579,02290,kWh/m2
2012-12-18 01:00:00+00:00,0.0,0.0,0.0,1,0,0,46579,02290,kWh/m2
2012-12-18 02:00:00+00:00,0.0,0.0,0.0,1,0,0,46579,02290,kWh/m2
2012-12-18 03:00:00+00:00,0.0,0.0,0.0,1,0,0,46579,02290,kWh/m2
2012-12-18 04:00:00+00:00,0.0,0.0,0.0,1,0,0,46579,02290,kWh/m2
2012-12-18 05:00:00+00:00,0.0,0.0,0.0,1,0,0,46579,02290,kWh/m2
2012-12-18 06:00:00+00:00,0.0,0.0,0.0,1,0,0,46579,02290,kWh/m2
2012-12-18 07:00:00+00:00,0.0,0.0,0.0,1,0,0,46579,02290,kWh/m2
2012-12-18 08:00:00+00:00,0.005,0.005,0.005,1,0,0,46579,02290,kWh/m2
2012-12-18 09:00:00+00:00,0.029,0.029,0.029,1,0,0,46579,02290,kWh/m2
2012-12-18 10:00:00+00:00,0.078,0.078,0.078,1,0,0,46579,02290,kWh/m2
2012-12-18 11:00:00+00:00,0.108,0.108,0.108,1,0,0,46579,02290,kWh/m2
2012-12-18 12:00:00+00:00,0.07,0.07,0.07,1,0,0,46579,02290,kWh/m2
2012-12-18 13:00:00+00:00,0.066,0.066,0.066,1,0,0,46579,02290,kWh/m2
2012-12-18 14:00:00+00:00,0.067,0.067,0.067,1,0,0,46579,02290,kWh/m2
2012-12-18 15:00:00+00:00,0.043,0.043,0.043,1,0,0,46579,02290,kWh/m2
2012-12-18 16:00:00+00:00,0.003,0.003,0.003,1,0,0,46579,02290,kWh/m2
2012-12-18 17:00:00+00:00,0.0,0.0,0.0,1,0,0,46579,02290,kWh/m2
2012-12-18 18:00:00+00:00,0.0,0.0,0.0,1,0,0,46579,02290,kWh/m2
2012-12-18 19:00:00+00:00,0.0,0.0,0.0,1,0,0,46579,02290,kWh/m2
2012-12-18 20:00:00+00:00,0.0,0.0,0.0,1,0,0,46579,02290,kWh/m2
2012-12-18 21:00:00+00:00,0.0,0.0,0.0,1,0,0,46579,02290,kWh/m2
2012-12-18 22:00:00+00:00,0.0,0.0,0.0,1,0,0,46579,02290,kWh/m2
2012-12-18 23:00:00+00:00,0.0,0.0,0.0,1,0,0,46579,02290,kWh/m2
2012-12-19 00:00:00+00:00,0.0,0.0,0.0,1,0,0,46579,02290,kWh/m2
2012-12-19 01:00:00+00:00,0.0,0.0,0.0,1,0,0,46579,02290,kWh/m2
2012-12-19 02:00:00+00:00,0.0,0.0,0.0,1,0,0,46579,02290,kWh/m2
2012-12-19 03:00:00+00:00,0.0,0.0,0.0,1,0,0,46579,02290,kWh/m2
2012-12-19 04:00:00+00:00,0.0,0.0,0.0,1,0,0,46579,02290,kWh/m2
2012-12-19 05:00:00+00:00,0.0,0.0,0.0,1,0,0,46579,02290,kWh/m2
2012-12-19 06:00:00+00:00,0.0,0.0,0.0,1,0,0,46579,02290,kWh/m2
2012-12-19 07:00:00+00:00,0.0,0.0,0.0,1,0,0,46579,02290,kWh/m2
2012-12-19 08:00:00+00:00,0.009,0.009,0.009,1,0,0,46579,02290,kWh/m2
2012-12-19 09:00:00+00:00,0.038,0.038,0.038,1,0,0,46579,02290,kWh/m2
2012-12-19 10:00:00+00:00,0.086,0.086,0.086,1,0,0,46579,02290,kWh/m2
2012-12-19 11:00:00+00:00,0.131,0.131,0.131,1,0,0,46579,02290,kWh/m2
2012-12-19 12:00:00+00:00,0.143,0.143,0.143,1,0,0,46579,02290,kWh/m2
2012-12-19 13:00:00+00:00,0.132,0.132,0.132,1,0,0,46579,02290,kWh/m2
2012-12-19 14:00:00+00:00,0.1,0.1,0.1,1,0,0,46579,02290,kWh/m2
2012-12-19 15:00:00+00:00,0.029,0.029,0.029,1,0,0,46579,02290,kWh/m2
2012-12-19 16:00:00+00:00,0.006,0.006,0.006,1,0,0,46579,02290,kWh/m2
2012-12-19 17:00:00+00:00,0.0,0.0,0.0,1,0,0,46579,02290,kWh/m2
2012-12-19 18:00:00+00:00,0.0,0.0,0.0,1,0,0,46579,02290,kWh/m2
2012-12-19 19:00:00+00:00,0.0,0.0,0.0,1,0,0,46579,02290,kWh/m2
2012-12-19 20:00:00+00:00,0.0,0.0,0.0,1,0,0,46579,02290,kWh/m2
2012-12-19 21:00:00+00:00,0.0,0.0,0.0,1,0,0,46579,02290,kWh/m2
2012-12-19 22:00:00+00:00,0.0,0.0,0.0,1,0,0,46579,02290,kWh/m2
2012-12-19 23:00:00+00:00,0.0,0.0,0.0,1,0,0,46579,02290,kWh/m2
2012-12-20 00:00:00+00:00,0.0,0.0,0.0,1,0,0,46579,02290,kWh/m2
2012-12-20 01:00:00+00:00,0.0,0.0,0.0,1,0,0,46579,02290,kWh/m2
2012-12-20 02:00:00+00:00,0.0,0.0,0.0,1,0,0,46579,02290,kWh/m2
2012-12-20 03:00:00+00:00,0.0,0.0,0.0,1,0,0,46579,02290,kWh/m2
2012-12-20 04:00:00+00:00,0.0,0.0,0.0,1,0,0,46579,02290,kWh/m2
2012-12-20 05:00:00+00:00,0.0,0.0,0.0,1,0,0,46579,02290,kWh/m2
2012-12-20 06:00:00+00:00,0.0,0.0,0.0,1,0,0,46579,02290,kWh/m2
2012-12-20 07:00:00+00:00,0.001,0.001,0.001,1,0,0,46579,02290,kWh/m2
2012-12-20 08:00:00+00:00,0.041,0.041,0.041,1,0,0,46579,02290,kWh/m2
2012-12-20 09:00:00+00:00,0.152,0.152,0.152,1,0,0,46579,02290,kWh/m2
2012-12-20 10:00:00+00:00,0.172,0.172,0.172,1,0,0,46579,02290,kWh/m2
2012-12-20 11:00:00+00:00,0.245,0.245,0.245,1,0,0,46579,02290,kWh/m2
2012-12-20 12:00:00+00:00,0.252,0.252,0.252,1,0,0,46579,02290,kWh/m2
2012-12-20 13:00:00+00:00,0.249,0.249,0.249,1,0,0,46579,02290,kWh/m2
2012-12-20 14:00:00+00:00,0.143,0.143,0.143,1,0,0,46579,02290,kWh/m2
2012-12-20 15:00:00+00:00,0.045,0.045,0.045,1,0,0,46579,02290,kWh/m2
2012-12-20 16:00:00+00:00,0.009,0.009,0.009,1,0,0,46579,02290,kWh/m2
2012-12-20 17:00:00+00:00,0.0,0.0,0.0,1,0,0,46579,02290,kWh/m2
2012-12-20 18:00:00+00:00,0.0,0.0,0.0,1,0,0,46579,02290,kWh/m2
2012-12-20 19:00:00+00:00,0.0,0.0,0.0,1,0,0,46579,02290,kWh/m2
2012-12-20 20:00:00+00:00,0.0,0.0,0.0,1,0,0,46579,02290,kWh/m2
2012-12-20 21:00:00+00:00,0.0,0.0,0.0,1,0,0,46579,02290,kWh/m2
2012-12-20 22:00:00+00:00,0.0,0.0,0.0,1,0,0,46579,02290,kWh/m2
2012-12-20 23:00:00+00:00,0.0,0.0,0.0,1,0,0,46579,02290,kWh/m2
2012-12-21 00:00:00+00:00,0.0,0.0,0.0,1,0,0,46579,02290,kWh/m2
2012-12-21 01:00:00+00:00,0.0,0.0,0.0,1,0,0,46579,02290,kWh/m2
2012-12-21 02:00:00+00:00,0.0,0.0,0.0,1,0,0,46579,02290,kWh/m2
2012-12-21 03:00:00+00:00,0.0,0.0,0.0,1,0,0,46579,02290,kWh/m2
2012-12-21 04:00:00+00:00,0.0,0.0,0.0,1,0,0,46579,02290,kWh/m2
2012-12-21 05:00:00+00:00,0.0,0.0,0.0,1,0,0,46579,02290,kWh/m2
2012-12-21 06:00:00+00:00,0.0,0.0,0.0,1,0,0,46579,02290,kWh/m2
2012-12-21 07:00:00+00:00,0.0,0.0,0.0,1,0,0,46579,02290,kWh/m2
2012-12-21 08:00:00+00:00,0.004,0.004,0.004,1,0,0,46579,02290,kWh/m2
2012-12-21 09:00:00+00:00,0.046,0.046,0.046,1,0,0,46579,02290,kWh/m2
2012-12-21 10:00:00+00:00,0.096,0.096,0.096,1,0,0,46579,02290,kWh/m2
2012-12-21 11:00:00+00:00,0.12,0.12,0.12,1,0,0,46579,02290,kWh/m2
2012-12-21 12:00:00+00:00,0.09,0.09,0.09,1,0,0,46579,02290,kWh/m2
2012-12-21 13:00:00+00:00,0.133,0.133,0.133,1,0,0,46579,02290,kWh/m2
2012-12-21 14:00:00+00:00,0.076,0.076,0.076,1,0,0,46579,02290,kWh/m2
2012-12-21 15:00:00+00:00,0.054,0.054,0.054,1,0,0,46579,02290,kWh/m2
2012-12-21 16:00:00+00:00,0.009,0.009,0.009,1,0,0,46579,02290,kWh/m2
2012-12-21 17:00:00+00:00,0.0,0.0,0.0,1,0,0,46579,02290,kWh/m2
2012-12-21 18:00:00+00:00,0.0,0.0,0.0,1,0,0,46579,02290,kWh/m2
2012-12-21 19:00:00+00:00,0.0,0.0,0.0,1,0,0,46579,02290,kWh/m2
2012-12-21 20:00:00+00:00,0.0,0.0,0.0,1,0,0,46579,02290,kWh/m2
2012-12-21 21:00:00+00:00,0.0,0.0,0.0,1,0,0,46579,02290,kWh/m2
2012-12-21 22:00:00+00:00,0.0,0.0,0.0,1,0,0,46579,02290,kWh/m2
2012-12-21 23:00:00+00:00,0.0,0.0,0.0,1,0,0,46579,02290,kWh/m2
2012-12-22 00:00:00+00:00,0.0,0.0,0.0,1,0,0,46579,02290,kWh/m2
2012-12-22 01:00:00+00:00,0.0,0.0,0.0,1,0,0,46579,02290,kWh/m2
2012-12-22 02:00:00+00:00,0.0,0.0,0.0,1,0,0,46579,02290,kWh/m2
2012-12-22 03:00:00+00:00,0.0,0.0,0.0,1,0,0,46579,02290,kWh/m2
2012-12-22 04:00:00+00:00,0.0,0.0,0.0,1,0,0,46579,02290,kWh/m2
2012-12-22 05:00:00+00:00,0.0,0.0,0.0,1,0,0,46579,02290,kWh/m2
2012-12-22 06:00:00+00:00,0.0,0.0,0.0,1,0,0,46579,02290,kWh/m2
2012-12-22 07:00:00+00:00,0.0,0.0,0.0,1,0,0,46579,02290,kWh/m2
2012-12-22 08:00:00+00:00,0.01,0.01,0.01,1,0,0,46579,02290,kWh/m2
2012-12-22 09:00:00+00:00,0.103,0.103,0.103,1,0,0,46579,02290,kWh/m2
2012-12-22 10:00:00+00:00,0.223,0.223,0.223,1,0,0,46579,02290,kWh/m2
2012-12-22 11:00:00+00:00,0.238,0.238,0.238,1,0,0,46579,02290,kWh/m2
2012-12-22 12:00:00+00:00,0.226,0.226,0.226,1,0,0,46579,02290,kWh/m2
2012-12-22 13:00:00+00:00,0.189,0.189,0.189,1,0,0,46579,02290,kWh/m2
2012-12-22 14:00:00+00:00,0.129,0.129,0.129,1,0,0,46579,02290,kWh/m2
2012-12-22 15:00:00+00:00,0.056,0.056,0.056,1,0,0,46579,02290,kWh/m2
2012-12-22 16:00:00+00:00,0.005,0.005,0.005,1,0,0,46579,02290,kWh/m2
2012-12-22 17:00:00+00:00,0.0,0.0,0.0,1,0,0,46579,02290,kWh/m2
2012-12-22 18:00:00+00:00,0.0,0.0,0.0,1,0,0,46579,02290,kWh/m2
2012-12-22 19:00:00+00:00,0.0,0.0,0.0,1,0,0,46579,02290,kWh/m2
2012-12-22 20:00:00+00:00,0.0,0.0,0.0,1,0,0,46579,02290,kWh/m2
2012-12-22 21:00:00+00:00,0.0,0.0,0.0,1,0,0,46579,02290,kWh/m2
2012-12-22 22:00:00+00:00,0.0,0.0,0.0,1,0,0,46579,02290,kWh/m2
2012-12-22 23:00:00+00:00,0.0,0.0,0.0,1,0,0,46579,02290,kWh/m2
2012-12-23 00:00:00+00:00,0.0,0.0,0.0,1,0,0,46579,02290,kWh/m2
2012-12-23 01:00:00+00:00,0.0,0.0,0.0,1,0,0,46579,02290,kWh/m2
2012-12-23 02:00:00+00:00,0.0,0.0,0.0,1,0,0,46579,02290,kWh/m2
2012-12-23 03:00:00+00:00,0.0,0.0,0.0,1,0,0,46579,02290,kWh/m2
2012-12-23 04:00:00+00:00,0.0,0.0,0.0,1,0,0,46579,02290,kWh/m2
2012-12-23 05:00:00+00:00,0.0,0.0,0.0,1,0,0,46579,02290,kWh/m2
2012-12-23 06:00:00+00:00,0.0,0.0,0.0,1,0,0,46579,02290,kWh/m2
2012-12-23 07:00:00+00:00,0.0,0.0,0.0,1,0,0,46579,02290,kWh/m2
2012-12-23 08:00:00+00:00,0.005,0.005,0.005,1,0,0,46579,02290,kWh/m2
2012-12-23 09:00:00+00:00,0.03,0.03,0.03,1,0,0,46579,02290,kWh/m2
2012-12-23 10:00:00+00:00,0.087,0.087,0.087,1,0,0,46579,02290,kWh/m2
2012-12-23 11:00:00+00:00,0.119,0.119,0.119,1,0,0,46579,02290,kWh/m2
2012-12-23 12:00:00+00:00,0.098,0.098,0.098,1,0,0,46579,02290,kWh/m2
2012-12-23 13:00:00+00:00,0.107,0.107,0.107,1,0,0,46579,02290,kWh/m2
2012-12-23 14:00:00+00:00,0.077,0.077,0.077,1,0,0,46579,02290,kWh/m2
2012-12-23 15:00:00+00:00,0.034,0.034,0.034,1,0,0,46579,02290,kWh/m2
2012-12-23 16:00:00+00:00,0.006,0.006,0.006,1,0,0,46579,02290,kWh/m2
2012-12-23 17:00:00+00:00,0.0,0.0,0.0,1,0,0,46579,02290,kWh/m2
2012-12-23 18:00:00+00:00,0.0,0.0,0.0,1,0,0,46579,02290,kWh/m2
2012-12-23 19:00:00+00:00,0.0,0.0,0.0,1,0,0,46579,02290,kWh/m2
2012-12-23 20:00:00+00:00,0.0,0.0,0.0,1,0,0,46579,02290,kWh/m2
2012-12-23 21:00:00+00:00,0.0,0.0,0.0,1,0,0,46579,02290,kWh/m2
2012-12-23 22:00:00+00:00,0.0,0.0,0.0,1,0,0,46579,02290,kWh/m2
2012-12-23 23:00:00+00:00,0.0,0.0,0.0,1,0,0,46579,02290,kWh/m2
2012-12-24 00:00:00+00:00,0.0,0.0,0.0,1,0,0,46579,02290,kWh/m2
2012-12-24 01:00:00+00:00,0.0,0.0,0.0,1,0,0,46579,02290,kWh/m2
2012-12-24 02:00:00+00:00,0.0,0.0,0.0,1,0,0,46579,02290,kWh/m2
2012-12-24 03:00:00+00:00,0.0,0.0,0.0,1,0,0,46579,02290,kWh/m2
2012-12-24 04:00:00+00:00,0.0,0.0,0.0,1,0,0,46579,02290,kWh/m2
2012-12-24 05:00:00+00:00,0.0,0.0,0.0,1,0,0,46579,02290,kWh/m2
2012-12-24 06:00:00+00:00,0.0,0.0,0.0,1,0,0,46579,02290,kWh/m2
2012-12-24 07:00:00+00:00,0.0,0.0,0.0,1,0,0,46579,02290,kWh/m2
2012-12-24 08:00:00+00:00,0.022,0.022,0.022,1,0,0,46579,02290,kWh/m2
2012-12-24 09:00:00+00:00,0.12,0.12,0.12,1,0,0,46579,02290,kWh/m2
2012-12-24 10:00:00+00:00,0.228,0.228,0.228,1,0,0,46579,02290,kWh/m2
2012-12-24 11:00:00+00:00,0.288,0.288,0.288,1,0,0,46579,02290,kWh/m2
2012-12-24 12:00:00+00:00,0.312,0.312,0.312,1,0,0,46579,02290,kWh/m2
2012-12-24 13:00:00+00:00,0.253,0.253,0.253,1,0,0,46579,02290,kWh/m2
2012-12-24 14:00:00+00:00,0.163,0.163,0.163,1,0,0,46579,02290,kWh/m2
2012-12-24 15:00:00+00:00,0.06,0.06,0.06,1,0,0,46579,02290,kWh/m2
2012-12-24 16:00:00+00:00,0.011,0.011,0.011,1,0,0,46579,02290,kWh/m2
2012-12-24 17:00:00+00:00,0.0,0.0,0.0,1,0,0,46579,02290,kWh/m2
2012-12-24 18:00:00+00:00,0.0,0.0,0.0,1,0,0,46579,02290,kWh/m2
2012-12-24 19:00:00+00:00,0.0,0.0,0.0,1,0,0,46579,02290,kWh/m2
2012-12-24 20:00:00+00:00,0.0,0.0,0.0,1,0,0,46579,02290,kWh/m2
2012-12-24 21:00:00+00:00,0.0,0.0,0.0,1,0,0,46579,02290,kWh/m2
2012-12-24 22:00:00+00:00,0.0,0.0,0.0,1,0,0,46579,02290,kWh/m2
2012-12-24 23:00:00+00:00,0.0,0.0,0.0,1,0,0,46579,02290,kWh/m2
2012-12-25 00:00:00+00:00,0.0,0.0,0.0,1,0,0,46579,02290,kWh/m2
2012-12-25 01:00:00+00:00,0.0,0.0,0.0,1,0,0,46579,02290,kWh/m2
2012-12-25 02:00:00+00:00,0.0,0.0,0.0,1,0,0,46579,02290,kWh/m2
2012-12-25 03:00:00+00:00,0.0,0.0,0.0,1,0,0,46579,02290,kWh/m2
2012-12-25 04:00:00+00:00,0.0,0.0,0.0,1,0,0,46579,02290,kWh/m2
2012-12-25 05:00:00+00:00,0.0,0.0,0.0,1,0,0,46579,02290,kWh/m2
2012-12-25 06:00:00+00:00,0.0,0.0,0.0,1,0,0,46579,02290,kWh/m2
2012-12-25 07:00:00+00:00,0.0,0.0,0.0,1,0,0,46579,02290,kWh/m2
2012-12-25 08:00:00+00:00,0.014,0.014,0.014,1,0,0,46579,02290,kWh/m2
2012-12-25 09:00:00+00:00,0.085,0.085,0.085,1,0,0,46579,02290,kWh/m2
2012-12-25 10:00:00+00:00,0.159,0.159,0.159,1,0,0,46579,02290,kWh/m2
2012-12-25 11:00:00+00:00,0.221,0.221,0.221,1,0,0,46579,02290,kWh/m2
2012-12-25 12:00:00+00:00,0.269,0.269,0.269,1,0,0,46579,02290,kWh/m2
2012-12-25 13:00:00+00:00,0.271,0.271,0.271,1,0,0,46579,02290,kWh/m2
2012-12-25 14:00:00+00:00,0.219,0.219,0.219,1,0,0,46579,02290,kWh/m2
2012-12-25 15:00:00+00:00,0.094,0.094,0.094,1,0,0,46579,02290,kWh/m2
2012-12-25 16:00:00+00:00,0.011,0.011,0.011,1,0,0,46579,02290,kWh/m2
2012-12-25 17:00:00+00:00,0.0,0.0,0.0,1,0,0,46579,02290,kWh/m2
2012-12-25 18:00:00+00:00,0.0,0.0,0.0,1,0,0,46579,02290,kWh/m2
2012-12-25 19:00:00+00:00,0.0,0.0,0.0,1,0,0,46579,02290,kWh/m2
2012-12-25 20:00:00+00:00,0.0,0.0,0.0,1,0,0,46579,02290,kWh/m2
2012-12-25 21:00:00+00:00,0.0,0.0,0.0,1,0,0,46579,02290,kWh/m2
2012-12-25 22:00:00+00:00,0.0,0.0,0.0,1,0,0,46579,02290,kWh/m2
2012-12-25 23:00:00+00:00,0.0,0.0,0.0,1,0,0,46579,02290,kWh/m2
2012-12-26 00:00:00+00:00,0.0,0.0,0.0,1,0,0,46579,02290,kWh/m2
2012-12-26 01:00:00+00:00,0.0,0.0,0.0,1,0,0,46579,02290,kWh/m2
2012-12-26 02:00:00+00:00,0.0,0.0,0.0,1,0,0,46579,02290,kWh/m2
2012-12-26 03:00:00+00:00,0.0,0.0,0.0,1,0,0,46579,02290,kWh/m2
2012-12-26 04:00:00+00:00,0.0,0.0,0.0,1,0,0,46579,02290,kWh/m2
2012-12-26 05:00:00+00:00,0.0,0.0,0.0,1,0,0,46579,02290,kWh/m2
2012-12-26 06:00:00+00:00,0.0,0.0,0.0,1,0,0,46579,02290,kWh/m2
2012-12-26 07:00:00+00:00,0.0,0.0,0.0,1,0,0,46579,02290,kWh/m2
2012-12-26 08:00:00+00:00,0.007,0.007,0.007,1,0,0,46579,02290,kWh/m2
2012-12-26 09:00:00+00:00,0.037,0.037,0.037,1,0,0,46579,02290,kWh/m2
2012-12-26 10:00:00+00:00,0.055,0.055,0.055,1,0,0,46579,02290,kWh/m2
2012-12-26 11:00:00+00:00,0.13,0.13,0.13,1,0,0,46579,02290,kWh/m2
2012-12-26 12:00:00+00:00,0.27,0.27,0.27,1,0,0,46579,02290,kWh/m2
2012-12-26 13:00:00+00:00,0.156,0.156,0.156,1,0,0,46579,02290,kWh/m2
2012-12-26 14:00:00+00:00,0.211,0.211,0.211,1,0,0,46579,02290,kWh/m2
2012-12-26 15:00:00+00:00,0.127,0.127,0.127,1,0,0,46579,02290,kWh/m2
2012-12-26 16:00:00+00:00,0.014,0.014,0.014,1,0,0,46579,02290,kWh/m2
2012-12-26 17:00:00+00:00,0.0,0.0,0.0,1,0,0,46579,02290,kWh/m2
2012-12-26 18:00:00+00:00,0.0,0.0,0.0,1,0,0,46579,02290,kWh/m2
2012-12-26 19:00:00+00:00,0.0,0.0,0.0,1,0,0,46579,02290,kWh/m2
2012-12-26 20:00:00+00:00,0.0,0.0,0.0,1,0,0,46579,02290,kWh/m2
2012-12-26 21:00:00+00:00,0.0,0.0,0.0,1,0,0,46579,02290,kWh/m2
2012-12-26 22:00:00+00:00,0.0,0.0,0.0,1,0,0,46579,02290,kWh/m2
2012-12-26 23:00:00+00:00,0.0,0.0,0.0,1,0,0,46579,02290,kWh/m2
2012-12-27 00:00:00+00:00,0.0,0.0,0.0,1,0,0,46579,02290,kWh/m2
2012-12-27 01:00:00+00:00,0.0,0.0,0.0,1,0,0,46579,02290,kWh/m2
2012-12-27 02:00:00+00:00,0.0,0.0,0.0,1,0,0,46579,02290,kWh/m2
2012-12-27 03:00:00+00:00,0.0,0.0,0.0,1,0,0,46579,02290,kWh/m2
2012-12-27 04:00:00+00:00,0.0,0.0,0.0,1,0,0,46579,02290,kWh/m2
2012-12-27 05:00:00+00:00,0.0,0.0,0.0,1,0,0,46579,02290,kWh/m2
2012-12-27 06:00:00+00:00,0.0,0.0,0.0,1,0,0,46579,02290,kWh/m2
2012-12-27 07:00:00+00:00,0.0,0.0,0.0,1,0,0,46579,02290,kWh/m2
2012-12-27 08:00:00+00:00,0.006,0.006,0.006,1,0,0,46579,02290,kWh/m2
2012-12-27 09:00:00+00:00,0.064,0.064,0.064,1,0,0,46579,02290,kWh/m2
2012-12-27 10:00:00+00:00,0.044,0.044,0.044,1,0,0,46579,02290,kWh/m2
2012-12-27 11:00:00+00:00,0.062,0.062,0.062,1,0,0,46579,02290,kWh/m2
2012-12-27 12:00:00+00:00,0.122,0.122,0.122,1,0,0,46579,02290,kWh/m2
2012-12-27 13:00:00+00:00,0.181,0.181,0.181,1,0,0,46579,02290,kWh/m2
2012-12-27 14:00:00+00:00,0.024,0.024,0.024,1,0,0,46579,02290,kWh/m2
2012-12-27 15:00:00+00:00,0.048,0.048,0.048,1,0,0,46579,02290,kWh/m2
2012-12-27 16:00:00+00:00,0.007,0.007,0.007,1,0,0,46579,02290,kWh/m2
2012-12-27 17:00:00+00:00,0.0,0.0,0.0,1,0,0,46579,02290,kWh/m2
2012-12-27 18:00:00+00:00,0.0,0.0,0.0,1,0,0,46579,02290,kWh/m2
2012-12-27 19:00:00+00:00,0.0,0.0,0.0,1,0,0,46579,02290,kWh/m2
2012-12-27 20:00:00+00:00,0.0,0.0,0.0,1,0,0,46579,02290,kWh/m2
2012-12-27 21:00:00+00:00,0.0,0.0,0.0,1,0,0,46579,02290,kWh/m2
2012-12-27 22:00:00+00:00,0.0,0.0,0.0,1,0,0,46579,02290,kWh/m2
2012-12-27 23:00:00+00:00,0.0,0.0,0.0,1,0,0,46579,02290,kWh/m2
2012-12-28 00:00:00+00:00,0.0,0.0,0.0,1,0,0,46579,02290,kWh/m2
2012-12-28 01:00:00+00:00,0.0,0.0,0.0,1,0,0,46579,02290,kWh/m2
2012-12-28 02:00:00+00:00,0.0,0.0,0.0,1,0,0,46579,02290,kWh/m2
2012-12-28 03:00:00+00:00,0.0,0.0,0.0,1,0,0,46579,02290,kWh/m2
2012-12-28 04:00:00+00:00,0.0,0.0,0.0,1,0,0,46579,02290,kWh/m2
2012-12-28 05:00:00+00:00,0.0,0.0,0.0,1,0,0,46579,02290,kWh/m2
2012-12-28 06:00:00+00:00,0.0,0.0,0.0,1,0,0,46579,02290,kWh/m2
2012-12-28 07:00:00+00:00,0.0,0.0,0.0,1,0,0,46579,02290,kWh/m2
2012-12-28 08:00:00+00:00,0.003,0.003,0.003,1,0,0,46579,02290,kWh/m2
2012-12-28 09:00:00+00:00,0.013,0.013,0.013,1,0,0,46579,02290,kWh/m2
2012-12-28 10:00:00+00:00,0.029,0.029,0.029,1,0,0,46579,02290,kWh/m2
2012-12-28 11:00:00+00:00,0.044,0.044,0.044,1,0,0,46579,02290,kWh/m2
2012-12-28 12:00:00+00:00,0.133,0.133,0.133,1,0,0,46579,02290,kWh/m2
2012-12-28 13:00:00+00:00,0.138,0.138,0.138,1,0,0,46579,02290,kWh/m2
2012-12-28 14:00:00+00:00,0.063,0.063,0.063,1,0,0,46579,02290,kWh/m2
2012-12-28 15:00:00+00:00,0.03,0.03,0.03,1,0,0,46579,02290,kWh/m2
2012-12-28 16:00:00+00:00,0.015,0.015,0.015,1,0,0,46579,02290,kWh/m2
2012-12-28 17:00:00+00:00,0.0,0.0,0.0,1,0,0,46579,02290,kWh/m2
2012-12-28 18:00:00+00:00,0.0,0.0,0.0,1,0,0,46579,02290,kWh/m2
2012-12-28 19:00:00+00:00,0.0,0.0,0.0,1,0,0,46579,02290,kWh/m2
2012-12-28 20:00:00+00:00,0.0,0.0,0.0,1,0,0,46579,02290,kWh/m2
2012-12-28 21:00:00+00:00,0.0,0.0,0.0,1,0,0,46579,02290,kWh/m2
2012-12-28 22:00:00+00:00,0.0,0.0,0.0,1,0,0,46579,02290,kWh/m2
2012-12-28 23:00:00+00:00,0.0,0.0,0.0,1,0,0,46579,02290,kWh/m2
2012-12-29 00:00:00+00:00,0.0,0.0,0.0,1,0,0,46579,02290,kWh/m2
2012-12-29 01:00:00+00:00,0.0,0.0,0.0,1,0,0,46579,02290,kWh/m2
2012-12-29 02:00:00+00:00,0.0,0.0,0.0,1,0,0,46579,02290,kWh/m2
2012-12-29 03:00:00+00:00,0.0,0.0,0.0,1,0,0,46579,02290,kWh/m2
2012-12-29 04:00:00+00:00,0.0,0.0,0.0,1,0,0,46579,02290,kWh/m2
2012-12-29 05:00:00+00:00,0.0,0.0,0.0,1,0,0,46579,02290,kWh/m2
2012-12-29 06:00:00+00:00,0.0,0.0,0.0,1,0,0,46579,02290,kWh/m2
2012-12-29 07:00:00+00:00,0.0,0.0,0.0,1,0,0,46579,02290,kWh/m2
2012-12-29 08:00:00+00:00,0.016,0.016,0.016,1,0,0,46579,02290,kWh/m2
2012-12-29 09:00:00+00:00,0.087,0.087,0.087,1,0,0,46579,02290,kWh/m2
2012-12-29 10:00:00+00:00,0.195,0.195,0.195,1,0,0,46579,02290,kWh/m2
2012-12-29 11:00:00+00:00,0.258,0.258,0.258,1,0,0,46579,02290,kWh/m2
2012-12-29 12:00:00+00:00,0.341,0.341,0.341,1,0,0,46579,02290,kWh/m2
2012-12-29 13:00:00+00:00,0.243,0.243,0.243,1,0,0,46579,02290,kWh/m2
2012-12-29 14:00:00+00:00,0.178,0.178,0.178,1,0,0,46579,02290,kWh/m2
2012-12-29 15:00:00+00:00,0.068,0.068,0.068,1,0,0,46579,02290,kWh/m2
2012-12-29 16:00:00+00:00,0.021,0.021,0.021,1,0,0,46579,02290,kWh/m2
2012-12-29 17:00:00+00:00,0.0,0.0,0.0,1,0,0,46579,02290,kWh/m2
2012-12-29 18:00:00+00:00,0.0,0.0,0.0,1,0,0,46579,02290,kWh/m2
2012-12-29 19:00:00+00:00,0.0,0.0,0.0,1,0,0,46579,02290,kWh/m2
2012-12-29 20:00:00+00:00,0.0,0.0,0.0,1,0,0,46579,02290,kWh/m2
2012-12-29 21:00:00+00:00,0.0,0.0,0.0,1,0,0,46579,02290,kWh/m2
2012-12-29 22:00:00+00:00,0.0,0.0,0.0,1,0,0,46579,02290,kWh/m2
2012-12-29 23:00:00+00:00,0.0,0.0,0.0,1,0,0,46579,02290,kWh/m2
2012-12-30 00:00:00+00:00,0.0,0.0,0.0,1,0,0,46579,02290,kWh/m2
2012-12-30 01:00:00+00:00,0.0,0.0,0.0,1,0,0,46579,02290,kWh/m2
2012-12-30 02:00:00+00:00,0.0,0.0,0.0,1,0,0,46579,02290,kWh/m2
2012-12-30 03:00:00+00:00,0.0,0.0,0.0,1,0,0,46579,02290,kWh/m2
2012-12-30 04:00:00+00:00,0.0,0.0,0.0,1,0,0,46579,02290,kWh/m2
2012-12-30 05:00:00+00:00,0.0,0.0,0.0,1,0,0,46579,02290,kWh/m2
2012-12-30 06:00:00+00:00,0.0,0.0,0.0,1,0,0,46579,02290,kWh/m2
2012-12-30 07:00:00+00:00,0.0,0.0,0.0,1,0,0,46579,02290,kWh/m2
2012-12-30 08:00:00+00:00,0.006,0.006,0.006,1,0,0,46579,02290,kWh/m2
2012-12-30 09:00:00+00:00,0.04,0.04,0.04,1,0,0,46579,02290,kWh/m2
2012-12-30 10:00:00+00:00,0.125,0.125,0.125,1,0,0,46579,02290,kWh/m2
2012-12-30 11:00:00+00:00,0.322,0.322,0.322,1,0,0,46579,02290,kWh/m2
2012-12-30 12:00:00+00:00,0.336,0.336,0.336,1,0,0,46579,02290,kWh/m2
2012-12-30 13:00:00+00:00,0.315,0.315,0.315,1,0,0,46579,02290,kWh/m2
2012-12-30 14:00:00+00:00,0.105,0.105,0.105,1,0,0,46579,02290,kWh/m2
2012-12-30 15:00:00+00:00,0.058,0.058,0.058,1,0,0,46579,02290,kWh/m2
2012-12-30 16:00:00+00:00,0.012,0.012,0.012,1,0,0,46579,02290,kWh/m2
2012-12-30 17:00:00+00:00,0.0,0.0,0.0,1,0,0,46579,02290,kWh/m2
2012-12-30 18:00:00+00:00,0.0,0.0,0.0,1,0,0,46579,02290,kWh/m2
2012-12-30 19:00:00+00:00,0.0,0.0,0.0,1,0,0,46579,02290,kWh/m2
2012-12-30 20:00:00+00:00,0.0,0.0,0.0,1,0,0,46579,02290,kWh/m2
2012-12-30 21:00:00+00:00,0.0,0.0,0.0,1,0,0,46579,02290,kWh/m2
2012-12-30 22:00:00+00:00,0.0,0.0,0.0,1,0,0,46579,02290,kWh/m2
2012-12-30 23:00:00+00:00,0.0,0.0,0.0,1,0,0,46579,02290,kWh/m2
2012-12-31 00:00:00+00:00,0.0,0.0,0.0,1,0,0,46579,02290,kWh/m2
2012-12-31 01:00:00+00:00,0.0,0.0,0.0,1,0,0,46579,02290,kWh/m2
2012-12-31 02:00:00+00:00,0.0,0.0,0.0,1,0,0,46579,02290,kWh/m2
2012-12-31 03:00:00+00:00,0.0,0.0,0.0,1,0,0,46579,02290,kWh/m2
2012-12-31 04:00:00+00:00,0.0,0.0,0.0,1,0,0,46579,02290,kWh/m2
2012-12-31 05:00:00+00:00,0.0,0.0,0.0,1,0,0,46579,02290,kWh/m2
2012-12-31 06:00:00+00:00,0.0,0.0,0.0,1,0,0,46579,02290,kWh/m2
2012-12-31 07:00:00+00:00,0.0,0.0,0.0,1,0,0,46579,02290,kWh/m2
2012-12-31 08:00:00+00:00,0.028,0.028,0.028,1,0,0,46579,02290,kWh/m2
2012-12-31 09:00:00+00:00,0.089,0.089,0.089,1,0,0,46579,02290,kWh/m2
2012-12-31 10:00:00+00:00,0.123,0.123,0.123,1,0,0,46579,02290,kWh/m2
2012-12-31 11:00:00+00:00,0.246,0.246,0.246,1,0,0,46579,02290,kWh/m2
2012-12-31 12:00:00+00:00,0.328,0.328,0.328,1,0,0,46579,02290,kWh/m2
2012-12-31 13:00:00+00:00,0.274,0.274,0.274,1,0,0,46579,02290,kWh/m2
2012-12-31 14:00:00+00:00,0.247,0.247,0.247,1,0,0,46579,02290,kWh/m2
2012-12-31 15:00:00+00:00,0.105,0.105,0.105,1,0,0,46579,02290,kWh/m2
2012-12-31 16:00:00+00:00,0.014,0.014,0.014,1,0,0,46579,02290,kWh/m2
2012-12-31 17:00:00+00:00,0.0,0.0,0.0,1,0,0,46579,02290,kWh/m2
2012-12-31 18:00:00+00:00,0.0,0.0,0.0,1,0,0,46579,02290,kWh/m2
2012-12-31 19:00:00+00:00,0.0,0.0,0.0,1,0,0,46579,02290,kWh/m2
2012-12-31 20:00:00+00:00,0.0,0.0,0.0,1,0,0,46579,02290,kWh/m2
2012-12-31 21:00:00+00:00,0.0,0.0,0.0,1,0,0,46579,02290,kWh/m2
2012-12-31 22:00:00+00:00,0.0,0.0,0.0,1,0,0,46579,02290,kWh/m2
2012-12-31 23:00:00+00:00,0.0,0.0,0.0,1,0,0,46579,02290,kWh/m2
